[17Sept2026 09:32:18.596] [main/INFO] [cpw.mods.modlauncher.Launcher/MODLAUNCHER]: ModLauncher running: args [--launchTarget, forge_userdev_client, --version, MOD_DEV, --assetIndex, 17, --assetsDir, /home/epxzzy/.gradle/caches/forge_gradle/assets, --gameDir, ., --mixin.config, epxzzysabers.mixins.json, --mixin.config, epxzzysabers.forge.mixins.json]
[17Sept2026 09:32:18.604] [main/INFO] [cpw.mods.modlauncher.Launcher/MODLAUNCHER]: JVM identified as Eclipse Adoptium OpenJDK 64-Bit Server VM 21.0.8+9-LTS
[17Sept2026 09:32:18.606] [main/INFO] [cpw.mods.modlauncher.Launcher/MODLAUNCHER]: ModLauncher 10.2.2 starting: java version 21.0.8 by Eclipse Adoptium; OS Linux arch amd64 version 7.2.4-arch1-2
[17Sept2026 09:32:18.643] [main/DEBUG] [cpw.mods.modlauncher.LaunchServiceHandler/MODLAUNCHER]: Found launch services [forge_userdev_client,forge_dev_data,minecraft,forge_userdev_server_gametest,forge_dev_client,forge_userdev_data,forge_dev_server_gametest,testharness,forge_userdev_server,forge_client,forge_dev_server,forge_server]
[17Sept2026 09:32:18.652] [main/DEBUG] [cpw.mods.modlauncher.NameMappingServiceHandler/MODLAUNCHER]: Found naming services : [srgtomcp]
[17Sept2026 09:32:18.669] [main/DEBUG] [cpw.mods.modlauncher.LaunchPluginHandler/MODLAUNCHER]: Found launch plugins: [mixin,eventbus,slf4jfixer,object_holder_definalize,runtime_enum_extender,capability_token_subclass,accesstransformer,runtimedistcleaner]
[17Sept2026 09:32:18.680] [main/DEBUG] [cpw.mods.modlauncher.TransformationServicesHandler/MODLAUNCHER]: Discovering transformation services
[17Sept2026 09:32:18.683] [main/DEBUG] [net.minecraftforge.fml.loading.FMLPaths/CORE]: Path GAMEDIR is /run/media/epxzzy/shared/stuff/repos/mcmods/epxzzysabers/forge/runs/client
[17Sept2026 09:32:18.684] [main/DEBUG] [net.minecraftforge.fml.loading.FMLPaths/CORE]: Path MODSDIR is /run/media/epxzzy/shared/stuff/repos/mcmods/epxzzysabers/forge/runs/client/mods
[17Sept2026 09:32:18.684] [main/DEBUG] [net.minecraftforge.fml.loading.FMLPaths/CORE]: Path CONFIGDIR is /run/media/epxzzy/shared/stuff/repos/mcmods/epxzzysabers/forge/runs/client/config
[17Sept2026 09:32:18.684] [main/DEBUG] [net.minecraftforge.fml.loading.FMLPaths/CORE]: Path FMLCONFIG is /run/media/epxzzy/shared/stuff/repos/mcmods/epxzzysabers/forge/runs/client/config/fml.toml
[17Sept2026 09:32:18.743] [main/INFO] [net.minecraftforge.fml.loading.ImmediateWindowHandler/]: Loading ImmediateWindowProvider fmlearlywindow
[17Sept2026 09:32:18.899] [main/INFO] [EARLYDISPLAY/]: Trying GL version 4.6
[17Sept2026 09:32:18.978] [main/INFO] [EARLYDISPLAY/]: Requested GL version 4.6 got version 4.6
[17Sept2026 09:32:19.000] [main/DEBUG] [cpw.mods.modlauncher.TransformationServicesHandler/MODLAUNCHER]: Found transformer service: fml: /
[17Sept2026 09:32:19.003] [main/DEBUG] [cpw.mods.modlauncher.TransformationServicesHandler/MODLAUNCHER]: Found transformer service: mixin: /
[17Sept2026 09:32:19.003] [main/DEBUG] [cpw.mods.modlauncher.TransformationServicesHandler/MODLAUNCHER]: Transformation services loading
[17Sept2026 09:32:19.004] [main/DEBUG] [cpw.mods.modlauncher.TransformationServiceDecorator/MODLAUNCHER]: Loading service mixin
[17Sept2026 09:32:19.006] [main/DEBUG] [cpw.mods.modlauncher.TransformationServiceDecorator/MODLAUNCHER]: Loaded service mixin
[17Sept2026 09:32:19.006] [main/DEBUG] [cpw.mods.modlauncher.TransformationServiceDecorator/MODLAUNCHER]: Loading service fml
[17Sept2026 09:32:19.022] [main/DEBUG] [net.minecraftforge.fml.loading.FMLLoader/CORE]: Detected version data : VersionInfo[forgeVersion=52.0.28, mcVersion=1.21.1, mcpVersion=20240808.132146, forgeGroup=net.minecraftforge]
[17Sept2026 09:32:19.024] [main/DEBUG] [net.minecraftforge.fml.loading.LauncherVersion/CORE]: Found FMLLauncher version 52.0.28
[17Sept2026 09:32:19.024] [main/DEBUG] [net.minecraftforge.fml.loading.FMLLoader/CORE]: FML 52.0.28 loading
[17Sept2026 09:32:19.024] [main/DEBUG] [net.minecraftforge.fml.loading.FMLLoader/CORE]: Requesting CoreMods to not apply the fix for ASMAPI.findFirstInstructionBefore by default
[17Sept2026 09:32:19.025] [main/DEBUG] [net.minecraftforge.fml.loading.FMLLoader/CORE]: Found ModLauncher version: 10.2.2
[17Sept2026 09:32:19.025] [main/DEBUG] [net.minecraftforge.fml.loading.FMLLoader/CORE]: Found AccessTransformer version: 8.2.0
[17Sept2026 09:32:19.025] [main/DEBUG] [net.minecraftforge.fml.loading.FMLLoader/CORE]: Found EventBus version: 6.2.8
[17Sept2026 09:32:19.025] [main/DEBUG] [net.minecraftforge.fml.loading.FMLLoader/CORE]: Found RuntimeDistCleaner version: 52.0.28
[17Sept2026 09:32:19.028] [main/DEBUG] [net.minecraftforge.coremod.CoreModEngine/]: CoreMods will preserve legacy behavior of ASMAPI.findFirstInstructionBefore for backwards-compatibility
[17Sept2026 09:32:19.028] [main/DEBUG] [net.minecraftforge.fml.loading.FMLLoader/CORE]: FML found CoreMod version : 5.2.1
[17Sept2026 09:32:19.028] [main/DEBUG] [net.minecraftforge.fml.loading.FMLLoader/CORE]: Found ForgeSPI version: 7.1.5
[17Sept2026 09:32:19.029] [main/DEBUG] [cpw.mods.modlauncher.TransformationServiceDecorator/MODLAUNCHER]: Loaded service fml
[17Sept2026 09:32:19.031] [main/DEBUG] [cpw.mods.modlauncher.TransformationServicesHandler/MODLAUNCHER]: Configuring option handling for services
[17Sept2026 09:32:19.040] [main/DEBUG] [cpw.mods.modlauncher.TransformationServicesHandler/MODLAUNCHER]: Transformation services initializing
[17Sept2026 09:32:19.041] [main/DEBUG] [cpw.mods.modlauncher.TransformationServiceDecorator/MODLAUNCHER]: Initializing transformation service mixin
[17Sept2026 09:32:19.097] [main/DEBUG] [mixin/]: MixinService [ModLauncher] was successfully booted in SecureModuleClassLoader[SECURE-BOOTSTRAP]@48914743
[17Sept2026 09:32:19.114] [main/INFO] [mixin/]: SpongePowered MIXIN Subsystem Version=0.8.7 Source=jar:file:///home/epxzzy/.gradle/caches/modules-2/files-2.1/org.spongepowered/mixin/0.8.7/8ab114ac385e6dbdad5efafe28aba4df8120915f/mixin-0.8.7.jar!/ Service=ModLauncher Env=CLIENT
[17Sept2026 09:32:19.119] [main/DEBUG] [mixin/]: Initialising Mixin Platform Manager
[17Sept2026 09:32:19.119] [main/DEBUG] [mixin/]: Adding mixin platform agents for container ModLauncher Root Container(ModLauncher:4f56a0a2)
[17Sept2026 09:32:19.120] [main/DEBUG] [mixin/]: Instancing new MixinPlatformAgentMinecraftForge for ModLauncher Root Container(ModLauncher:4f56a0a2)
[17Sept2026 09:32:19.122] [main/DEBUG] [mixin/]: MixinPlatformAgentMinecraftForge rejected container ModLauncher Root Container(ModLauncher:4f56a0a2)
[17Sept2026 09:32:19.123] [main/DEBUG] [mixin/]: Instancing new MixinPlatformAgentDefault for ModLauncher Root Container(ModLauncher:4f56a0a2)
[17Sept2026 09:32:19.124] [main/DEBUG] [mixin/]: MixinPlatformAgentDefault accepted container ModLauncher Root Container(ModLauncher:4f56a0a2)
[17Sept2026 09:32:19.127] [main/DEBUG] [cpw.mods.modlauncher.TransformationServiceDecorator/MODLAUNCHER]: Initialized transformation service mixin
[17Sept2026 09:32:19.127] [main/DEBUG] [cpw.mods.modlauncher.TransformationServiceDecorator/MODLAUNCHER]: Initializing transformation service fml
[17Sept2026 09:32:19.128] [main/DEBUG] [net.minecraftforge.fml.loading.FMLServiceProvider/CORE]: Setting up basic FML game directories
[17Sept2026 09:32:19.129] [main/DEBUG] [net.minecraftforge.fml.loading.FMLPaths/CORE]: Path GAMEDIR is /run/media/epxzzy/shared/stuff/repos/mcmods/epxzzysabers/forge/runs/client
[17Sept2026 09:32:19.129] [main/DEBUG] [net.minecraftforge.fml.loading.FMLPaths/CORE]: Path MODSDIR is /run/media/epxzzy/shared/stuff/repos/mcmods/epxzzysabers/forge/runs/client/mods
[17Sept2026 09:32:19.130] [main/DEBUG] [net.minecraftforge.fml.loading.FMLPaths/CORE]: Path CONFIGDIR is /run/media/epxzzy/shared/stuff/repos/mcmods/epxzzysabers/forge/runs/client/config
[17Sept2026 09:32:19.130] [main/DEBUG] [net.minecraftforge.fml.loading.FMLPaths/CORE]: Path FMLCONFIG is /run/media/epxzzy/shared/stuff/repos/mcmods/epxzzysabers/forge/runs/client/config/fml.toml
[17Sept2026 09:32:19.130] [main/DEBUG] [net.minecraftforge.fml.loading.FMLServiceProvider/CORE]: Loading configuration
[17Sept2026 09:32:19.134] [main/DEBUG] [net.minecraftforge.fml.loading.FMLServiceProvider/CORE]: Preparing ModFile
[17Sept2026 09:32:19.139] [main/DEBUG] [net.minecraftforge.fml.loading.FMLServiceProvider/CORE]: Preparing launch handler
[17Sept2026 09:32:19.139] [main/DEBUG] [net.minecraftforge.fml.loading.FMLLoader/CORE]: Using forge_userdev_client as launch service
[17Sept2026 09:32:19.153] [main/DEBUG] [cpw.mods.modlauncher.TransformationServiceDecorator/MODLAUNCHER]: Initialized transformation service fml
[17Sept2026 09:32:19.154] [main/DEBUG] [cpw.mods.modlauncher.NameMappingServiceHandler/MODLAUNCHER]: Current naming domain is 'mcp'
[17Sept2026 09:32:19.154] [main/DEBUG] [cpw.mods.modlauncher.NameMappingServiceHandler/MODLAUNCHER]: Identified name mapping providers {srg=net.minecraftforge.fml.loading.MCPNamingService@497570fb}
[17Sept2026 09:32:19.154] [main/DEBUG] [cpw.mods.modlauncher.TransformationServicesHandler/MODLAUNCHER]: Transformation services begin scanning
[17Sept2026 09:32:19.157] [main/DEBUG] [cpw.mods.modlauncher.TransformationServiceDecorator/MODLAUNCHER]: Beginning scan trigger - transformation service mixin
[17Sept2026 09:32:19.158] [main/DEBUG] [cpw.mods.modlauncher.TransformationServiceDecorator/MODLAUNCHER]: End scan trigger - transformation service mixin
[17Sept2026 09:32:19.158] [main/DEBUG] [cpw.mods.modlauncher.TransformationServiceDecorator/MODLAUNCHER]: Beginning scan trigger - transformation service fml
[17Sept2026 09:32:19.158] [main/DEBUG] [net.minecraftforge.fml.loading.FMLServiceProvider/CORE]: Initiating mod scan
[17Sept2026 09:32:19.174] [main/DEBUG] [net.minecraftforge.fml.loading.moddiscovery.ModDiscoverer/CORE]: Found Mod Locators : (mods folder:null),(minecraft:null),(classpath:null),(forge_dev_locator:null),(forge_userdev_locator:null)
[17Sept2026 09:32:19.175] [main/DEBUG] [net.minecraftforge.fml.loading.moddiscovery.ModDiscoverer/CORE]: Found Dependency Locators : (JarInJar:null)
[17Sept2026 09:32:19.223] [EarlyDisplay/INFO] [EARLYDISPLAY/]: GL info: AMD Radeon Vega 8 Graphics (radeonsi, raven, ACO, DRM 3.64, 7.2.4-arch1-2) GL version 4.6 (Core Profile) Mesa 26.2.2-arch1.1, AMD
[17Sept2026 09:32:19.867] [main/DEBUG] [net.minecraftforge.fml.loading.moddiscovery.ModFileInfo/LOADING]: Found valid mod file  with {minecraft} mods - versions {1.21.1}
[17Sept2026 09:32:20.182] [main/DEBUG] [net.minecraftforge.fml.loading.moddiscovery.ModFileParser/LOADING]: Considering mod file candidate /run/media/epxzzy/shared/stuff/repos/mcmods/epxzzysabers/forge/build/sourcesSets/main
[17Sept2026 09:32:20.201] [main/DEBUG] [net.minecraftforge.fml.loading.moddiscovery.ModFileInfo/LOADING]: Found valid mod file main with {epxzzysabers} mods - versions {0.0.1}
[17Sept2026 09:32:20.390] [main/DEBUG] [net.minecraftforge.fml.loading.moddiscovery.ModFileParser/LOADING]: Considering mod file candidate /
[17Sept2026 09:32:20.419] [main/DEBUG] [net.minecraftforge.fml.loading.moddiscovery.ModFileInfo/LOADING]: Found valid mod file  with {forge} mods - versions {52.0.28}
[17Sept2026 09:32:20.470] [main/DEBUG] [net.minecraftforge.fml.loading.moddiscovery.JarInJarDependencyLocator/]: Failed to load resource META-INF/jarjar/metadata.json from , it does not contain dependency information.
[17Sept2026 09:32:20.470] [main/DEBUG] [net.minecraftforge.fml.loading.moddiscovery.JarInJarDependencyLocator/]: Failed to load resource META-INF/jarjar/metadata.json from , it does not contain dependency information.
[17Sept2026 09:32:20.470] [main/DEBUG] [net.minecraftforge.fml.loading.moddiscovery.JarInJarDependencyLocator/]: Failed to load resource META-INF/jarjar/metadata.json from javafmllanguage-1.21.1-52.0.28.jar, it does not contain dependency information.
[17Sept2026 09:32:20.470] [main/DEBUG] [net.minecraftforge.fml.loading.moddiscovery.JarInJarDependencyLocator/]: Failed to load resource META-INF/jarjar/metadata.json from lowcodelanguage-1.21.1-52.0.28.jar, it does not contain dependency information.
[17Sept2026 09:32:20.470] [main/DEBUG] [net.minecraftforge.fml.loading.moddiscovery.JarInJarDependencyLocator/]: Failed to load resource META-INF/jarjar/metadata.json from mclanguage-1.21.1-52.0.28.jar, it does not contain dependency information.
[17Sept2026 09:32:20.470] [main/DEBUG] [net.minecraftforge.fml.loading.moddiscovery.JarInJarDependencyLocator/]: Failed to load resource META-INF/jarjar/metadata.json from main, it does not contain dependency information.
[17Sept2026 09:32:20.474] [main/DEBUG] [net.minecraftforge.fml.loading.moddiscovery.JarInJarDependencyLocator/]: Failed to load resource META-INF/jarjar/metadata.json from fmlcore-1.21.1-52.0.28.jar, it does not contain dependency information.
[17Sept2026 09:32:20.532] [main/INFO] [net.minecraftforge.fml.loading.moddiscovery.JarInJarDependencyLocator/]: No dependencies to load found. Skipping!
[17Sept2026 09:32:20.535] [main/DEBUG] [net.minecraftforge.fml.loading.moddiscovery.ModFileInfo/LOADING]: Found valid mod file  with {minecraft} mods - versions {1.21.1}
[17Sept2026 09:32:20.539] [main/DEBUG] [net.minecraftforge.fml.loading.moddiscovery.ModFile/LOADING]: Loading mod file / with languages [LanguageSpec[languageName=minecraft, acceptedVersions=1]]
[17Sept2026 09:32:20.540] [main/DEBUG] [net.minecraftforge.fml.loading.moddiscovery.ModFileParser/LOADING]: Considering mod file candidate /
[17Sept2026 09:32:20.542] [main/DEBUG] [net.minecraftforge.fml.loading.moddiscovery.ModFileInfo/LOADING]: Found valid mod file  with {forge} mods - versions {52.0.28}
[17Sept2026 09:32:20.542] [main/DEBUG] [net.minecraftforge.fml.loading.moddiscovery.ModFile/LOADING]: Loading mod file / with languages [LanguageSpec[languageName=javafml, acceptedVersions=[24,]]]
[17Sept2026 09:32:20.549] [main/DEBUG] [net.minecraftforge.fml.loading.moddiscovery.ModFileParser/LOADING]: Found coremod field_to_method with Javascript path coremods/field_to_method.js
[17Sept2026 09:32:20.549] [main/DEBUG] [net.minecraftforge.fml.loading.moddiscovery.ModFileParser/LOADING]: Found coremod method_redirector with Javascript path coremods/method_redirector.js
[17Sept2026 09:32:20.549] [main/DEBUG] [net.minecraftforge.fml.loading.moddiscovery.ModFile/LOADING]: Found coremod /coremods/field_to_method.js
[17Sept2026 09:32:20.550] [main/DEBUG] [net.minecraftforge.fml.loading.moddiscovery.ModFile/LOADING]: Found coremod /coremods/method_redirector.js
[17Sept2026 09:32:20.550] [main/DEBUG] [net.minecraftforge.fml.loading.moddiscovery.ModFileParser/LOADING]: Considering mod file candidate /run/media/epxzzy/shared/stuff/repos/mcmods/epxzzysabers/forge/build/sourcesSets/main
[17Sept2026 09:32:20.551] [main/DEBUG] [net.minecraftforge.fml.loading.moddiscovery.ModFileInfo/LOADING]: Found valid mod file main with {epxzzysabers} mods - versions {0.0.1}
[17Sept2026 09:32:20.551] [main/DEBUG] [net.minecraftforge.fml.loading.moddiscovery.ModFile/LOADING]: Loading mod file /run/media/epxzzy/shared/stuff/repos/mcmods/epxzzysabers/forge/build/sourcesSets/main with languages [LanguageSpec[languageName=javafml, acceptedVersions=[52,)]]
[17Sept2026 09:32:20.552] [main/DEBUG] [cpw.mods.modlauncher.TransformationServiceDecorator/MODLAUNCHER]: End scan trigger - transformation service fml
[17Sept2026 09:32:20.575] [main/DEBUG] [net.minecraftforge.fml.loading.LanguageLoadingProvider/CORE]: Found 3 language providers
[17Sept2026 09:32:20.576] [main/DEBUG] [net.minecraftforge.fml.loading.LanguageLoadingProvider/CORE]: Found language provider minecraft, version 1.0
[17Sept2026 09:32:20.576] [main/DEBUG] [net.minecraftforge.fml.loading.LanguageLoadingProvider/CORE]: Found language provider lowcodefml, version 52
[17Sept2026 09:32:20.577] [main/DEBUG] [net.minecraftforge.fml.loading.LanguageLoadingProvider/CORE]: Found language provider javafml, version 52.0.28
[17Sept2026 09:32:20.580] [main/DEBUG] [net.minecraftforge.fml.loading.ModSorter/]: Configured system mods: [minecraft, forge]
[17Sept2026 09:32:20.580] [main/DEBUG] [net.minecraftforge.fml.loading.ModSorter/]: Found system mod: minecraft
[17Sept2026 09:32:20.580] [main/DEBUG] [net.minecraftforge.fml.loading.ModSorter/]: Found system mod: forge
[17Sept2026 09:32:20.611] [main/DEBUG] [net.minecraftforge.fml.loading.ModSorter/LOADING]: Found 2 mod requirements (2 mandatory, 0 optional)
[17Sept2026 09:32:20.612] [main/DEBUG] [net.minecraftforge.fml.loading.ModSorter/LOADING]: Found 0 mod requirements missing (0 mandatory, 0 optional)
[17Sept2026 09:32:20.964] [main/DEBUG] [net.minecraftforge.fml.loading.MCPNamingService/CORE]: Loaded 37504 method mappings from methods.csv
[17Sept2026 09:32:21.036] [main/DEBUG] [net.minecraftforge.fml.loading.MCPNamingService/CORE]: Loaded 35622 field mappings from fields.csv
[17Sept2026 09:32:21.083] [main/DEBUG] [cpw.mods.modlauncher.TransformationServicesHandler/MODLAUNCHER]: Transformation services loading transformers
[17Sept2026 09:32:21.084] [main/DEBUG] [cpw.mods.modlauncher.TransformationServiceDecorator/MODLAUNCHER]: Initializing transformers for transformation service mixin
[17Sept2026 09:32:21.085] [main/DEBUG] [cpw.mods.modlauncher.TransformationServiceDecorator/MODLAUNCHER]: Initialized transformers for transformation service mixin
[17Sept2026 09:32:21.085] [main/DEBUG] [cpw.mods.modlauncher.TransformationServiceDecorator/MODLAUNCHER]: Initializing transformers for transformation service fml
[17Sept2026 09:32:21.085] [main/DEBUG] [net.minecraftforge.fml.loading.FMLServiceProvider/CORE]: Loading coremod transformers
[17Sept2026 09:32:21.085] [main/DEBUG] [net.minecraftforge.coremod.CoreModEngine/COREMOD]: Loading CoreMod from /coremods/field_to_method.js
[17Sept2026 09:32:21.390] [main/DEBUG] [net.minecraftforge.coremod.CoreModEngine/COREMOD]: CoreMod loaded successfully
[17Sept2026 09:32:21.390] [main/DEBUG] [net.minecraftforge.coremod.CoreModEngine/COREMOD]: Loading CoreMod from /coremods/method_redirector.js
[17Sept2026 09:32:21.628] [main/DEBUG] [net.minecraftforge.coremod.CoreModEngine/COREMOD]: CoreMod loaded successfully
[17Sept2026 09:32:21.664] [main/DEBUG] [cpw.mods.modlauncher.TransformStore/MODLAUNCHER]: Adding transformer net.minecraftforge.coremod.transformer.CoreModClassTransformer@2629d5dc to Target : CLASS {Lnet/minecraft/world/level/biome/Biome;} {} {V}
[17Sept2026 09:32:21.667] [main/DEBUG] [cpw.mods.modlauncher.TransformStore/MODLAUNCHER]: Adding transformer net.minecraftforge.coremod.transformer.CoreModClassTransformer@3d1f558a to Target : CLASS {Lnet/minecraft/world/effect/MobEffectInstance;} {} {V}
[17Sept2026 09:32:21.671] [main/DEBUG] [cpw.mods.modlauncher.TransformStore/MODLAUNCHER]: Adding transformer net.minecraftforge.coremod.transformer.CoreModClassTransformer@6abdec0e to Target : CLASS {Lnet/minecraft/world/level/block/LiquidBlock;} {} {V}
[17Sept2026 09:32:21.672] [main/DEBUG] [cpw.mods.modlauncher.TransformStore/MODLAUNCHER]: Adding transformer net.minecraftforge.coremod.transformer.CoreModClassTransformer@28f4f300 to Target : CLASS {Lnet/minecraft/world/item/BucketItem;} {} {V}
[17Sept2026 09:32:21.672] [main/DEBUG] [cpw.mods.modlauncher.TransformStore/MODLAUNCHER]: Adding transformer net.minecraftforge.coremod.transformer.CoreModClassTransformer@2b5c4f17 to Target : CLASS {Lnet/minecraft/world/level/block/FlowerPotBlock;} {} {V}
[17Sept2026 09:32:21.672] [main/DEBUG] [cpw.mods.modlauncher.TransformStore/MODLAUNCHER]: Adding transformer net.minecraftforge.coremod.transformer.CoreModClassTransformer@6ca8fcf3 to Target : CLASS {Lnet/minecraft/world/entity/npc/Villager;} {} {V}
[17Sept2026 09:32:21.672] [main/DEBUG] [cpw.mods.modlauncher.TransformStore/MODLAUNCHER]: Adding transformer net.minecraftforge.coremod.transformer.CoreModClassTransformer@6ca8fcf3 to Target : CLASS {Lnet/minecraft/world/level/NaturalSpawner;} {} {V}
[17Sept2026 09:32:21.672] [main/DEBUG] [cpw.mods.modlauncher.TransformStore/MODLAUNCHER]: Adding transformer net.minecraftforge.coremod.transformer.CoreModClassTransformer@6ca8fcf3 to Target : CLASS {Lnet/minecraft/world/entity/EntityType;} {} {V}
[17Sept2026 09:32:21.672] [main/DEBUG] [cpw.mods.modlauncher.TransformStore/MODLAUNCHER]: Adding transformer net.minecraftforge.coremod.transformer.CoreModClassTransformer@6ca8fcf3 to Target : CLASS {Lnet/minecraft/world/entity/raid/Raid;} {} {V}
[17Sept2026 09:32:21.672] [main/DEBUG] [cpw.mods.modlauncher.TransformStore/MODLAUNCHER]: Adding transformer net.minecraftforge.coremod.transformer.CoreModClassTransformer@6ca8fcf3 to Target : CLASS {Lnet/minecraft/world/level/levelgen/structure/structures/OceanRuinPieces$OceanRuinPiece;} {} {V}
[17Sept2026 09:32:21.672] [main/DEBUG] [cpw.mods.modlauncher.TransformStore/MODLAUNCHER]: Adding transformer net.minecraftforge.coremod.transformer.CoreModClassTransformer@6ca8fcf3 to Target : CLASS {Lnet/minecraft/world/level/levelgen/structure/structures/SwampHutPiece;} {} {V}
[17Sept2026 09:32:21.673] [main/DEBUG] [cpw.mods.modlauncher.TransformStore/MODLAUNCHER]: Adding transformer net.minecraftforge.coremod.transformer.CoreModClassTransformer@6ca8fcf3 to Target : CLASS {Lnet/minecraft/world/entity/animal/frog/Tadpole;} {} {V}
[17Sept2026 09:32:21.673] [main/DEBUG] [cpw.mods.modlauncher.TransformStore/MODLAUNCHER]: Adding transformer net.minecraftforge.coremod.transformer.CoreModClassTransformer@6ca8fcf3 to Target : CLASS {Lnet/minecraft/world/level/levelgen/structure/templatesystem/StructureTemplate;} {} {V}
[17Sept2026 09:32:21.673] [main/DEBUG] [cpw.mods.modlauncher.TransformStore/MODLAUNCHER]: Adding transformer net.minecraftforge.coremod.transformer.CoreModClassTransformer@6ca8fcf3 to Target : CLASS {Lnet/minecraft/world/entity/monster/Spider;} {} {V}
[17Sept2026 09:32:21.673] [main/DEBUG] [cpw.mods.modlauncher.TransformStore/MODLAUNCHER]: Adding transformer net.minecraftforge.coremod.transformer.CoreModClassTransformer@6ca8fcf3 to Target : CLASS {Lnet/minecraft/world/level/levelgen/structure/structures/WoodlandMansionPieces$WoodlandMansionPiece;} {} {V}
[17Sept2026 09:32:21.678] [main/DEBUG] [cpw.mods.modlauncher.TransformStore/MODLAUNCHER]: Adding transformer net.minecraftforge.coremod.transformer.CoreModClassTransformer@6ca8fcf3 to Target : CLASS {Lnet/minecraft/world/level/levelgen/PhantomSpawner;} {} {V}
[17Sept2026 09:32:21.679] [main/DEBUG] [cpw.mods.modlauncher.TransformStore/MODLAUNCHER]: Adding transformer net.minecraftforge.coremod.transformer.CoreModClassTransformer@6ca8fcf3 to Target : CLASS {Lnet/minecraft/world/level/levelgen/structure/structures/OceanMonumentPieces$OceanMonumentPiece;} {} {V}
[17Sept2026 09:32:21.679] [main/DEBUG] [cpw.mods.modlauncher.TransformStore/MODLAUNCHER]: Adding transformer net.minecraftforge.coremod.transformer.CoreModClassTransformer@6ca8fcf3 to Target : CLASS {Lnet/minecraft/world/entity/npc/CatSpawner;} {} {V}
[17Sept2026 09:32:21.679] [main/DEBUG] [cpw.mods.modlauncher.TransformStore/MODLAUNCHER]: Adding transformer net.minecraftforge.coremod.transformer.CoreModClassTransformer@6ca8fcf3 to Target : CLASS {Lnet/minecraft/server/commands/RaidCommand;} {} {V}
[17Sept2026 09:32:21.679] [main/DEBUG] [cpw.mods.modlauncher.TransformStore/MODLAUNCHER]: Adding transformer net.minecraftforge.coremod.transformer.CoreModClassTransformer@6ca8fcf3 to Target : CLASS {Lnet/minecraft/world/entity/monster/ZombieVillager;} {} {V}
[17Sept2026 09:32:21.681] [main/DEBUG] [cpw.mods.modlauncher.TransformStore/MODLAUNCHER]: Adding transformer net.minecraftforge.coremod.transformer.CoreModClassTransformer@6ca8fcf3 to Target : CLASS {Lnet/minecraft/world/entity/ai/village/VillageSiege;} {} {V}
[17Sept2026 09:32:21.682] [main/DEBUG] [cpw.mods.modlauncher.TransformStore/MODLAUNCHER]: Adding transformer net.minecraftforge.coremod.transformer.CoreModClassTransformer@6ca8fcf3 to Target : CLASS {Lnet/minecraft/server/commands/SummonCommand;} {} {V}
[17Sept2026 09:32:21.682] [main/DEBUG] [cpw.mods.modlauncher.TransformStore/MODLAUNCHER]: Adding transformer net.minecraftforge.coremod.transformer.CoreModClassTransformer@6ca8fcf3 to Target : CLASS {Lnet/minecraft/world/entity/animal/horse/SkeletonTrapGoal;} {} {V}
[17Sept2026 09:32:21.682] [main/DEBUG] [cpw.mods.modlauncher.TransformStore/MODLAUNCHER]: Adding transformer net.minecraftforge.coremod.transformer.CoreModClassTransformer@6ca8fcf3 to Target : CLASS {Lnet/minecraft/world/entity/monster/Evoker$EvokerSummonSpellGoal;} {} {V}
[17Sept2026 09:32:21.682] [main/DEBUG] [cpw.mods.modlauncher.TransformStore/MODLAUNCHER]: Adding transformer net.minecraftforge.coremod.transformer.CoreModClassTransformer@6ca8fcf3 to Target : CLASS {Lnet/minecraft/world/entity/monster/Strider;} {} {V}
[17Sept2026 09:32:21.682] [main/DEBUG] [cpw.mods.modlauncher.TransformStore/MODLAUNCHER]: Adding transformer net.minecraftforge.coremod.transformer.CoreModClassTransformer@6ca8fcf3 to Target : CLASS {Lnet/minecraft/world/entity/monster/Zombie;} {} {V}
[17Sept2026 09:32:21.682] [main/DEBUG] [cpw.mods.modlauncher.TransformStore/MODLAUNCHER]: Adding transformer net.minecraftforge.coremod.transformer.CoreModClassTransformer@6ca8fcf3 to Target : CLASS {Lnet/minecraft/world/level/levelgen/PatrolSpawner;} {} {V}
[17Sept2026 09:32:21.682] [main/DEBUG] [cpw.mods.modlauncher.TransformStore/MODLAUNCHER]: Adding transformer net.minecraftforge.coremod.transformer.CoreModClassTransformer@6ca8fcf3 to Target : CLASS {Lnet/minecraft/world/level/block/entity/trialspawner/TrialSpawner;} {} {V}
[17Sept2026 09:32:21.686] [main/DEBUG] [cpw.mods.modlauncher.TransformationServiceDecorator/MODLAUNCHER]: Initialized transformers for transformation service fml
[17Sept2026 09:32:21.856] [main/DEBUG] [mixin/]: Processing prepare() for PlatformAgent[MixinPlatformAgentDefault:ModLauncher Root Container(ModLauncher:4f56a0a2)]
[17Sept2026 09:32:21.856] [main/DEBUG] [mixin/]: Registering mixin config: epxzzysabers.mixins.json source=null
[17Sept2026 09:32:21.895] [main/DEBUG] [mixin/]: Compatibility level JAVA_18 specified by epxzzysabers.mixins.json is higher than the maximum level supported by this version of mixin (JAVA_13).
[17Sept2026 09:32:21.904] [main/INFO] [mixin/]: Compatibility level set to JAVA_18
[17Sept2026 09:32:21.905] [main/DEBUG] [mixin/]: Registering mixin config: epxzzysabers.forge.mixins.json source=null
[17Sept2026 09:32:21.909] [main/DEBUG] [mixin/]: Processing launch tasks for PlatformAgent[MixinPlatformAgentDefault:ModLauncher Root Container(ModLauncher:4f56a0a2)]
[17Sept2026 09:32:21.910] [main/DEBUG] [mixin/]: Adding mixin platform agents for container SecureJarResource(mixin.synthetic)
[17Sept2026 09:32:21.910] [main/DEBUG] [mixin/]: Instancing new MixinPlatformAgentMinecraftForge for SecureJarResource(mixin.synthetic)
[17Sept2026 09:32:21.910] [main/DEBUG] [mixin/]: MixinPlatformAgentMinecraftForge rejected container SecureJarResource(mixin.synthetic)
[17Sept2026 09:32:21.910] [main/DEBUG] [mixin/]: Instancing new MixinPlatformAgentDefault for SecureJarResource(mixin.synthetic)
[17Sept2026 09:32:21.910] [main/DEBUG] [mixin/]: MixinPlatformAgentDefault accepted container SecureJarResource(mixin.synthetic)
[17Sept2026 09:32:21.910] [main/DEBUG] [mixin/]: Processing prepare() for PlatformAgent[MixinPlatformAgentDefault:SecureJarResource(mixin.synthetic)]
[17Sept2026 09:32:21.910] [main/DEBUG] [mixin/]: Adding mixin platform agents for container SecureJarResource(minecraft)
[17Sept2026 09:32:21.913] [main/DEBUG] [mixin/]: Instancing new MixinPlatformAgentMinecraftForge for SecureJarResource(minecraft)
[17Sept2026 09:32:21.914] [main/DEBUG] [mixin/]: MixinPlatformAgentMinecraftForge rejected container SecureJarResource(minecraft)
[17Sept2026 09:32:21.914] [main/DEBUG] [mixin/]: Instancing new MixinPlatformAgentDefault for SecureJarResource(minecraft)
[17Sept2026 09:32:21.914] [main/DEBUG] [mixin/]: MixinPlatformAgentDefault accepted container SecureJarResource(minecraft)
[17Sept2026 09:32:21.914] [main/DEBUG] [mixin/]: Processing prepare() for PlatformAgent[MixinPlatformAgentDefault:SecureJarResource(minecraft)]
[17Sept2026 09:32:21.914] [main/DEBUG] [mixin/]: Adding mixin platform agents for container SecureJarResource(net.minecraftforge.forge)
[17Sept2026 09:32:21.914] [main/DEBUG] [mixin/]: Instancing new MixinPlatformAgentMinecraftForge for SecureJarResource(net.minecraftforge.forge)
[17Sept2026 09:32:21.914] [main/DEBUG] [mixin/]: MixinPlatformAgentMinecraftForge rejected container SecureJarResource(net.minecraftforge.forge)
[17Sept2026 09:32:21.914] [main/DEBUG] [mixin/]: Instancing new MixinPlatformAgentDefault for SecureJarResource(net.minecraftforge.forge)
[17Sept2026 09:32:21.914] [main/DEBUG] [mixin/]: MixinPlatformAgentDefault accepted container SecureJarResource(net.minecraftforge.forge)
[17Sept2026 09:32:21.915] [main/DEBUG] [mixin/]: Processing prepare() for PlatformAgent[MixinPlatformAgentDefault:SecureJarResource(net.minecraftforge.forge)]
[17Sept2026 09:32:21.915] [main/DEBUG] [mixin/]: Adding mixin platform agents for container SecureJarResource(epxzzysabers)
[17Sept2026 09:32:21.915] [main/DEBUG] [mixin/]: Instancing new MixinPlatformAgentMinecraftForge for SecureJarResource(epxzzysabers)
[17Sept2026 09:32:21.918] [main/DEBUG] [mixin/]: MixinPlatformAgentMinecraftForge rejected container SecureJarResource(epxzzysabers)
[17Sept2026 09:32:21.918] [main/DEBUG] [mixin/]: Instancing new MixinPlatformAgentDefault for SecureJarResource(epxzzysabers)
[17Sept2026 09:32:21.920] [main/DEBUG] [mixin/]: MixinPlatformAgentDefault accepted container SecureJarResource(epxzzysabers)
[17Sept2026 09:32:21.920] [main/DEBUG] [mixin/]: Processing prepare() for PlatformAgent[MixinPlatformAgentDefault:SecureJarResource(epxzzysabers)]
[17Sept2026 09:32:21.921] [main/DEBUG] [mixin/]: inject() running with 5 agents
[17Sept2026 09:32:21.921] [main/DEBUG] [mixin/]: Processing inject() for PlatformAgent[MixinPlatformAgentDefault:ModLauncher Root Container(ModLauncher:4f56a0a2)]
[17Sept2026 09:32:21.921] [main/DEBUG] [mixin/]: Processing inject() for PlatformAgent[MixinPlatformAgentDefault:SecureJarResource(mixin.synthetic)]
[17Sept2026 09:32:21.921] [main/DEBUG] [mixin/]: Processing inject() for PlatformAgent[MixinPlatformAgentDefault:SecureJarResource(minecraft)]
[17Sept2026 09:32:21.921] [main/DEBUG] [mixin/]: Processing inject() for PlatformAgent[MixinPlatformAgentDefault:SecureJarResource(net.minecraftforge.forge)]
[17Sept2026 09:32:21.921] [main/DEBUG] [mixin/]: Processing inject() for PlatformAgent[MixinPlatformAgentDefault:SecureJarResource(epxzzysabers)]
[17Sept2026 09:32:21.922] [main/INFO] [cpw.mods.modlauncher.LaunchServiceHandler/MODLAUNCHER]: Launching target 'forge_userdev_client' with arguments [--version, MOD_DEV, --gameDir, ., --assetsDir, /home/epxzzy/.gradle/caches/forge_gradle/assets, --assetIndex, 17]
[17Sept2026 09:32:21.989] [main/DEBUG] [mixin/]: Preparing mixins for MixinEnvironment[DEFAULT]
[17Sept2026 09:32:21.989] [main/DEBUG] [mixin/]: Selecting config epxzzysabers.mixins.json
[17Sept2026 09:32:21.995] [main/WARN] [mixin/]: Reference map 'epxzzysabers.refmap.json' for epxzzysabers.mixins.json could not be read. If this is a development environment you can ignore this message
[17Sept2026 09:32:21.997] [main/DEBUG] [mixin/]: Selecting config epxzzysabers.forge.mixins.json
[17Sept2026 09:32:21.999] [main/DEBUG] [mixin/]: Preparing epxzzysabers.mixins.json (2)
[17Sept2026 09:32:22.102] [main/DEBUG] [mixin/]: Preparing epxzzysabers.forge.mixins.json (1)
[17Sept2026 09:32:22.134] [main/DEBUG] [mixin/]: Registering new injector for @Inject with org.spongepowered.asm.mixin.injection.struct.CallbackInjectionInfo
[17Sept2026 09:32:22.137] [main/DEBUG] [mixin/]: Registering new injector for @ModifyArg with org.spongepowered.asm.mixin.injection.struct.ModifyArgInjectionInfo
[17Sept2026 09:32:22.139] [main/DEBUG] [mixin/]: Registering new injector for @ModifyArgs with org.spongepowered.asm.mixin.injection.struct.ModifyArgsInjectionInfo
[17Sept2026 09:32:22.141] [main/DEBUG] [mixin/]: Registering new injector for @Redirect with org.spongepowered.asm.mixin.injection.struct.RedirectInjectionInfo
[17Sept2026 09:32:22.144] [main/DEBUG] [mixin/]: Registering new injector for @ModifyVariable with org.spongepowered.asm.mixin.injection.struct.ModifyVariableInjectionInfo
[17Sept2026 09:32:22.145] [main/DEBUG] [mixin/]: Registering new injector for @ModifyConstant with org.spongepowered.asm.mixin.injection.struct.ModifyConstantInjectionInfo
[17Sept2026 09:32:22.527] [main/DEBUG] [io.netty.util.internal.logging.InternalLoggerFactory/]: Using SLF4J as the default logging framework
[17Sept2026 09:32:22.534] [main/DEBUG] [io.netty.util.ResourceLeakDetector/]: -Dio.netty.leakDetection.level: simple
[17Sept2026 09:32:22.535] [main/DEBUG] [io.netty.util.ResourceLeakDetector/]: -Dio.netty.leakDetection.targetRecords: 4
[17Sept2026 09:32:25.707] [main/WARN] [oshi.util.FileUtil/]: Configuration conflict: there is more than one oshi.properties file on the classpath: [jar:file:///home/epxzzy/.gradle/caches/modules-2/files-2.1/com.github.oshi/oshi-core/6.4.10/b1d8ab82d11d92fd639b56d639f8f46f739dd5fa/oshi-core-6.4.10.jar!/oshi.properties, jar:file:/home/epxzzy/.gradle/caches/modules-2/files-2.1/com.github.oshi/oshi-core/6.4.10/b1d8ab82d11d92fd639b56d639f8f46f739dd5fa/oshi-core-6.4.10.jar!/oshi.properties, jar:file:///home/epxzzy/.gradle/caches/modules-2/files-2.1/com.github.oshi/oshi-core/6.4.10/b1d8ab82d11d92fd639b56d639f8f46f739dd5fa/oshi-core-6.4.10.jar!/oshi.properties, jar:file:/home/epxzzy/.gradle/caches/modules-2/files-2.1/com.github.oshi/oshi-core/6.4.10/b1d8ab82d11d92fd639b56d639f8f46f739dd5fa/oshi-core-6.4.10.jar!/oshi.properties]
[17Sept2026 09:32:25.785] [main/DEBUG] [oshi.util.FileUtil/]: Reading file /proc/self/auxv
[17Sept2026 09:32:25.792] [main/DEBUG] [oshi.util.FileUtil/]: Reading file /proc/self/auxv
[17Sept2026 09:32:25.816] [main/DEBUG] [oshi.util.FileUtil/]: Reading file /proc/stat
[17Sept2026 09:32:25.833] [main/DEBUG] [oshi.util.FileUtil/]: Reading file /sys/devices/system/cpu/cpu0/topology/core_id
[17Sept2026 09:32:25.834] [main/DEBUG] [oshi.util.FileUtil/]: Reading file /sys/devices/system/cpu/cpu0/topology/core_id
[17Sept2026 09:32:25.841] [main/DEBUG] [oshi.util.FileUtil/]: Reading file /sys/devices/system/cpu/cpu0/topology/physical_package_id
[17Sept2026 09:32:25.841] [main/DEBUG] [oshi.util.FileUtil/]: Reading file /sys/devices/system/cpu/cpu0/topology/physical_package_id
[17Sept2026 09:32:25.842] [main/DEBUG] [oshi.util.FileUtil/]: Reading file /sys/devices/system/cpu/cpu0/cpu_capacity
[17Sept2026 09:32:25.842] [main/DEBUG] [oshi.util.FileUtil/]: Reading file /sys/devices/system/cpu/cpu0/cpu_capacity
[17Sept2026 09:32:25.854] [main/DEBUG] [oshi.util.FileUtil/]: Reading file /sys/devices/system/cpu/cpu0/cache/index2/level
[17Sept2026 09:32:25.854] [main/DEBUG] [oshi.util.FileUtil/]: Reading file /sys/devices/system/cpu/cpu0/cache/index2/level
[17Sept2026 09:32:25.855] [main/DEBUG] [oshi.util.FileUtil/]: Reading file /sys/devices/system/cpu/cpu0/cache/index2/type
[17Sept2026 09:32:25.855] [main/DEBUG] [oshi.util.FileUtil/]: Reading file /sys/devices/system/cpu/cpu0/cache/index2/type
[17Sept2026 09:32:25.864] [main/DEBUG] [oshi.util.FileUtil/]: Reading file /sys/devices/system/cpu/cpu0/cache/index2/ways_of_associativity
[17Sept2026 09:32:25.865] [main/DEBUG] [oshi.util.FileUtil/]: Reading file /sys/devices/system/cpu/cpu0/cache/index2/ways_of_associativity
[17Sept2026 09:32:25.865] [main/DEBUG] [oshi.util.FileUtil/]: Reading file /sys/devices/system/cpu/cpu0/cache/index2/coherency_line_size
[17Sept2026 09:32:25.865] [main/DEBUG] [oshi.util.FileUtil/]: Reading file /sys/devices/system/cpu/cpu0/cache/index2/coherency_line_size
[17Sept2026 09:32:25.865] [main/DEBUG] [oshi.util.FileUtil/]: Reading file /sys/devices/system/cpu/cpu0/cache/index2/size
[17Sept2026 09:32:25.865] [main/DEBUG] [oshi.util.FileUtil/]: Reading file /sys/devices/system/cpu/cpu0/cache/index2/size
[17Sept2026 09:32:25.871] [main/DEBUG] [oshi.util.FileUtil/]: Reading file /sys/devices/system/cpu/cpu0/cache/index0/level
[17Sept2026 09:32:25.871] [main/DEBUG] [oshi.util.FileUtil/]: Reading file /sys/devices/system/cpu/cpu0/cache/index0/level
[17Sept2026 09:32:25.872] [main/DEBUG] [oshi.util.FileUtil/]: Reading file /sys/devices/system/cpu/cpu0/cache/index0/type
[17Sept2026 09:32:25.872] [main/DEBUG] [oshi.util.FileUtil/]: Reading file /sys/devices/system/cpu/cpu0/cache/index0/type
[17Sept2026 09:32:25.872] [main/DEBUG] [oshi.util.FileUtil/]: Reading file /sys/devices/system/cpu/cpu0/cache/index0/ways_of_associativity
[17Sept2026 09:32:25.872] [main/DEBUG] [oshi.util.FileUtil/]: Reading file /sys/devices/system/cpu/cpu0/cache/index0/ways_of_associativity
[17Sept2026 09:32:25.872] [main/DEBUG] [oshi.util.FileUtil/]: Reading file /sys/devices/system/cpu/cpu0/cache/index0/coherency_line_size
[17Sept2026 09:32:25.872] [main/DEBUG] [oshi.util.FileUtil/]: Reading file /sys/devices/system/cpu/cpu0/cache/index0/coherency_line_size
[17Sept2026 09:32:25.872] [main/DEBUG] [oshi.util.FileUtil/]: Reading file /sys/devices/system/cpu/cpu0/cache/index0/size
[17Sept2026 09:32:25.872] [main/DEBUG] [oshi.util.FileUtil/]: Reading file /sys/devices/system/cpu/cpu0/cache/index0/size
[17Sept2026 09:32:25.872] [main/DEBUG] [oshi.util.FileUtil/]: Reading file /sys/devices/system/cpu/cpu0/cache/index3/level
[17Sept2026 09:32:25.873] [main/DEBUG] [oshi.util.FileUtil/]: Reading file /sys/devices/system/cpu/cpu0/cache/index3/level
[17Sept2026 09:32:25.873] [main/DEBUG] [oshi.util.FileUtil/]: Reading file /sys/devices/system/cpu/cpu0/cache/index3/type
[17Sept2026 09:32:25.873] [main/DEBUG] [oshi.util.FileUtil/]: Reading file /sys/devices/system/cpu/cpu0/cache/index3/type
[17Sept2026 09:32:25.880] [main/DEBUG] [oshi.util.FileUtil/]: Reading file /sys/devices/system/cpu/cpu0/cache/index3/ways_of_associativity
[17Sept2026 09:32:25.880] [main/DEBUG] [oshi.util.FileUtil/]: Reading file /sys/devices/system/cpu/cpu0/cache/index3/ways_of_associativity
[17Sept2026 09:32:25.880] [main/DEBUG] [oshi.util.FileUtil/]: Reading file /sys/devices/system/cpu/cpu0/cache/index3/coherency_line_size
[17Sept2026 09:32:25.880] [main/DEBUG] [oshi.util.FileUtil/]: Reading file /sys/devices/system/cpu/cpu0/cache/index3/coherency_line_size
[17Sept2026 09:32:25.880] [main/DEBUG] [oshi.util.FileUtil/]: Reading file /sys/devices/system/cpu/cpu0/cache/index3/size
[17Sept2026 09:32:25.880] [main/DEBUG] [oshi.util.FileUtil/]: Reading file /sys/devices/system/cpu/cpu0/cache/index3/size
[17Sept2026 09:32:25.881] [main/DEBUG] [oshi.util.FileUtil/]: Reading file /sys/devices/system/cpu/cpu0/cache/index1/level
[17Sept2026 09:32:25.881] [main/DEBUG] [oshi.util.FileUtil/]: Reading file /sys/devices/system/cpu/cpu0/cache/index1/level
[17Sept2026 09:32:25.881] [main/DEBUG] [oshi.util.FileUtil/]: Reading file /sys/devices/system/cpu/cpu0/cache/index1/type
[17Sept2026 09:32:25.881] [main/DEBUG] [oshi.util.FileUtil/]: Reading file /sys/devices/system/cpu/cpu0/cache/index1/type
[17Sept2026 09:32:25.881] [main/DEBUG] [oshi.util.FileUtil/]: Reading file /sys/devices/system/cpu/cpu0/cache/index1/ways_of_associativity
[17Sept2026 09:32:25.881] [main/DEBUG] [oshi.util.FileUtil/]: Reading file /sys/devices/system/cpu/cpu0/cache/index1/ways_of_associativity
[17Sept2026 09:32:25.881] [main/DEBUG] [oshi.util.FileUtil/]: Reading file /sys/devices/system/cpu/cpu0/cache/index1/coherency_line_size
[17Sept2026 09:32:25.887] [main/DEBUG] [oshi.util.FileUtil/]: Reading file /sys/devices/system/cpu/cpu0/cache/index1/coherency_line_size
[17Sept2026 09:32:25.887] [main/DEBUG] [oshi.util.FileUtil/]: Reading file /sys/devices/system/cpu/cpu0/cache/index1/size
[17Sept2026 09:32:25.887] [main/DEBUG] [oshi.util.FileUtil/]: Reading file /sys/devices/system/cpu/cpu0/cache/index1/size
[17Sept2026 09:32:25.889] [main/DEBUG] [oshi.util.FileUtil/]: Reading file /sys/devices/system/cpu/cpu1/topology/core_id
[17Sept2026 09:32:25.889] [main/DEBUG] [oshi.util.FileUtil/]: Reading file /sys/devices/system/cpu/cpu1/topology/core_id
[17Sept2026 09:32:25.893] [main/DEBUG] [oshi.util.FileUtil/]: Reading file /sys/devices/system/cpu/cpu1/topology/physical_package_id
[17Sept2026 09:32:25.893] [main/DEBUG] [oshi.util.FileUtil/]: Reading file /sys/devices/system/cpu/cpu1/topology/physical_package_id
[17Sept2026 09:32:25.895] [main/DEBUG] [oshi.util.FileUtil/]: Reading file /sys/devices/system/cpu/cpu1/cpu_capacity
[17Sept2026 09:32:25.895] [main/DEBUG] [oshi.util.FileUtil/]: Reading file /sys/devices/system/cpu/cpu1/cpu_capacity
[17Sept2026 09:32:25.896] [main/DEBUG] [oshi.util.FileUtil/]: Reading file /sys/devices/system/cpu/cpu1/cache/index2/level
[17Sept2026 09:32:25.896] [main/DEBUG] [oshi.util.FileUtil/]: Reading file /sys/devices/system/cpu/cpu1/cache/index2/level
[17Sept2026 09:32:25.902] [main/DEBUG] [oshi.util.FileUtil/]: Reading file /sys/devices/system/cpu/cpu1/cache/index2/type
[17Sept2026 09:32:25.902] [main/DEBUG] [oshi.util.FileUtil/]: Reading file /sys/devices/system/cpu/cpu1/cache/index2/type
[17Sept2026 09:32:25.903] [main/DEBUG] [oshi.util.FileUtil/]: Reading file /sys/devices/system/cpu/cpu1/cache/index2/ways_of_associativity
[17Sept2026 09:32:25.903] [main/DEBUG] [oshi.util.FileUtil/]: Reading file /sys/devices/system/cpu/cpu1/cache/index2/ways_of_associativity
[17Sept2026 09:32:25.903] [main/DEBUG] [oshi.util.FileUtil/]: Reading file /sys/devices/system/cpu/cpu1/cache/index2/coherency_line_size
[17Sept2026 09:32:25.903] [main/DEBUG] [oshi.util.FileUtil/]: Reading file /sys/devices/system/cpu/cpu1/cache/index2/coherency_line_size
[17Sept2026 09:32:25.903] [main/DEBUG] [oshi.util.FileUtil/]: Reading file /sys/devices/system/cpu/cpu1/cache/index2/size
[17Sept2026 09:32:25.903] [main/DEBUG] [oshi.util.FileUtil/]: Reading file /sys/devices/system/cpu/cpu1/cache/index2/size
[17Sept2026 09:32:25.903] [main/DEBUG] [oshi.util.FileUtil/]: Reading file /sys/devices/system/cpu/cpu1/cache/index0/level
[17Sept2026 09:32:25.903] [main/DEBUG] [oshi.util.FileUtil/]: Reading file /sys/devices/system/cpu/cpu1/cache/index0/level
[17Sept2026 09:32:25.904] [main/DEBUG] [oshi.util.FileUtil/]: Reading file /sys/devices/system/cpu/cpu1/cache/index0/type
[17Sept2026 09:32:25.904] [main/DEBUG] [oshi.util.FileUtil/]: Reading file /sys/devices/system/cpu/cpu1/cache/index0/type
[17Sept2026 09:32:25.904] [main/DEBUG] [oshi.util.FileUtil/]: Reading file /sys/devices/system/cpu/cpu1/cache/index0/ways_of_associativity
[17Sept2026 09:32:25.908] [main/DEBUG] [oshi.util.FileUtil/]: Reading file /sys/devices/system/cpu/cpu1/cache/index0/ways_of_associativity
[17Sept2026 09:32:25.909] [main/DEBUG] [oshi.util.FileUtil/]: Reading file /sys/devices/system/cpu/cpu1/cache/index0/coherency_line_size
[17Sept2026 09:32:25.909] [main/DEBUG] [oshi.util.FileUtil/]: Reading file /sys/devices/system/cpu/cpu1/cache/index0/coherency_line_size
[17Sept2026 09:32:25.909] [main/DEBUG] [oshi.util.FileUtil/]: Reading file /sys/devices/system/cpu/cpu1/cache/index0/size
[17Sept2026 09:32:25.909] [main/DEBUG] [oshi.util.FileUtil/]: Reading file /sys/devices/system/cpu/cpu1/cache/index0/size
[17Sept2026 09:32:25.911] [main/DEBUG] [oshi.util.FileUtil/]: Reading file /sys/devices/system/cpu/cpu1/cache/index3/level
[17Sept2026 09:32:25.911] [main/DEBUG] [oshi.util.FileUtil/]: Reading file /sys/devices/system/cpu/cpu1/cache/index3/level
[17Sept2026 09:32:25.911] [main/DEBUG] [oshi.util.FileUtil/]: Reading file /sys/devices/system/cpu/cpu1/cache/index3/type
[17Sept2026 09:32:25.911] [main/DEBUG] [oshi.util.FileUtil/]: Reading file /sys/devices/system/cpu/cpu1/cache/index3/type
[17Sept2026 09:32:25.911] [main/DEBUG] [oshi.util.FileUtil/]: Reading file /sys/devices/system/cpu/cpu1/cache/index3/ways_of_associativity
[17Sept2026 09:32:25.911] [main/DEBUG] [oshi.util.FileUtil/]: Reading file /sys/devices/system/cpu/cpu1/cache/index3/ways_of_associativity
[17Sept2026 09:32:25.911] [main/DEBUG] [oshi.util.FileUtil/]: Reading file /sys/devices/system/cpu/cpu1/cache/index3/coherency_line_size
[17Sept2026 09:32:25.912] [main/DEBUG] [oshi.util.FileUtil/]: Reading file /sys/devices/system/cpu/cpu1/cache/index3/coherency_line_size
[17Sept2026 09:32:25.912] [main/DEBUG] [oshi.util.FileUtil/]: Reading file /sys/devices/system/cpu/cpu1/cache/index3/size
[17Sept2026 09:32:25.912] [main/DEBUG] [oshi.util.FileUtil/]: Reading file /sys/devices/system/cpu/cpu1/cache/index3/size
[17Sept2026 09:32:25.913] [main/DEBUG] [oshi.util.FileUtil/]: Reading file /sys/devices/system/cpu/cpu1/cache/index1/level
[17Sept2026 09:32:25.914] [main/DEBUG] [oshi.util.FileUtil/]: Reading file /sys/devices/system/cpu/cpu1/cache/index1/level
[17Sept2026 09:32:25.914] [main/DEBUG] [oshi.util.FileUtil/]: Reading file /sys/devices/system/cpu/cpu1/cache/index1/type
[17Sept2026 09:32:25.914] [main/DEBUG] [oshi.util.FileUtil/]: Reading file /sys/devices/system/cpu/cpu1/cache/index1/type
[17Sept2026 09:32:25.914] [main/DEBUG] [oshi.util.FileUtil/]: Reading file /sys/devices/system/cpu/cpu1/cache/index1/ways_of_associativity
[17Sept2026 09:32:25.914] [main/DEBUG] [oshi.util.FileUtil/]: Reading file /sys/devices/system/cpu/cpu1/cache/index1/ways_of_associativity
[17Sept2026 09:32:25.914] [main/DEBUG] [oshi.util.FileUtil/]: Reading file /sys/devices/system/cpu/cpu1/cache/index1/coherency_line_size
[17Sept2026 09:32:25.914] [main/DEBUG] [oshi.util.FileUtil/]: Reading file /sys/devices/system/cpu/cpu1/cache/index1/coherency_line_size
[17Sept2026 09:32:25.914] [main/DEBUG] [oshi.util.FileUtil/]: Reading file /sys/devices/system/cpu/cpu1/cache/index1/size
[17Sept2026 09:32:25.915] [main/DEBUG] [oshi.util.FileUtil/]: Reading file /sys/devices/system/cpu/cpu1/cache/index1/size
[17Sept2026 09:32:25.915] [main/DEBUG] [oshi.util.FileUtil/]: Reading file /sys/devices/system/cpu/cpu2/topology/core_id
[17Sept2026 09:32:25.918] [main/DEBUG] [oshi.util.FileUtil/]: Reading file /sys/devices/system/cpu/cpu2/topology/core_id
[17Sept2026 09:32:25.918] [main/DEBUG] [oshi.util.FileUtil/]: Reading file /sys/devices/system/cpu/cpu2/topology/physical_package_id
[17Sept2026 09:32:25.918] [main/DEBUG] [oshi.util.FileUtil/]: Reading file /sys/devices/system/cpu/cpu2/topology/physical_package_id
[17Sept2026 09:32:25.918] [main/DEBUG] [oshi.util.FileUtil/]: Reading file /sys/devices/system/cpu/cpu2/cpu_capacity
[17Sept2026 09:32:25.918] [main/DEBUG] [oshi.util.FileUtil/]: Reading file /sys/devices/system/cpu/cpu2/cpu_capacity
[17Sept2026 09:32:25.919] [main/DEBUG] [oshi.util.FileUtil/]: Reading file /sys/devices/system/cpu/cpu2/cache/index2/level
[17Sept2026 09:32:25.919] [main/DEBUG] [oshi.util.FileUtil/]: Reading file /sys/devices/system/cpu/cpu2/cache/index2/level
[17Sept2026 09:32:25.919] [main/DEBUG] [oshi.util.FileUtil/]: Reading file /sys/devices/system/cpu/cpu2/cache/index2/type
[17Sept2026 09:32:25.919] [main/DEBUG] [oshi.util.FileUtil/]: Reading file /sys/devices/system/cpu/cpu2/cache/index2/type
[17Sept2026 09:32:25.919] [main/DEBUG] [oshi.util.FileUtil/]: Reading file /sys/devices/system/cpu/cpu2/cache/index2/ways_of_associativity
[17Sept2026 09:32:25.921] [main/DEBUG] [oshi.util.FileUtil/]: Reading file /sys/devices/system/cpu/cpu2/cache/index2/ways_of_associativity
[17Sept2026 09:32:25.922] [main/DEBUG] [oshi.util.FileUtil/]: Reading file /sys/devices/system/cpu/cpu2/cache/index2/coherency_line_size
[17Sept2026 09:32:25.923] [main/DEBUG] [oshi.util.FileUtil/]: Reading file /sys/devices/system/cpu/cpu2/cache/index2/coherency_line_size
[17Sept2026 09:32:25.923] [main/DEBUG] [oshi.util.FileUtil/]: Reading file /sys/devices/system/cpu/cpu2/cache/index2/size
[17Sept2026 09:32:25.923] [main/DEBUG] [oshi.util.FileUtil/]: Reading file /sys/devices/system/cpu/cpu2/cache/index2/size
[17Sept2026 09:32:25.924] [main/DEBUG] [oshi.util.FileUtil/]: Reading file /sys/devices/system/cpu/cpu2/cache/index0/level
[17Sept2026 09:32:25.925] [main/DEBUG] [oshi.util.FileUtil/]: Reading file /sys/devices/system/cpu/cpu2/cache/index0/level
[17Sept2026 09:32:25.925] [main/DEBUG] [oshi.util.FileUtil/]: Reading file /sys/devices/system/cpu/cpu2/cache/index0/type
[17Sept2026 09:32:25.925] [main/DEBUG] [oshi.util.FileUtil/]: Reading file /sys/devices/system/cpu/cpu2/cache/index0/type
[17Sept2026 09:32:25.928] [main/DEBUG] [oshi.util.FileUtil/]: Reading file /sys/devices/system/cpu/cpu2/cache/index0/ways_of_associativity
[17Sept2026 09:32:25.928] [main/DEBUG] [oshi.util.FileUtil/]: Reading file /sys/devices/system/cpu/cpu2/cache/index0/ways_of_associativity
[17Sept2026 09:32:25.929] [main/DEBUG] [oshi.util.FileUtil/]: Reading file /sys/devices/system/cpu/cpu2/cache/index0/coherency_line_size
[17Sept2026 09:32:25.930] [main/DEBUG] [oshi.util.FileUtil/]: Reading file /sys/devices/system/cpu/cpu2/cache/index0/coherency_line_size
[17Sept2026 09:32:25.933] [main/DEBUG] [oshi.util.FileUtil/]: Reading file /sys/devices/system/cpu/cpu2/cache/index0/size
[17Sept2026 09:32:25.933] [main/DEBUG] [oshi.util.FileUtil/]: Reading file /sys/devices/system/cpu/cpu2/cache/index0/size
[17Sept2026 09:32:25.935] [main/DEBUG] [oshi.util.FileUtil/]: Reading file /sys/devices/system/cpu/cpu2/cache/index3/level
[17Sept2026 09:32:25.936] [main/DEBUG] [oshi.util.FileUtil/]: Reading file /sys/devices/system/cpu/cpu2/cache/index3/level
[17Sept2026 09:32:25.936] [main/DEBUG] [oshi.util.FileUtil/]: Reading file /sys/devices/system/cpu/cpu2/cache/index3/type
[17Sept2026 09:32:25.936] [main/DEBUG] [oshi.util.FileUtil/]: Reading file /sys/devices/system/cpu/cpu2/cache/index3/type
[17Sept2026 09:32:25.939] [main/DEBUG] [oshi.util.FileUtil/]: Reading file /sys/devices/system/cpu/cpu2/cache/index3/ways_of_associativity
[17Sept2026 09:32:25.939] [main/DEBUG] [oshi.util.FileUtil/]: Reading file /sys/devices/system/cpu/cpu2/cache/index3/ways_of_associativity
[17Sept2026 09:32:25.940] [main/DEBUG] [oshi.util.FileUtil/]: Reading file /sys/devices/system/cpu/cpu2/cache/index3/coherency_line_size
[17Sept2026 09:32:25.940] [main/DEBUG] [oshi.util.FileUtil/]: Reading file /sys/devices/system/cpu/cpu2/cache/index3/coherency_line_size
[17Sept2026 09:32:25.941] [main/DEBUG] [oshi.util.FileUtil/]: Reading file /sys/devices/system/cpu/cpu2/cache/index3/size
[17Sept2026 09:32:25.941] [main/DEBUG] [oshi.util.FileUtil/]: Reading file /sys/devices/system/cpu/cpu2/cache/index3/size
[17Sept2026 09:32:25.941] [main/DEBUG] [oshi.util.FileUtil/]: Reading file /sys/devices/system/cpu/cpu2/cache/index1/level
[17Sept2026 09:32:25.941] [main/DEBUG] [oshi.util.FileUtil/]: Reading file /sys/devices/system/cpu/cpu2/cache/index1/level
[17Sept2026 09:32:25.941] [main/DEBUG] [oshi.util.FileUtil/]: Reading file /sys/devices/system/cpu/cpu2/cache/index1/type
[17Sept2026 09:32:25.942] [main/DEBUG] [oshi.util.FileUtil/]: Reading file /sys/devices/system/cpu/cpu2/cache/index1/type
[17Sept2026 09:32:25.942] [main/DEBUG] [oshi.util.FileUtil/]: Reading file /sys/devices/system/cpu/cpu2/cache/index1/ways_of_associativity
[17Sept2026 09:32:25.942] [main/DEBUG] [oshi.util.FileUtil/]: Reading file /sys/devices/system/cpu/cpu2/cache/index1/ways_of_associativity
[17Sept2026 09:32:25.942] [main/DEBUG] [oshi.util.FileUtil/]: Reading file /sys/devices/system/cpu/cpu2/cache/index1/coherency_line_size
[17Sept2026 09:32:25.942] [main/DEBUG] [oshi.util.FileUtil/]: Reading file /sys/devices/system/cpu/cpu2/cache/index1/coherency_line_size
[17Sept2026 09:32:25.942] [main/DEBUG] [oshi.util.FileUtil/]: Reading file /sys/devices/system/cpu/cpu2/cache/index1/size
[17Sept2026 09:32:25.942] [main/DEBUG] [oshi.util.FileUtil/]: Reading file /sys/devices/system/cpu/cpu2/cache/index1/size
[17Sept2026 09:32:25.948] [main/DEBUG] [oshi.util.FileUtil/]: Reading file /sys/devices/system/cpu/cpu3/topology/core_id
[17Sept2026 09:32:25.948] [main/DEBUG] [oshi.util.FileUtil/]: Reading file /sys/devices/system/cpu/cpu3/topology/core_id
[17Sept2026 09:32:25.949] [main/DEBUG] [oshi.util.FileUtil/]: Reading file /sys/devices/system/cpu/cpu3/topology/physical_package_id
[17Sept2026 09:32:25.949] [main/DEBUG] [oshi.util.FileUtil/]: Reading file /sys/devices/system/cpu/cpu3/topology/physical_package_id
[17Sept2026 09:32:25.949] [main/DEBUG] [oshi.util.FileUtil/]: Reading file /sys/devices/system/cpu/cpu3/cpu_capacity
[17Sept2026 09:32:25.949] [main/DEBUG] [oshi.util.FileUtil/]: Reading file /sys/devices/system/cpu/cpu3/cpu_capacity
[17Sept2026 09:32:25.949] [main/DEBUG] [oshi.util.FileUtil/]: Reading file /sys/devices/system/cpu/cpu3/cache/index2/level
[17Sept2026 09:32:25.950] [main/DEBUG] [oshi.util.FileUtil/]: Reading file /sys/devices/system/cpu/cpu3/cache/index2/level
[17Sept2026 09:32:25.951] [main/DEBUG] [oshi.util.FileUtil/]: Reading file /sys/devices/system/cpu/cpu3/cache/index2/type
[17Sept2026 09:32:25.951] [main/DEBUG] [oshi.util.FileUtil/]: Reading file /sys/devices/system/cpu/cpu3/cache/index2/type
[17Sept2026 09:32:25.951] [main/DEBUG] [oshi.util.FileUtil/]: Reading file /sys/devices/system/cpu/cpu3/cache/index2/ways_of_associativity
[17Sept2026 09:32:25.952] [main/DEBUG] [oshi.util.FileUtil/]: Reading file /sys/devices/system/cpu/cpu3/cache/index2/ways_of_associativity
[17Sept2026 09:32:25.952] [main/DEBUG] [oshi.util.FileUtil/]: Reading file /sys/devices/system/cpu/cpu3/cache/index2/coherency_line_size
[17Sept2026 09:32:25.952] [main/DEBUG] [oshi.util.FileUtil/]: Reading file /sys/devices/system/cpu/cpu3/cache/index2/coherency_line_size
[17Sept2026 09:32:25.952] [main/DEBUG] [oshi.util.FileUtil/]: Reading file /sys/devices/system/cpu/cpu3/cache/index2/size
[17Sept2026 09:32:25.952] [main/DEBUG] [oshi.util.FileUtil/]: Reading file /sys/devices/system/cpu/cpu3/cache/index2/size
[17Sept2026 09:32:25.952] [main/DEBUG] [oshi.util.FileUtil/]: Reading file /sys/devices/system/cpu/cpu3/cache/index0/level
[17Sept2026 09:32:25.952] [main/DEBUG] [oshi.util.FileUtil/]: Reading file /sys/devices/system/cpu/cpu3/cache/index0/level
[17Sept2026 09:32:25.952] [main/DEBUG] [oshi.util.FileUtil/]: Reading file /sys/devices/system/cpu/cpu3/cache/index0/type
[17Sept2026 09:32:25.953] [main/DEBUG] [oshi.util.FileUtil/]: Reading file /sys/devices/system/cpu/cpu3/cache/index0/type
[17Sept2026 09:32:25.953] [main/DEBUG] [oshi.util.FileUtil/]: Reading file /sys/devices/system/cpu/cpu3/cache/index0/ways_of_associativity
[17Sept2026 09:32:25.953] [main/DEBUG] [oshi.util.FileUtil/]: Reading file /sys/devices/system/cpu/cpu3/cache/index0/ways_of_associativity
[17Sept2026 09:32:25.953] [main/DEBUG] [oshi.util.FileUtil/]: Reading file /sys/devices/system/cpu/cpu3/cache/index0/coherency_line_size
[17Sept2026 09:32:25.953] [main/DEBUG] [oshi.util.FileUtil/]: Reading file /sys/devices/system/cpu/cpu3/cache/index0/coherency_line_size
[17Sept2026 09:32:25.953] [main/DEBUG] [oshi.util.FileUtil/]: Reading file /sys/devices/system/cpu/cpu3/cache/index0/size
[17Sept2026 09:32:25.953] [main/DEBUG] [oshi.util.FileUtil/]: Reading file /sys/devices/system/cpu/cpu3/cache/index0/size
[17Sept2026 09:32:25.953] [main/DEBUG] [oshi.util.FileUtil/]: Reading file /sys/devices/system/cpu/cpu3/cache/index3/level
[17Sept2026 09:32:25.954] [main/DEBUG] [oshi.util.FileUtil/]: Reading file /sys/devices/system/cpu/cpu3/cache/index3/level
[17Sept2026 09:32:25.954] [main/DEBUG] [oshi.util.FileUtil/]: Reading file /sys/devices/system/cpu/cpu3/cache/index3/type
[17Sept2026 09:32:25.954] [main/DEBUG] [oshi.util.FileUtil/]: Reading file /sys/devices/system/cpu/cpu3/cache/index3/type
[17Sept2026 09:32:25.954] [main/DEBUG] [oshi.util.FileUtil/]: Reading file /sys/devices/system/cpu/cpu3/cache/index3/ways_of_associativity
[17Sept2026 09:32:25.954] [main/DEBUG] [oshi.util.FileUtil/]: Reading file /sys/devices/system/cpu/cpu3/cache/index3/ways_of_associativity
[17Sept2026 09:32:25.954] [main/DEBUG] [oshi.util.FileUtil/]: Reading file /sys/devices/system/cpu/cpu3/cache/index3/coherency_line_size
[17Sept2026 09:32:25.954] [main/DEBUG] [oshi.util.FileUtil/]: Reading file /sys/devices/system/cpu/cpu3/cache/index3/coherency_line_size
[17Sept2026 09:32:25.955] [main/DEBUG] [oshi.util.FileUtil/]: Reading file /sys/devices/system/cpu/cpu3/cache/index3/size
[17Sept2026 09:32:25.955] [main/DEBUG] [oshi.util.FileUtil/]: Reading file /sys/devices/system/cpu/cpu3/cache/index3/size
[17Sept2026 09:32:25.955] [main/DEBUG] [oshi.util.FileUtil/]: Reading file /sys/devices/system/cpu/cpu3/cache/index1/level
[17Sept2026 09:32:25.955] [main/DEBUG] [oshi.util.FileUtil/]: Reading file /sys/devices/system/cpu/cpu3/cache/index1/level
[17Sept2026 09:32:25.955] [main/DEBUG] [oshi.util.FileUtil/]: Reading file /sys/devices/system/cpu/cpu3/cache/index1/type
[17Sept2026 09:32:25.955] [main/DEBUG] [oshi.util.FileUtil/]: Reading file /sys/devices/system/cpu/cpu3/cache/index1/type
[17Sept2026 09:32:25.955] [main/DEBUG] [oshi.util.FileUtil/]: Reading file /sys/devices/system/cpu/cpu3/cache/index1/ways_of_associativity
[17Sept2026 09:32:25.955] [main/DEBUG] [oshi.util.FileUtil/]: Reading file /sys/devices/system/cpu/cpu3/cache/index1/ways_of_associativity
[17Sept2026 09:32:25.956] [main/DEBUG] [oshi.util.FileUtil/]: Reading file /sys/devices/system/cpu/cpu3/cache/index1/coherency_line_size
[17Sept2026 09:32:25.956] [main/DEBUG] [oshi.util.FileUtil/]: Reading file /sys/devices/system/cpu/cpu3/cache/index1/coherency_line_size
[17Sept2026 09:32:25.956] [main/DEBUG] [oshi.util.FileUtil/]: Reading file /sys/devices/system/cpu/cpu3/cache/index1/size
[17Sept2026 09:32:25.956] [main/DEBUG] [oshi.util.FileUtil/]: Reading file /sys/devices/system/cpu/cpu3/cache/index1/size
[17Sept2026 09:32:25.961] [main/DEBUG] [oshi.util.FileUtil/]: Reading file /proc/cpuinfo
[17Sept2026 09:32:26.397] [Datafixer Bootstrap/INFO] [com.mojang.datafixers.DataFixerBuilder/]: 226 Datafixer optimizations took 777 milliseconds
[17Sept2026 09:32:27.370] [main/DEBUG] [oshi.util.FileUtil/]: Reading file /proc/self/auxv
[17Sept2026 09:32:27.373] [main/WARN] [oshi.util.FileUtil/]: Configuration conflict: there is more than one oshi.architecture.properties file on the classpath: [jar:file:///home/epxzzy/.gradle/caches/modules-2/files-2.1/com.github.oshi/oshi-core/6.4.10/b1d8ab82d11d92fd639b56d639f8f46f739dd5fa/oshi-core-6.4.10.jar!/oshi.architecture.properties, jar:file:/home/epxzzy/.gradle/caches/modules-2/files-2.1/com.github.oshi/oshi-core/6.4.10/b1d8ab82d11d92fd639b56d639f8f46f739dd5fa/oshi-core-6.4.10.jar!/oshi.architecture.properties, jar:file:///home/epxzzy/.gradle/caches/modules-2/files-2.1/com.github.oshi/oshi-core/6.4.10/b1d8ab82d11d92fd639b56d639f8f46f739dd5fa/oshi-core-6.4.10.jar!/oshi.architecture.properties, jar:file:/home/epxzzy/.gradle/caches/modules-2/files-2.1/com.github.oshi/oshi-core/6.4.10/b1d8ab82d11d92fd639b56d639f8f46f739dd5fa/oshi-core-6.4.10.jar!/oshi.architecture.properties]
[17Sept2026 09:32:27.423] [main/DEBUG] [oshi.util.FileUtil/]: Reading file /proc/meminfo
[17Sept2026 09:32:27.424] [main/DEBUG] [oshi.util.FileUtil/]: Reading file /proc/meminfo
[17Sept2026 09:32:27.594] [pool-5-thread-1/DEBUG] [net.minecraftforge.coremod.transformer.CoreModBaseTransformer/COREMOD]: Transforming net/minecraft/world/entity/EntityType
[17Sept2026 09:32:28.078] [pool-5-thread-1/DEBUG] [net.minecraftforge.coremod.transformer.CoreModBaseTransformer/COREMOD]: Transforming net/minecraft/world/level/block/LiquidBlock
[17Sept2026 09:32:28.273] [pool-5-thread-1/DEBUG] [net.minecraftforge.coremod.transformer.CoreModBaseTransformer/COREMOD]: Transforming net/minecraft/world/level/block/FlowerPotBlock
[17Sept2026 09:32:28.665] [pool-5-thread-1/DEBUG] [net.minecraftforge.coremod.transformer.CoreModBaseTransformer/COREMOD]: Transforming net/minecraft/world/effect/MobEffectInstance
[17Sept2026 09:32:28.983] [pool-5-thread-1/DEBUG] [net.minecraftforge.coremod.transformer.CoreModBaseTransformer/COREMOD]: Transforming net/minecraft/world/level/biome/Biome
[17Sept2026 09:32:29.697] [pool-5-thread-1/DEBUG] [net.minecraftforge.coremod.transformer.CoreModBaseTransformer/COREMOD]: Transforming net/minecraft/world/entity/animal/frog/Tadpole
[17Sept2026 09:32:29.773] [pool-5-thread-1/DEBUG] [net.minecraftforge.coremod.transformer.CoreModBaseTransformer/COREMOD]: Transforming net/minecraft/world/item/BucketItem
[17Sept2026 09:32:30.160] [pool-5-thread-1/DEBUG] [net.minecraftforge.coremod.transformer.CoreModBaseTransformer/COREMOD]: Transforming net/minecraft/world/entity/monster/Spider
[17Sept2026 09:32:30.211] [pool-5-thread-1/DEBUG] [net.minecraftforge.coremod.transformer.CoreModBaseTransformer/COREMOD]: Transforming net/minecraft/world/entity/monster/Zombie
[17Sept2026 09:32:30.259] [pool-5-thread-1/DEBUG] [net.minecraftforge.coremod.transformer.CoreModBaseTransformer/COREMOD]: Transforming net/minecraft/world/entity/monster/ZombieVillager
[17Sept2026 09:32:30.318] [pool-5-thread-1/DEBUG] [net.minecraftforge.coremod.transformer.CoreModBaseTransformer/COREMOD]: Transforming net/minecraft/world/entity/monster/Evoker$EvokerSummonSpellGoal
[17Sept2026 09:32:30.444] [pool-5-thread-1/DEBUG] [net.minecraftforge.coremod.transformer.CoreModBaseTransformer/COREMOD]: Transforming net/minecraft/world/entity/animal/horse/SkeletonTrapGoal
[17Sept2026 09:32:30.461] [pool-5-thread-1/DEBUG] [net.minecraftforge.coremod.transformer.CoreModBaseTransformer/COREMOD]: Transforming net/minecraft/world/entity/monster/Strider
[17Sept2026 09:32:30.504] [pool-5-thread-1/DEBUG] [net.minecraftforge.coremod.transformer.CoreModBaseTransformer/COREMOD]: Transforming net/minecraft/world/entity/npc/Villager
[17Sept2026 09:32:31.623] [pool-5-thread-1/DEBUG] [net.minecraftforge.coremod.transformer.CoreModBaseTransformer/COREMOD]: Transforming net/minecraft/world/level/levelgen/structure/structures/OceanRuinPieces$OceanRuinPiece
[17Sept2026 09:32:31.632] [pool-5-thread-1/DEBUG] [net.minecraftforge.coremod.transformer.CoreModBaseTransformer/COREMOD]: Transforming net/minecraft/world/level/levelgen/structure/structures/SwampHutPiece
[17Sept2026 09:32:31.641] [pool-5-thread-1/DEBUG] [net.minecraftforge.coremod.transformer.CoreModBaseTransformer/COREMOD]: Transforming net/minecraft/world/level/levelgen/structure/structures/OceanMonumentPieces$OceanMonumentPiece
[17Sept2026 09:32:31.658] [pool-5-thread-1/DEBUG] [net.minecraftforge.coremod.transformer.CoreModBaseTransformer/COREMOD]: Transforming net/minecraft/world/level/levelgen/structure/structures/WoodlandMansionPieces$WoodlandMansionPiece
[17Sept2026 09:32:32.228] [Render thread/DEBUG] [mixin/]: Mixing MixinMinecraft from epxzzysabers.mixins.json into net.minecraft.client.Minecraft
[17Sept2026 09:32:32.232] [Render thread/DEBUG] [mixin/]: epxzzysabers.mixins.json:MixinMinecraft: Class version 65 required is higher than the class version supported by the current version of Mixin (JAVA_18 supports class version 62)
[17Sept2026 09:32:32.364] [Render thread/DEBUG] [mixin/]: Mixing MixinTitleScreen from epxzzysabers.forge.mixins.json into net.minecraft.client.gui.screens.TitleScreen
[17Sept2026 09:32:32.370] [Render thread/DEBUG] [mixin/]: epxzzysabers.forge.mixins.json:MixinTitleScreen: Class version 65 required is higher than the class version supported by the current version of Mixin (JAVA_18 supports class version 62)
[17Sept2026 09:32:32.500] [Render thread/WARN] [net.minecraft.server.packs.VanillaPackResourcesBuilder/]: Assets URL 'union:/home/epxzzy/.gradle/caches/forge_gradle/minecraft_user_repo/net/minecraftforge/forge/1.21.1-52.0.28_mapped_official_1.21.1/forge-1.21.1-52.0.28_mapped_official_1.21.1-recomp.jar%230!/assets/.mcassetsroot' uses unexpected schema
[17Sept2026 09:32:32.502] [Render thread/WARN] [net.minecraft.server.packs.VanillaPackResourcesBuilder/]: Assets URL 'union:/home/epxzzy/.gradle/caches/forge_gradle/minecraft_user_repo/net/minecraftforge/forge/1.21.1-52.0.28_mapped_official_1.21.1/forge-1.21.1-52.0.28_mapped_official_1.21.1-recomp.jar%230!/data/.mcassetsroot' uses unexpected schema
[17Sept2026 09:32:32.545] [Render thread/INFO] [com.mojang.authlib.yggdrasil.YggdrasilAuthenticationService/]: Environment: Environment[sessionHost=https://sessionserver.mojang.com, servicesHost=https://api.minecraftservices.com, name=PROD]
[17Sept2026 09:32:32.568] [Render thread/INFO] [net.minecraft.client.Minecraft/]: Setting user: Dev
[17Sept2026 09:32:32.825] [Render thread/INFO] [net.minecraft.client.Minecraft/]: Backend library: LWJGL version 3.3.3+5
[17Sept2026 09:32:32.961] [Render thread/DEBUG] [oshi.util.FileUtil/]: Reading file /sys/devices/system/cpu/cpu0/topology/core_id
[17Sept2026 09:32:32.961] [Render thread/DEBUG] [oshi.util.FileUtil/]: Reading file /sys/devices/system/cpu/cpu0/topology/core_id
[17Sept2026 09:32:32.963] [Render thread/DEBUG] [oshi.util.FileUtil/]: Reading file /sys/devices/system/cpu/cpu0/topology/physical_package_id
[17Sept2026 09:32:32.963] [Render thread/DEBUG] [oshi.util.FileUtil/]: Reading file /sys/devices/system/cpu/cpu0/topology/physical_package_id
[17Sept2026 09:32:32.963] [Render thread/DEBUG] [oshi.util.FileUtil/]: Reading file /sys/devices/system/cpu/cpu0/cpu_capacity
[17Sept2026 09:32:32.964] [Render thread/DEBUG] [oshi.util.FileUtil/]: Reading file /sys/devices/system/cpu/cpu0/cpu_capacity
[17Sept2026 09:32:32.964] [Render thread/DEBUG] [oshi.util.FileUtil/]: Reading file /sys/devices/system/cpu/cpu0/cache/index2/level
[17Sept2026 09:32:32.964] [Render thread/DEBUG] [oshi.util.FileUtil/]: Reading file /sys/devices/system/cpu/cpu0/cache/index2/level
[17Sept2026 09:32:32.964] [Render thread/DEBUG] [oshi.util.FileUtil/]: Reading file /sys/devices/system/cpu/cpu0/cache/index2/type
[17Sept2026 09:32:32.964] [Render thread/DEBUG] [oshi.util.FileUtil/]: Reading file /sys/devices/system/cpu/cpu0/cache/index2/type
[17Sept2026 09:32:32.965] [Render thread/DEBUG] [oshi.util.FileUtil/]: Reading file /sys/devices/system/cpu/cpu0/cache/index2/ways_of_associativity
[17Sept2026 09:32:32.965] [Render thread/DEBUG] [oshi.util.FileUtil/]: Reading file /sys/devices/system/cpu/cpu0/cache/index2/ways_of_associativity
[17Sept2026 09:32:32.966] [Render thread/DEBUG] [oshi.util.FileUtil/]: Reading file /sys/devices/system/cpu/cpu0/cache/index2/coherency_line_size
[17Sept2026 09:32:32.967] [Render thread/DEBUG] [oshi.util.FileUtil/]: Reading file /sys/devices/system/cpu/cpu0/cache/index2/coherency_line_size
[17Sept2026 09:32:32.967] [Render thread/DEBUG] [oshi.util.FileUtil/]: Reading file /sys/devices/system/cpu/cpu0/cache/index2/size
[17Sept2026 09:32:32.967] [Render thread/DEBUG] [oshi.util.FileUtil/]: Reading file /sys/devices/system/cpu/cpu0/cache/index2/size
[17Sept2026 09:32:32.967] [Render thread/DEBUG] [oshi.util.FileUtil/]: Reading file /sys/devices/system/cpu/cpu0/cache/index0/level
[17Sept2026 09:32:32.967] [Render thread/DEBUG] [oshi.util.FileUtil/]: Reading file /sys/devices/system/cpu/cpu0/cache/index0/level
[17Sept2026 09:32:32.967] [Render thread/DEBUG] [oshi.util.FileUtil/]: Reading file /sys/devices/system/cpu/cpu0/cache/index0/type
[17Sept2026 09:32:32.967] [Render thread/DEBUG] [oshi.util.FileUtil/]: Reading file /sys/devices/system/cpu/cpu0/cache/index0/type
[17Sept2026 09:32:32.968] [Render thread/DEBUG] [oshi.util.FileUtil/]: Reading file /sys/devices/system/cpu/cpu0/cache/index0/ways_of_associativity
[17Sept2026 09:32:32.968] [Render thread/DEBUG] [oshi.util.FileUtil/]: Reading file /sys/devices/system/cpu/cpu0/cache/index0/ways_of_associativity
[17Sept2026 09:32:32.968] [Render thread/DEBUG] [oshi.util.FileUtil/]: Reading file /sys/devices/system/cpu/cpu0/cache/index0/coherency_line_size
[17Sept2026 09:32:32.968] [Render thread/DEBUG] [oshi.util.FileUtil/]: Reading file /sys/devices/system/cpu/cpu0/cache/index0/coherency_line_size
[17Sept2026 09:32:32.968] [Render thread/DEBUG] [oshi.util.FileUtil/]: Reading file /sys/devices/system/cpu/cpu0/cache/index0/size
[17Sept2026 09:32:32.969] [Render thread/DEBUG] [oshi.util.FileUtil/]: Reading file /sys/devices/system/cpu/cpu0/cache/index0/size
[17Sept2026 09:32:32.970] [Render thread/DEBUG] [oshi.util.FileUtil/]: Reading file /sys/devices/system/cpu/cpu0/cache/index3/level
[17Sept2026 09:32:32.970] [Render thread/DEBUG] [oshi.util.FileUtil/]: Reading file /sys/devices/system/cpu/cpu0/cache/index3/level
[17Sept2026 09:32:32.970] [Render thread/DEBUG] [oshi.util.FileUtil/]: Reading file /sys/devices/system/cpu/cpu0/cache/index3/type
[17Sept2026 09:32:32.970] [Render thread/DEBUG] [oshi.util.FileUtil/]: Reading file /sys/devices/system/cpu/cpu0/cache/index3/type
[17Sept2026 09:32:32.971] [Render thread/DEBUG] [oshi.util.FileUtil/]: Reading file /sys/devices/system/cpu/cpu0/cache/index3/ways_of_associativity
[17Sept2026 09:32:32.971] [Render thread/DEBUG] [oshi.util.FileUtil/]: Reading file /sys/devices/system/cpu/cpu0/cache/index3/ways_of_associativity
[17Sept2026 09:32:32.971] [Render thread/DEBUG] [oshi.util.FileUtil/]: Reading file /sys/devices/system/cpu/cpu0/cache/index3/coherency_line_size
[17Sept2026 09:32:32.971] [Render thread/DEBUG] [oshi.util.FileUtil/]: Reading file /sys/devices/system/cpu/cpu0/cache/index3/coherency_line_size
[17Sept2026 09:32:32.971] [Render thread/DEBUG] [oshi.util.FileUtil/]: Reading file /sys/devices/system/cpu/cpu0/cache/index3/size
[17Sept2026 09:32:32.971] [Render thread/DEBUG] [oshi.util.FileUtil/]: Reading file /sys/devices/system/cpu/cpu0/cache/index3/size
[17Sept2026 09:32:32.971] [Render thread/DEBUG] [oshi.util.FileUtil/]: Reading file /sys/devices/system/cpu/cpu0/cache/index1/level
[17Sept2026 09:32:32.972] [Render thread/DEBUG] [oshi.util.FileUtil/]: Reading file /sys/devices/system/cpu/cpu0/cache/index1/level
[17Sept2026 09:32:32.972] [Render thread/DEBUG] [oshi.util.FileUtil/]: Reading file /sys/devices/system/cpu/cpu0/cache/index1/type
[17Sept2026 09:32:32.972] [Render thread/DEBUG] [oshi.util.FileUtil/]: Reading file /sys/devices/system/cpu/cpu0/cache/index1/type
[17Sept2026 09:32:32.974] [Render thread/DEBUG] [oshi.util.FileUtil/]: Reading file /sys/devices/system/cpu/cpu0/cache/index1/ways_of_associativity
[17Sept2026 09:32:32.974] [Render thread/DEBUG] [oshi.util.FileUtil/]: Reading file /sys/devices/system/cpu/cpu0/cache/index1/ways_of_associativity
[17Sept2026 09:32:32.975] [Render thread/DEBUG] [oshi.util.FileUtil/]: Reading file /sys/devices/system/cpu/cpu0/cache/index1/coherency_line_size
[17Sept2026 09:32:32.975] [Render thread/DEBUG] [oshi.util.FileUtil/]: Reading file /sys/devices/system/cpu/cpu0/cache/index1/coherency_line_size
[17Sept2026 09:32:32.975] [Render thread/DEBUG] [oshi.util.FileUtil/]: Reading file /sys/devices/system/cpu/cpu0/cache/index1/size
[17Sept2026 09:32:32.975] [Render thread/DEBUG] [oshi.util.FileUtil/]: Reading file /sys/devices/system/cpu/cpu0/cache/index1/size
[17Sept2026 09:32:32.975] [Render thread/DEBUG] [oshi.util.FileUtil/]: Reading file /sys/devices/system/cpu/cpu1/topology/core_id
[17Sept2026 09:32:32.975] [Render thread/DEBUG] [oshi.util.FileUtil/]: Reading file /sys/devices/system/cpu/cpu1/topology/core_id
[17Sept2026 09:32:32.976] [Render thread/DEBUG] [oshi.util.FileUtil/]: Reading file /sys/devices/system/cpu/cpu1/topology/physical_package_id
[17Sept2026 09:32:32.976] [Render thread/DEBUG] [oshi.util.FileUtil/]: Reading file /sys/devices/system/cpu/cpu1/topology/physical_package_id
[17Sept2026 09:32:32.976] [Render thread/DEBUG] [oshi.util.FileUtil/]: Reading file /sys/devices/system/cpu/cpu1/cpu_capacity
[17Sept2026 09:32:32.976] [Render thread/DEBUG] [oshi.util.FileUtil/]: Reading file /sys/devices/system/cpu/cpu1/cpu_capacity
[17Sept2026 09:32:32.976] [Render thread/DEBUG] [oshi.util.FileUtil/]: Reading file /sys/devices/system/cpu/cpu1/cache/index2/level
[17Sept2026 09:32:32.976] [Render thread/DEBUG] [oshi.util.FileUtil/]: Reading file /sys/devices/system/cpu/cpu1/cache/index2/level
[17Sept2026 09:32:32.976] [Render thread/DEBUG] [oshi.util.FileUtil/]: Reading file /sys/devices/system/cpu/cpu1/cache/index2/type
[17Sept2026 09:32:32.976] [Render thread/DEBUG] [oshi.util.FileUtil/]: Reading file /sys/devices/system/cpu/cpu1/cache/index2/type
[17Sept2026 09:32:32.976] [Render thread/DEBUG] [oshi.util.FileUtil/]: Reading file /sys/devices/system/cpu/cpu1/cache/index2/ways_of_associativity
[17Sept2026 09:32:32.976] [Render thread/DEBUG] [oshi.util.FileUtil/]: Reading file /sys/devices/system/cpu/cpu1/cache/index2/ways_of_associativity
[17Sept2026 09:32:32.976] [Render thread/DEBUG] [oshi.util.FileUtil/]: Reading file /sys/devices/system/cpu/cpu1/cache/index2/coherency_line_size
[17Sept2026 09:32:32.976] [Render thread/DEBUG] [oshi.util.FileUtil/]: Reading file /sys/devices/system/cpu/cpu1/cache/index2/coherency_line_size
[17Sept2026 09:32:32.976] [Render thread/DEBUG] [oshi.util.FileUtil/]: Reading file /sys/devices/system/cpu/cpu1/cache/index2/size
[17Sept2026 09:32:32.976] [Render thread/DEBUG] [oshi.util.FileUtil/]: Reading file /sys/devices/system/cpu/cpu1/cache/index2/size
[17Sept2026 09:32:32.977] [Render thread/DEBUG] [oshi.util.FileUtil/]: Reading file /sys/devices/system/cpu/cpu1/cache/index0/level
[17Sept2026 09:32:32.977] [Render thread/DEBUG] [oshi.util.FileUtil/]: Reading file /sys/devices/system/cpu/cpu1/cache/index0/level
[17Sept2026 09:32:32.977] [Render thread/DEBUG] [oshi.util.FileUtil/]: Reading file /sys/devices/system/cpu/cpu1/cache/index0/type
[17Sept2026 09:32:32.977] [Render thread/DEBUG] [oshi.util.FileUtil/]: Reading file /sys/devices/system/cpu/cpu1/cache/index0/type
[17Sept2026 09:32:32.977] [Render thread/DEBUG] [oshi.util.FileUtil/]: Reading file /sys/devices/system/cpu/cpu1/cache/index0/ways_of_associativity
[17Sept2026 09:32:32.977] [Render thread/DEBUG] [oshi.util.FileUtil/]: Reading file /sys/devices/system/cpu/cpu1/cache/index0/ways_of_associativity
[17Sept2026 09:32:32.977] [Render thread/DEBUG] [oshi.util.FileUtil/]: Reading file /sys/devices/system/cpu/cpu1/cache/index0/coherency_line_size
[17Sept2026 09:32:32.977] [Render thread/DEBUG] [oshi.util.FileUtil/]: Reading file /sys/devices/system/cpu/cpu1/cache/index0/coherency_line_size
[17Sept2026 09:32:32.977] [Render thread/DEBUG] [oshi.util.FileUtil/]: Reading file /sys/devices/system/cpu/cpu1/cache/index0/size
[17Sept2026 09:32:32.977] [Render thread/DEBUG] [oshi.util.FileUtil/]: Reading file /sys/devices/system/cpu/cpu1/cache/index0/size
[17Sept2026 09:32:32.977] [Render thread/DEBUG] [oshi.util.FileUtil/]: Reading file /sys/devices/system/cpu/cpu1/cache/index3/level
[17Sept2026 09:32:32.977] [Render thread/DEBUG] [oshi.util.FileUtil/]: Reading file /sys/devices/system/cpu/cpu1/cache/index3/level
[17Sept2026 09:32:32.977] [Render thread/DEBUG] [oshi.util.FileUtil/]: Reading file /sys/devices/system/cpu/cpu1/cache/index3/type
[17Sept2026 09:32:32.977] [Render thread/DEBUG] [oshi.util.FileUtil/]: Reading file /sys/devices/system/cpu/cpu1/cache/index3/type
[17Sept2026 09:32:32.978] [Render thread/DEBUG] [oshi.util.FileUtil/]: Reading file /sys/devices/system/cpu/cpu1/cache/index3/ways_of_associativity
[17Sept2026 09:32:32.978] [Render thread/DEBUG] [oshi.util.FileUtil/]: Reading file /sys/devices/system/cpu/cpu1/cache/index3/ways_of_associativity
[17Sept2026 09:32:32.978] [Render thread/DEBUG] [oshi.util.FileUtil/]: Reading file /sys/devices/system/cpu/cpu1/cache/index3/coherency_line_size
[17Sept2026 09:32:32.978] [Render thread/DEBUG] [oshi.util.FileUtil/]: Reading file /sys/devices/system/cpu/cpu1/cache/index3/coherency_line_size
[17Sept2026 09:32:32.978] [Render thread/DEBUG] [oshi.util.FileUtil/]: Reading file /sys/devices/system/cpu/cpu1/cache/index3/size
[17Sept2026 09:32:32.978] [Render thread/DEBUG] [oshi.util.FileUtil/]: Reading file /sys/devices/system/cpu/cpu1/cache/index3/size
[17Sept2026 09:32:32.978] [Render thread/DEBUG] [oshi.util.FileUtil/]: Reading file /sys/devices/system/cpu/cpu1/cache/index1/level
[17Sept2026 09:32:32.978] [Render thread/DEBUG] [oshi.util.FileUtil/]: Reading file /sys/devices/system/cpu/cpu1/cache/index1/level
[17Sept2026 09:32:32.978] [Render thread/DEBUG] [oshi.util.FileUtil/]: Reading file /sys/devices/system/cpu/cpu1/cache/index1/type
[17Sept2026 09:32:32.978] [Render thread/DEBUG] [oshi.util.FileUtil/]: Reading file /sys/devices/system/cpu/cpu1/cache/index1/type
[17Sept2026 09:32:32.978] [Render thread/DEBUG] [oshi.util.FileUtil/]: Reading file /sys/devices/system/cpu/cpu1/cache/index1/ways_of_associativity
[17Sept2026 09:32:32.978] [Render thread/DEBUG] [oshi.util.FileUtil/]: Reading file /sys/devices/system/cpu/cpu1/cache/index1/ways_of_associativity
[17Sept2026 09:32:32.978] [Render thread/DEBUG] [oshi.util.FileUtil/]: Reading file /sys/devices/system/cpu/cpu1/cache/index1/coherency_line_size
[17Sept2026 09:32:32.979] [Render thread/DEBUG] [oshi.util.FileUtil/]: Reading file /sys/devices/system/cpu/cpu1/cache/index1/coherency_line_size
[17Sept2026 09:32:32.979] [Render thread/DEBUG] [oshi.util.FileUtil/]: Reading file /sys/devices/system/cpu/cpu1/cache/index1/size
[17Sept2026 09:32:32.979] [Render thread/DEBUG] [oshi.util.FileUtil/]: Reading file /sys/devices/system/cpu/cpu1/cache/index1/size
[17Sept2026 09:32:32.979] [Render thread/DEBUG] [oshi.util.FileUtil/]: Reading file /sys/devices/system/cpu/cpu2/topology/core_id
[17Sept2026 09:32:32.979] [Render thread/DEBUG] [oshi.util.FileUtil/]: Reading file /sys/devices/system/cpu/cpu2/topology/core_id
[17Sept2026 09:32:32.979] [Render thread/DEBUG] [oshi.util.FileUtil/]: Reading file /sys/devices/system/cpu/cpu2/topology/physical_package_id
[17Sept2026 09:32:32.979] [Render thread/DEBUG] [oshi.util.FileUtil/]: Reading file /sys/devices/system/cpu/cpu2/topology/physical_package_id
[17Sept2026 09:32:32.979] [Render thread/DEBUG] [oshi.util.FileUtil/]: Reading file /sys/devices/system/cpu/cpu2/cpu_capacity
[17Sept2026 09:32:32.979] [Render thread/DEBUG] [oshi.util.FileUtil/]: Reading file /sys/devices/system/cpu/cpu2/cpu_capacity
[17Sept2026 09:32:32.980] [Render thread/DEBUG] [oshi.util.FileUtil/]: Reading file /sys/devices/system/cpu/cpu2/cache/index2/level
[17Sept2026 09:32:32.980] [Render thread/DEBUG] [oshi.util.FileUtil/]: Reading file /sys/devices/system/cpu/cpu2/cache/index2/level
[17Sept2026 09:32:32.980] [Render thread/DEBUG] [oshi.util.FileUtil/]: Reading file /sys/devices/system/cpu/cpu2/cache/index2/type
[17Sept2026 09:32:32.980] [Render thread/DEBUG] [oshi.util.FileUtil/]: Reading file /sys/devices/system/cpu/cpu2/cache/index2/type
[17Sept2026 09:32:32.980] [Render thread/DEBUG] [oshi.util.FileUtil/]: Reading file /sys/devices/system/cpu/cpu2/cache/index2/ways_of_associativity
[17Sept2026 09:32:32.980] [Render thread/DEBUG] [oshi.util.FileUtil/]: Reading file /sys/devices/system/cpu/cpu2/cache/index2/ways_of_associativity
[17Sept2026 09:32:32.980] [Render thread/DEBUG] [oshi.util.FileUtil/]: Reading file /sys/devices/system/cpu/cpu2/cache/index2/coherency_line_size
[17Sept2026 09:32:32.980] [Render thread/DEBUG] [oshi.util.FileUtil/]: Reading file /sys/devices/system/cpu/cpu2/cache/index2/coherency_line_size
[17Sept2026 09:32:32.980] [Render thread/DEBUG] [oshi.util.FileUtil/]: Reading file /sys/devices/system/cpu/cpu2/cache/index2/size
[17Sept2026 09:32:32.980] [Render thread/DEBUG] [oshi.util.FileUtil/]: Reading file /sys/devices/system/cpu/cpu2/cache/index2/size
[17Sept2026 09:32:32.980] [Render thread/DEBUG] [oshi.util.FileUtil/]: Reading file /sys/devices/system/cpu/cpu2/cache/index0/level
[17Sept2026 09:32:32.980] [Render thread/DEBUG] [oshi.util.FileUtil/]: Reading file /sys/devices/system/cpu/cpu2/cache/index0/level
[17Sept2026 09:32:32.981] [Render thread/DEBUG] [oshi.util.FileUtil/]: Reading file /sys/devices/system/cpu/cpu2/cache/index0/type
[17Sept2026 09:32:32.981] [Render thread/DEBUG] [oshi.util.FileUtil/]: Reading file /sys/devices/system/cpu/cpu2/cache/index0/type
[17Sept2026 09:32:32.981] [Render thread/DEBUG] [oshi.util.FileUtil/]: Reading file /sys/devices/system/cpu/cpu2/cache/index0/ways_of_associativity
[17Sept2026 09:32:32.981] [Render thread/DEBUG] [oshi.util.FileUtil/]: Reading file /sys/devices/system/cpu/cpu2/cache/index0/ways_of_associativity
[17Sept2026 09:32:32.981] [Render thread/DEBUG] [oshi.util.FileUtil/]: Reading file /sys/devices/system/cpu/cpu2/cache/index0/coherency_line_size
[17Sept2026 09:32:32.981] [Render thread/DEBUG] [oshi.util.FileUtil/]: Reading file /sys/devices/system/cpu/cpu2/cache/index0/coherency_line_size
[17Sept2026 09:32:32.981] [Render thread/DEBUG] [oshi.util.FileUtil/]: Reading file /sys/devices/system/cpu/cpu2/cache/index0/size
[17Sept2026 09:32:32.981] [Render thread/DEBUG] [oshi.util.FileUtil/]: Reading file /sys/devices/system/cpu/cpu2/cache/index0/size
[17Sept2026 09:32:32.981] [Render thread/DEBUG] [oshi.util.FileUtil/]: Reading file /sys/devices/system/cpu/cpu2/cache/index3/level
[17Sept2026 09:32:32.981] [Render thread/DEBUG] [oshi.util.FileUtil/]: Reading file /sys/devices/system/cpu/cpu2/cache/index3/level
[17Sept2026 09:32:32.981] [Render thread/DEBUG] [oshi.util.FileUtil/]: Reading file /sys/devices/system/cpu/cpu2/cache/index3/type
[17Sept2026 09:32:32.981] [Render thread/DEBUG] [oshi.util.FileUtil/]: Reading file /sys/devices/system/cpu/cpu2/cache/index3/type
[17Sept2026 09:32:32.981] [Render thread/DEBUG] [oshi.util.FileUtil/]: Reading file /sys/devices/system/cpu/cpu2/cache/index3/ways_of_associativity
[17Sept2026 09:32:32.981] [Render thread/DEBUG] [oshi.util.FileUtil/]: Reading file /sys/devices/system/cpu/cpu2/cache/index3/ways_of_associativity
[17Sept2026 09:32:32.982] [Render thread/DEBUG] [oshi.util.FileUtil/]: Reading file /sys/devices/system/cpu/cpu2/cache/index3/coherency_line_size
[17Sept2026 09:32:32.982] [Render thread/DEBUG] [oshi.util.FileUtil/]: Reading file /sys/devices/system/cpu/cpu2/cache/index3/coherency_line_size
[17Sept2026 09:32:32.982] [Render thread/DEBUG] [oshi.util.FileUtil/]: Reading file /sys/devices/system/cpu/cpu2/cache/index3/size
[17Sept2026 09:32:32.982] [Render thread/DEBUG] [oshi.util.FileUtil/]: Reading file /sys/devices/system/cpu/cpu2/cache/index3/size
[17Sept2026 09:32:32.982] [Render thread/DEBUG] [oshi.util.FileUtil/]: Reading file /sys/devices/system/cpu/cpu2/cache/index1/level
[17Sept2026 09:32:32.982] [Render thread/DEBUG] [oshi.util.FileUtil/]: Reading file /sys/devices/system/cpu/cpu2/cache/index1/level
[17Sept2026 09:32:32.982] [Render thread/DEBUG] [oshi.util.FileUtil/]: Reading file /sys/devices/system/cpu/cpu2/cache/index1/type
[17Sept2026 09:32:32.982] [Render thread/DEBUG] [oshi.util.FileUtil/]: Reading file /sys/devices/system/cpu/cpu2/cache/index1/type
[17Sept2026 09:32:32.982] [Render thread/DEBUG] [oshi.util.FileUtil/]: Reading file /sys/devices/system/cpu/cpu2/cache/index1/ways_of_associativity
[17Sept2026 09:32:32.982] [Render thread/DEBUG] [oshi.util.FileUtil/]: Reading file /sys/devices/system/cpu/cpu2/cache/index1/ways_of_associativity
[17Sept2026 09:32:32.983] [Render thread/DEBUG] [oshi.util.FileUtil/]: Reading file /sys/devices/system/cpu/cpu2/cache/index1/coherency_line_size
[17Sept2026 09:32:32.983] [Render thread/DEBUG] [oshi.util.FileUtil/]: Reading file /sys/devices/system/cpu/cpu2/cache/index1/coherency_line_size
[17Sept2026 09:32:32.983] [Render thread/DEBUG] [oshi.util.FileUtil/]: Reading file /sys/devices/system/cpu/cpu2/cache/index1/size
[17Sept2026 09:32:32.983] [Render thread/DEBUG] [oshi.util.FileUtil/]: Reading file /sys/devices/system/cpu/cpu2/cache/index1/size
[17Sept2026 09:32:32.983] [Render thread/DEBUG] [oshi.util.FileUtil/]: Reading file /sys/devices/system/cpu/cpu3/topology/core_id
[17Sept2026 09:32:32.983] [Render thread/DEBUG] [oshi.util.FileUtil/]: Reading file /sys/devices/system/cpu/cpu3/topology/core_id
[17Sept2026 09:32:32.984] [Render thread/DEBUG] [oshi.util.FileUtil/]: Reading file /sys/devices/system/cpu/cpu3/topology/physical_package_id
[17Sept2026 09:32:32.984] [Render thread/DEBUG] [oshi.util.FileUtil/]: Reading file /sys/devices/system/cpu/cpu3/topology/physical_package_id
[17Sept2026 09:32:32.984] [Render thread/DEBUG] [oshi.util.FileUtil/]: Reading file /sys/devices/system/cpu/cpu3/cpu_capacity
[17Sept2026 09:32:32.984] [Render thread/DEBUG] [oshi.util.FileUtil/]: Reading file /sys/devices/system/cpu/cpu3/cpu_capacity
[17Sept2026 09:32:32.984] [Render thread/DEBUG] [oshi.util.FileUtil/]: Reading file /sys/devices/system/cpu/cpu3/cache/index2/level
[17Sept2026 09:32:32.984] [Render thread/DEBUG] [oshi.util.FileUtil/]: Reading file /sys/devices/system/cpu/cpu3/cache/index2/level
[17Sept2026 09:32:32.984] [Render thread/DEBUG] [oshi.util.FileUtil/]: Reading file /sys/devices/system/cpu/cpu3/cache/index2/type
[17Sept2026 09:32:32.984] [Render thread/DEBUG] [oshi.util.FileUtil/]: Reading file /sys/devices/system/cpu/cpu3/cache/index2/type
[17Sept2026 09:32:32.984] [Render thread/DEBUG] [oshi.util.FileUtil/]: Reading file /sys/devices/system/cpu/cpu3/cache/index2/ways_of_associativity
[17Sept2026 09:32:32.985] [Render thread/DEBUG] [oshi.util.FileUtil/]: Reading file /sys/devices/system/cpu/cpu3/cache/index2/ways_of_associativity
[17Sept2026 09:32:32.985] [Render thread/DEBUG] [oshi.util.FileUtil/]: Reading file /sys/devices/system/cpu/cpu3/cache/index2/coherency_line_size
[17Sept2026 09:32:32.985] [Render thread/DEBUG] [oshi.util.FileUtil/]: Reading file /sys/devices/system/cpu/cpu3/cache/index2/coherency_line_size
[17Sept2026 09:32:32.985] [Render thread/DEBUG] [oshi.util.FileUtil/]: Reading file /sys/devices/system/cpu/cpu3/cache/index2/size
[17Sept2026 09:32:32.985] [Render thread/DEBUG] [oshi.util.FileUtil/]: Reading file /sys/devices/system/cpu/cpu3/cache/index2/size
[17Sept2026 09:32:32.985] [Render thread/DEBUG] [oshi.util.FileUtil/]: Reading file /sys/devices/system/cpu/cpu3/cache/index0/level
[17Sept2026 09:32:32.985] [Render thread/DEBUG] [oshi.util.FileUtil/]: Reading file /sys/devices/system/cpu/cpu3/cache/index0/level
[17Sept2026 09:32:32.985] [Render thread/DEBUG] [oshi.util.FileUtil/]: Reading file /sys/devices/system/cpu/cpu3/cache/index0/type
[17Sept2026 09:32:32.985] [Render thread/DEBUG] [oshi.util.FileUtil/]: Reading file /sys/devices/system/cpu/cpu3/cache/index0/type
[17Sept2026 09:32:32.985] [Render thread/DEBUG] [oshi.util.FileUtil/]: Reading file /sys/devices/system/cpu/cpu3/cache/index0/ways_of_associativity
[17Sept2026 09:32:32.985] [Render thread/DEBUG] [oshi.util.FileUtil/]: Reading file /sys/devices/system/cpu/cpu3/cache/index0/ways_of_associativity
[17Sept2026 09:32:32.985] [Render thread/DEBUG] [oshi.util.FileUtil/]: Reading file /sys/devices/system/cpu/cpu3/cache/index0/coherency_line_size
[17Sept2026 09:32:32.985] [Render thread/DEBUG] [oshi.util.FileUtil/]: Reading file /sys/devices/system/cpu/cpu3/cache/index0/coherency_line_size
[17Sept2026 09:32:32.985] [Render thread/DEBUG] [oshi.util.FileUtil/]: Reading file /sys/devices/system/cpu/cpu3/cache/index0/size
[17Sept2026 09:32:32.985] [Render thread/DEBUG] [oshi.util.FileUtil/]: Reading file /sys/devices/system/cpu/cpu3/cache/index0/size
[17Sept2026 09:32:32.986] [Render thread/DEBUG] [oshi.util.FileUtil/]: Reading file /sys/devices/system/cpu/cpu3/cache/index3/level
[17Sept2026 09:32:32.986] [Render thread/DEBUG] [oshi.util.FileUtil/]: Reading file /sys/devices/system/cpu/cpu3/cache/index3/level
[17Sept2026 09:32:32.986] [Render thread/DEBUG] [oshi.util.FileUtil/]: Reading file /sys/devices/system/cpu/cpu3/cache/index3/type
[17Sept2026 09:32:32.986] [Render thread/DEBUG] [oshi.util.FileUtil/]: Reading file /sys/devices/system/cpu/cpu3/cache/index3/type
[17Sept2026 09:32:32.986] [Render thread/DEBUG] [oshi.util.FileUtil/]: Reading file /sys/devices/system/cpu/cpu3/cache/index3/ways_of_associativity
[17Sept2026 09:32:32.986] [Render thread/DEBUG] [oshi.util.FileUtil/]: Reading file /sys/devices/system/cpu/cpu3/cache/index3/ways_of_associativity
[17Sept2026 09:32:32.986] [Render thread/DEBUG] [oshi.util.FileUtil/]: Reading file /sys/devices/system/cpu/cpu3/cache/index3/coherency_line_size
[17Sept2026 09:32:32.986] [Render thread/DEBUG] [oshi.util.FileUtil/]: Reading file /sys/devices/system/cpu/cpu3/cache/index3/coherency_line_size
[17Sept2026 09:32:32.986] [Render thread/DEBUG] [oshi.util.FileUtil/]: Reading file /sys/devices/system/cpu/cpu3/cache/index3/size
[17Sept2026 09:32:32.986] [Render thread/DEBUG] [oshi.util.FileUtil/]: Reading file /sys/devices/system/cpu/cpu3/cache/index3/size
[17Sept2026 09:32:32.986] [Render thread/DEBUG] [oshi.util.FileUtil/]: Reading file /sys/devices/system/cpu/cpu3/cache/index1/level
[17Sept2026 09:32:32.986] [Render thread/DEBUG] [oshi.util.FileUtil/]: Reading file /sys/devices/system/cpu/cpu3/cache/index1/level
[17Sept2026 09:32:32.986] [Render thread/DEBUG] [oshi.util.FileUtil/]: Reading file /sys/devices/system/cpu/cpu3/cache/index1/type
[17Sept2026 09:32:32.986] [Render thread/DEBUG] [oshi.util.FileUtil/]: Reading file /sys/devices/system/cpu/cpu3/cache/index1/type
[17Sept2026 09:32:32.987] [Render thread/DEBUG] [oshi.util.FileUtil/]: Reading file /sys/devices/system/cpu/cpu3/cache/index1/ways_of_associativity
[17Sept2026 09:32:32.987] [Render thread/DEBUG] [oshi.util.FileUtil/]: Reading file /sys/devices/system/cpu/cpu3/cache/index1/ways_of_associativity
[17Sept2026 09:32:32.987] [Render thread/DEBUG] [oshi.util.FileUtil/]: Reading file /sys/devices/system/cpu/cpu3/cache/index1/coherency_line_size
[17Sept2026 09:32:32.987] [Render thread/DEBUG] [oshi.util.FileUtil/]: Reading file /sys/devices/system/cpu/cpu3/cache/index1/coherency_line_size
[17Sept2026 09:32:32.987] [Render thread/DEBUG] [oshi.util.FileUtil/]: Reading file /sys/devices/system/cpu/cpu3/cache/index1/size
[17Sept2026 09:32:32.987] [Render thread/DEBUG] [oshi.util.FileUtil/]: Reading file /sys/devices/system/cpu/cpu3/cache/index1/size
[17Sept2026 09:32:32.987] [Render thread/DEBUG] [oshi.util.FileUtil/]: Reading file /proc/cpuinfo
[17Sept2026 09:32:34.327] [Render thread/DEBUG] [oshi.util.FileUtil/]: Reading file /proc/self/auxv
[17Sept2026 09:32:34.377] [Render thread/DEBUG] [net.minecraftforge.common.ForgeI18n/CORE]: Loading I18N data entries: 7096
[17Sept2026 09:32:34.379] [Render thread/DEBUG] [net.minecraftforge.fml.ModWorkManager/LOADING]: Using 4 threads for parallel mod-loading
[17Sept2026 09:32:34.388] [Render thread/DEBUG] [net.minecraftforge.fml.javafmlmod.FMLJavaModLanguageProvider/LOADING]: Loading FMLModContainer from classloader TransformingClassLoader[TRANSFORMER]@769342184 - got SecureModuleClassLoader[LAYER PLUGIN]@195253450
[17Sept2026 09:32:34.391] [Render thread/DEBUG] [net.minecraftforge.fml.javafmlmod.FMLModContainer/LOADING]: Creating FMLModContainer instance for net.minecraftforge.common.ForgeMod
[17Sept2026 09:32:34.395] [Render thread/DEBUG] [net.minecraftforge.fml.javafmlmod.FMLModContainer/LOADING]: Loaded modclass net.minecraftforge.forge/net.minecraftforge.common.ForgeMod with TransformingClassLoader[TRANSFORMER]@769342184
[17Sept2026 09:32:34.395] [Render thread/DEBUG] [net.minecraftforge.fml.javafmlmod.FMLJavaModLanguageProvider/LOADING]: Loading FMLModContainer from classloader TransformingClassLoader[TRANSFORMER]@769342184 - got SecureModuleClassLoader[LAYER PLUGIN]@195253450
[17Sept2026 09:32:34.395] [Render thread/DEBUG] [net.minecraftforge.fml.javafmlmod.FMLModContainer/LOADING]: Creating FMLModContainer instance for dev.epxzzy.epxzzysabers.Forge
[17Sept2026 09:32:34.396] [Render thread/DEBUG] [net.minecraftforge.fml.javafmlmod.FMLModContainer/LOADING]: Loaded modclass epxzzysabers/dev.epxzzy.epxzzysabers.Forge with TransformingClassLoader[TRANSFORMER]@769342184
[17Sept2026 09:32:34.410] [modloading-worker-0/INFO] [epxzzysabers/]: Hello Forge world!
[17Sept2026 09:32:34.417] [modloading-worker-0/INFO] [epxzzysabers/]: Loaded dev.epxzzy.epxzzysabers.platform.ForgePlatformHelper@39b007d2 for service interface dev.epxzzy.epxzzysabers.platform.services.IPlatformHelper
[17Sept2026 09:32:34.419] [modloading-worker-0/INFO] [epxzzysabers/]: Loaded dev.epxzzy.epxzzysabers.platform.ForgePartialItemModelRenderer@c2934a for service interface dev.epxzzy.epxzzysabers.platform.services.IPartialItemModelRenderer
[17Sept2026 09:32:34.421] [modloading-worker-0/INFO] [epxzzysabers/]: Hello from Common init on Forge! we are currently in a development environment!
[17Sept2026 09:32:34.421] [modloading-worker-0/INFO] [epxzzysabers/]: The ID for diamonds is minecraft:diamond
[17Sept2026 09:32:34.434] [modloading-worker-0/DEBUG] [net.minecraftforge.versions.forge.ForgeVersion/CORE]: Forge Version package package net.minecraftforge.versions.forge, Forge, version 0.0 from TransformingClassLoader[TRANSFORMER]@769342184
[17Sept2026 09:32:34.435] [modloading-worker-0/DEBUG] [net.minecraftforge.versions.forge.ForgeVersion/CORE]: Found Forge version 52.0.28
[17Sept2026 09:32:34.435] [modloading-worker-0/DEBUG] [net.minecraftforge.versions.forge.ForgeVersion/CORE]: Found Forge spec 0.0
[17Sept2026 09:32:34.435] [modloading-worker-0/DEBUG] [net.minecraftforge.versions.forge.ForgeVersion/CORE]: Found Forge group net.minecraftforge
[17Sept2026 09:32:34.436] [modloading-worker-0/DEBUG] [net.minecraftforge.versions.mcp.MCPVersion/CORE]: MCP Version package package net.minecraftforge.versions.mcp, Minecraft, version 1.21.1 from TransformingClassLoader[TRANSFORMER]@769342184
[17Sept2026 09:32:34.436] [modloading-worker-0/DEBUG] [net.minecraftforge.versions.mcp.MCPVersion/CORE]: Found MC version information 1.21.1
[17Sept2026 09:32:34.436] [modloading-worker-0/DEBUG] [net.minecraftforge.versions.mcp.MCPVersion/CORE]: Found MCP version information 20240808.132146
[17Sept2026 09:32:34.436] [modloading-worker-0/INFO] [net.minecraftforge.common.ForgeMod/FORGEMOD]: Forge mod loading, version 52.0.28, for MC 1.21.1 with MCP 20240808.132146
[17Sept2026 09:32:34.436] [modloading-worker-0/INFO] [net.minecraftforge.common.MinecraftForge/FORGE]: MinecraftForge v52.0.28 Initialized
[17Sept2026 09:32:34.455] [modloading-worker-0/DEBUG] [net.minecraftforge.fml.javafmlmod.AutomaticEventSubscriber/LOADING]: Attempting to inject @EventBusSubscriber classes into the eventbus for epxzzysabers
[17Sept2026 09:32:34.470] [modloading-worker-0/INFO] [net.minecraftforge.common.ForgeMod/FORGEMOD]: Opening jdk.naming.dns/com.sun.jndi.dns to java.naming
[17Sept2026 09:32:34.487] [modloading-worker-0/DEBUG] [io.netty.util.internal.PlatformDependent0/]: -Dio.netty.noUnsafe: false
[17Sept2026 09:32:34.488] [modloading-worker-0/DEBUG] [io.netty.util.internal.PlatformDependent0/]: Java version: 21
[17Sept2026 09:32:34.489] [modloading-worker-0/DEBUG] [io.netty.util.internal.PlatformDependent0/]: sun.misc.Unsafe.theUnsafe: available
[17Sept2026 09:32:34.490] [modloading-worker-0/DEBUG] [io.netty.util.internal.PlatformDependent0/]: sun.misc.Unsafe.copyMemory: available
[17Sept2026 09:32:34.490] [modloading-worker-0/DEBUG] [io.netty.util.internal.PlatformDependent0/]: sun.misc.Unsafe.storeFence: available
[17Sept2026 09:32:34.490] [modloading-worker-0/DEBUG] [io.netty.util.internal.PlatformDependent0/]: java.nio.Buffer.address: available
[17Sept2026 09:32:34.491] [modloading-worker-0/DEBUG] [io.netty.util.internal.PlatformDependent0/]: direct buffer constructor: unavailable
java.lang.UnsupportedOperationException: Reflective setAccessible(true) disabled
	at SECURE-BOOTSTRAP/io.netty.common@4.1.97.Final/io.netty.util.internal.ReflectionUtil.trySetAccessible(ReflectionUtil.java:31) ~[netty-common-4.1.97.Final.jar:4.1.97.Final]
	at SECURE-BOOTSTRAP/io.netty.common@4.1.97.Final/io.netty.util.internal.PlatformDependent0$5.run(PlatformDependent0.java:289) ~[netty-common-4.1.97.Final.jar:4.1.97.Final]
	at java.base/java.security.AccessController.doPrivileged(AccessController.java:319) ~[?:?]
	at SECURE-BOOTSTRAP/io.netty.common@4.1.97.Final/io.netty.util.internal.PlatformDependent0.<clinit>(PlatformDependent0.java:282) ~[netty-common-4.1.97.Final.jar:4.1.97.Final]
	at SECURE-BOOTSTRAP/io.netty.common@4.1.97.Final/io.netty.util.internal.PlatformDependent.isAndroid(PlatformDependent.java:333) ~[netty-common-4.1.97.Final.jar:4.1.97.Final]
	at SECURE-BOOTSTRAP/io.netty.common@4.1.97.Final/io.netty.util.internal.PlatformDependent.<clinit>(PlatformDependent.java:88) ~[netty-common-4.1.97.Final.jar:4.1.97.Final]
	at SECURE-BOOTSTRAP/io.netty.common@4.1.97.Final/io.netty.util.ConstantPool.<init>(ConstantPool.java:34) ~[netty-common-4.1.97.Final.jar:4.1.97.Final]
	at SECURE-BOOTSTRAP/io.netty.common@4.1.97.Final/io.netty.util.AttributeKey$1.<init>(AttributeKey.java:27) ~[netty-common-4.1.97.Final.jar:4.1.97.Final]
	at SECURE-BOOTSTRAP/io.netty.common@4.1.97.Final/io.netty.util.AttributeKey.<clinit>(AttributeKey.java:27) ~[netty-common-4.1.97.Final.jar:4.1.97.Final]
	at TRANSFORMER/net.minecraftforge.forge@52.0.28/net.minecraftforge.network.NetworkInitialization.<clinit>(NetworkInitialization.java:27) ~[forge-1.21.1-52.0.28_mapped_official_1.21.1-recomp.jar:?]
	at TRANSFORMER/net.minecraftforge.forge@52.0.28/net.minecraftforge.common.ForgeMod.<init>(ForgeMod.java:381) ~[forge-1.21.1-52.0.28_mapped_official_1.21.1-recomp.jar:?]
	at java.base/jdk.internal.reflect.DirectConstructorHandleAccessor.newInstance(DirectConstructorHandleAccessor.java:62) ~[?:?]
	at java.base/java.lang.reflect.Constructor.newInstanceWithCaller(Constructor.java:502) ~[?:?]
	at java.base/java.lang.reflect.Constructor.newInstance(Constructor.java:486) ~[?:?]
	at LAYER PLUGIN/net.minecraftforge.javafmlmod@1.21.1-52.0.28/net.minecraftforge.fml.javafmlmod.FMLModContainer.constructMod(FMLModContainer.java:145) ~[javafmllanguage-1.21.1-52.0.28.jar!/:52.0.28]
	at LAYER PLUGIN/net.minecraftforge.fmlcore@1.21.1-52.0.28/net.minecraftforge.fml.ModContainer.lambda$buildTransitionHandler$5(ModContainer.java:125) ~[fmlcore-1.21.1-52.0.28.jar!/:1.0]
	at java.base/java.util.concurrent.CompletableFuture$AsyncRun.run(CompletableFuture.java:1804) [?:?]
	at java.base/java.util.concurrent.CompletableFuture$AsyncRun.exec(CompletableFuture.java:1796) [?:?]
	at java.base/java.util.concurrent.ForkJoinTask.doExec(ForkJoinTask.java:387) [?:?]
	at java.base/java.util.concurrent.ForkJoinPool$WorkQueue.topLevelExec(ForkJoinPool.java:1312) [?:?]
	at java.base/java.util.concurrent.ForkJoinPool.scan(ForkJoinPool.java:1843) [?:?]
	at java.base/java.util.concurrent.ForkJoinPool.runWorker(ForkJoinPool.java:1808) [?:?]
	at java.base/java.util.concurrent.ForkJoinWorkerThread.run(ForkJoinWorkerThread.java:188) [?:?]
[17Sept2026 09:32:34.498] [modloading-worker-0/DEBUG] [io.netty.util.internal.PlatformDependent0/]: java.nio.Bits.unaligned: available, true
[17Sept2026 09:32:34.500] [modloading-worker-0/DEBUG] [io.netty.util.internal.PlatformDependent0/]: jdk.internal.misc.Unsafe.allocateUninitializedArray(int): unavailable
java.lang.IllegalAccessException: class io.netty.util.internal.PlatformDependent0$7 (in module io.netty.common) cannot access class jdk.internal.misc.Unsafe (in module java.base) because module java.base does not export jdk.internal.misc to module io.netty.common
	at java.base/jdk.internal.reflect.Reflection.newIllegalAccessException(Reflection.java:394) ~[?:?]
	at java.base/java.lang.reflect.AccessibleObject.checkAccess(AccessibleObject.java:714) ~[?:?]
	at java.base/java.lang.reflect.Method.invoke(Method.java:571) ~[?:?]
	at SECURE-BOOTSTRAP/io.netty.common@4.1.97.Final/io.netty.util.internal.PlatformDependent0$7.run(PlatformDependent0.java:411) ~[netty-common-4.1.97.Final.jar:4.1.97.Final]
	at java.base/java.security.AccessController.doPrivileged(AccessController.java:319) ~[?:?]
	at SECURE-BOOTSTRAP/io.netty.common@4.1.97.Final/io.netty.util.internal.PlatformDependent0.<clinit>(PlatformDependent0.java:402) ~[netty-common-4.1.97.Final.jar:4.1.97.Final]
	at SECURE-BOOTSTRAP/io.netty.common@4.1.97.Final/io.netty.util.internal.PlatformDependent.isAndroid(PlatformDependent.java:333) ~[netty-common-4.1.97.Final.jar:4.1.97.Final]
	at SECURE-BOOTSTRAP/io.netty.common@4.1.97.Final/io.netty.util.internal.PlatformDependent.<clinit>(PlatformDependent.java:88) ~[netty-common-4.1.97.Final.jar:4.1.97.Final]
	at SECURE-BOOTSTRAP/io.netty.common@4.1.97.Final/io.netty.util.ConstantPool.<init>(ConstantPool.java:34) ~[netty-common-4.1.97.Final.jar:4.1.97.Final]
	at SECURE-BOOTSTRAP/io.netty.common@4.1.97.Final/io.netty.util.AttributeKey$1.<init>(AttributeKey.java:27) ~[netty-common-4.1.97.Final.jar:4.1.97.Final]
	at SECURE-BOOTSTRAP/io.netty.common@4.1.97.Final/io.netty.util.AttributeKey.<clinit>(AttributeKey.java:27) ~[netty-common-4.1.97.Final.jar:4.1.97.Final]
	at TRANSFORMER/net.minecraftforge.forge@52.0.28/net.minecraftforge.network.NetworkInitialization.<clinit>(NetworkInitialization.java:27) ~[forge-1.21.1-52.0.28_mapped_official_1.21.1-recomp.jar:?]
	at TRANSFORMER/net.minecraftforge.forge@52.0.28/net.minecraftforge.common.ForgeMod.<init>(ForgeMod.java:381) ~[forge-1.21.1-52.0.28_mapped_official_1.21.1-recomp.jar:?]
	at java.base/jdk.internal.reflect.DirectConstructorHandleAccessor.newInstance(DirectConstructorHandleAccessor.java:62) ~[?:?]
	at java.base/java.lang.reflect.Constructor.newInstanceWithCaller(Constructor.java:502) ~[?:?]
	at java.base/java.lang.reflect.Constructor.newInstance(Constructor.java:486) ~[?:?]
	at LAYER PLUGIN/net.minecraftforge.javafmlmod@1.21.1-52.0.28/net.minecraftforge.fml.javafmlmod.FMLModContainer.constructMod(FMLModContainer.java:145) ~[javafmllanguage-1.21.1-52.0.28.jar!/:52.0.28]
	at LAYER PLUGIN/net.minecraftforge.fmlcore@1.21.1-52.0.28/net.minecraftforge.fml.ModContainer.lambda$buildTransitionHandler$5(ModContainer.java:125) ~[fmlcore-1.21.1-52.0.28.jar!/:1.0]
	at java.base/java.util.concurrent.CompletableFuture$AsyncRun.run(CompletableFuture.java:1804) [?:?]
	at java.base/java.util.concurrent.CompletableFuture$AsyncRun.exec(CompletableFuture.java:1796) [?:?]
	at java.base/java.util.concurrent.ForkJoinTask.doExec(ForkJoinTask.java:387) [?:?]
	at java.base/java.util.concurrent.ForkJoinPool$WorkQueue.topLevelExec(ForkJoinPool.java:1312) [?:?]
	at java.base/java.util.concurrent.ForkJoinPool.scan(ForkJoinPool.java:1843) [?:?]
	at java.base/java.util.concurrent.ForkJoinPool.runWorker(ForkJoinPool.java:1808) [?:?]
	at java.base/java.util.concurrent.ForkJoinWorkerThread.run(ForkJoinWorkerThread.java:188) [?:?]
[17Sept2026 09:32:34.502] [modloading-worker-0/DEBUG] [io.netty.util.internal.PlatformDependent0/]: java.nio.DirectByteBuffer.<init>(long, {int,long}): unavailable
[17Sept2026 09:32:34.502] [modloading-worker-0/DEBUG] [io.netty.util.internal.PlatformDependent/]: sun.misc.Unsafe: available
[17Sept2026 09:32:34.503] [modloading-worker-0/DEBUG] [io.netty.util.internal.PlatformDependent/]: maxDirectMemory: 3642753024 bytes (maybe)
[17Sept2026 09:32:34.503] [modloading-worker-0/DEBUG] [io.netty.util.internal.PlatformDependent/]: -Dio.netty.tmpdir: /tmp (java.io.tmpdir)
[17Sept2026 09:32:34.503] [modloading-worker-0/DEBUG] [io.netty.util.internal.PlatformDependent/]: -Dio.netty.bitMode: 64 (sun.arch.data.model)
[17Sept2026 09:32:34.503] [modloading-worker-0/DEBUG] [io.netty.util.internal.PlatformDependent/]: -Dio.netty.maxDirectMemory: -1 bytes
[17Sept2026 09:32:34.504] [modloading-worker-0/DEBUG] [io.netty.util.internal.PlatformDependent/]: -Dio.netty.uninitializedArrayAllocationThreshold: -1
[17Sept2026 09:32:34.505] [modloading-worker-0/DEBUG] [io.netty.util.internal.CleanerJava9/]: java.nio.ByteBuffer.cleaner(): available
[17Sept2026 09:32:34.505] [modloading-worker-0/DEBUG] [io.netty.util.internal.PlatformDependent/]: -Dio.netty.noPreferDirect: false
[17Sept2026 09:32:34.577] [modloading-worker-0/DEBUG] [net.minecraftforge.network.NetworkInitialization/FORGE_NETWORK]: Registering Network forge:login v0
[17Sept2026 09:32:34.577] [modloading-worker-0/DEBUG] [net.minecraftforge.network.NetworkInitialization/FORGE_NETWORK]: Registering Network forge:handshake v0
[17Sept2026 09:32:34.577] [modloading-worker-0/DEBUG] [net.minecraftforge.network.NetworkInitialization/FORGE_NETWORK]: Registering Network forge:handshake v0
[17Sept2026 09:32:34.577] [modloading-worker-0/DEBUG] [net.minecraftforge.network.NetworkInitialization/FORGE_NETWORK]: Registering Network forge:channel_registration v0
[17Sept2026 09:32:34.600] [modloading-worker-0/DEBUG] [net.minecraftforge.fml.config.ConfigTracker/CONFIG]: Config file forge-client.toml for forge tracking
[17Sept2026 09:32:34.601] [modloading-worker-0/DEBUG] [net.minecraftforge.fml.config.ConfigTracker/CONFIG]: Config file forge-server.toml for forge tracking
[17Sept2026 09:32:34.601] [modloading-worker-0/DEBUG] [net.minecraftforge.fml.config.ConfigTracker/CONFIG]: Config file forge-common.toml for forge tracking
[17Sept2026 09:32:34.631] [modloading-worker-0/DEBUG] [net.minecraftforge.fml.javafmlmod.AutomaticEventSubscriber/LOADING]: Attempting to inject @EventBusSubscriber classes into the eventbus for forge
[17Sept2026 09:32:34.634] [modloading-worker-0/DEBUG] [net.minecraftforge.fml.javafmlmod.AutomaticEventSubscriber/LOADING]: Auto-subscribing net.minecraftforge.common.ForgeSpawnEggItem$CommonHandler to MOD
[17Sept2026 09:32:34.635] [modloading-worker-0/DEBUG] [net.minecraftforge.fml.javafmlmod.AutomaticEventSubscriber/LOADING]: Auto-subscribing net.minecraftforge.common.ForgeSpawnEggItem$ColorRegisterHandler to MOD
[17Sept2026 09:32:34.639] [modloading-worker-0/DEBUG] [net.minecraftforge.fml.javafmlmod.AutomaticEventSubscriber/LOADING]: Auto-subscribing net.minecraftforge.client.model.data.ModelDataManager to FORGE
[17Sept2026 09:32:34.641] [modloading-worker-0/DEBUG] [net.minecraftforge.fml.javafmlmod.AutomaticEventSubscriber/LOADING]: Auto-subscribing net.minecraftforge.client.ForgeHooksClient$ClientEvents to MOD
[17Sept2026 09:32:34.649] [modloading-worker-0/DEBUG] [net.minecraftforge.fml.javafmlmod.AutomaticEventSubscriber/LOADING]: Auto-subscribing net.minecraftforge.client.ClientForgeMod to MOD
[17Sept2026 09:32:34.786] [Render thread/DEBUG] [net.minecraftforge.common.capabilities.CapabilityManager/CAPABILITIES]: Attempting to automatically register: Lnet/minecraftforge/energy/IEnergyStorage;
[17Sept2026 09:32:34.789] [Render thread/DEBUG] [net.minecraftforge.common.capabilities.CapabilityManager/CAPABILITIES]: Attempting to automatically register: Lnet/minecraftforge/fluids/capability/IFluidHandler;
[17Sept2026 09:32:34.789] [Render thread/DEBUG] [net.minecraftforge.common.capabilities.CapabilityManager/CAPABILITIES]: Attempting to automatically register: Lnet/minecraftforge/fluids/capability/IFluidHandlerItem;
[17Sept2026 09:32:34.790] [Render thread/DEBUG] [net.minecraftforge.common.capabilities.CapabilityManager/CAPABILITIES]: Attempting to automatically register: Lnet/minecraftforge/items/IItemHandler;
[17Sept2026 09:32:34.854] [Render thread/INFO] [epxzzysabers/]: FKCRT PartialModel made for epxzzysabers:item/hilt/mono_hilt
[17Sept2026 09:32:34.855] [Render thread/INFO] [epxzzysabers/]: FKCRT PartialModel made for epxzzysabers:item/additive/blade_single
[17Sept2026 09:32:35.140] [Render thread/DEBUG] [net.minecraftforge.resource.ResourcePackLoader/CORE]: Generating PackInfo named mod:forge for mod file /
[17Sept2026 09:32:35.141] [Render thread/DEBUG] [net.minecraftforge.resource.ResourcePackLoader/CORE]: Generating PackInfo named mod:epxzzysabers for mod file /run/media/epxzzy/shared/stuff/repos/mcmods/epxzzysabers/forge/build/sourcesSets/main
[17Sept2026 09:32:35.289] [Render thread/DEBUG] [mixin/]: Mixing ItemRendererMixin from epxzzysabers.mixins.json into net.minecraft.client.renderer.entity.ItemRenderer
[17Sept2026 09:32:35.289] [Render thread/DEBUG] [mixin/]: epxzzysabers.mixins.json:ItemRendererMixin: Class version 65 required is higher than the class version supported by the current version of Mixin (JAVA_18 supports class version 62)
[17Sept2026 09:32:35.590] [Render thread/INFO] [net.minecraftforge.gametest.ForgeGameTestHooks/]: Enabled Gametest Namespaces: []
[17Sept2026 09:32:35.700] [Render thread/ERROR] [com.mojang.text2speech.Narrator/]: Error while loading the narrator
com.mojang.text2speech.Narrator$InitializeException: Failed to load library flite
	at SECURE-BOOTSTRAP/text2speech@1.17.9/com.mojang.text2speech.NarratorLinux$FliteLibrary.loadNative(NarratorLinux.java:69) ~[text2speech-1.17.9.jar:?]
	at SECURE-BOOTSTRAP/text2speech@1.17.9/com.mojang.text2speech.NarratorLinux.<init>(NarratorLinux.java:18) ~[text2speech-1.17.9.jar:?]
	at SECURE-BOOTSTRAP/text2speech@1.17.9/com.mojang.text2speech.Narrator.getNarrator(Narrator.java:41) ~[text2speech-1.17.9.jar:?]
	at TRANSFORMER/minecraft@1.21.1/net.minecraft.client.GameNarrator.<init>(GameNarrator.java:21) ~[forge-1.21.1-52.0.28_mapped_official_1.21.1-recomp.jar:?]
	at TRANSFORMER/minecraft@1.21.1/net.minecraft.client.Minecraft.<init>(Minecraft.java:595) ~[forge-1.21.1-52.0.28_mapped_official_1.21.1-recomp.jar:?]
	at TRANSFORMER/minecraft@1.21.1/net.minecraft.client.main.Main.main(Main.java:212) ~[forge-1.21.1-52.0.28_mapped_official_1.21.1-recomp.jar:?]
	at java.base/jdk.internal.reflect.DirectMethodHandleAccessor.invoke(DirectMethodHandleAccessor.java:103) ~[?:?]
	at java.base/java.lang.reflect.Method.invoke(Method.java:580) ~[?:?]
	at SECURE-BOOTSTRAP/net.minecraftforge.fmlloader@1.21.1-52.0.28/net.minecraftforge.fml.loading.targets.CommonLaunchHandler.runTarget(CommonLaunchHandler.java:85) ~[fmlloader-1.21.1-52.0.28.jar!/:?]
	at SECURE-BOOTSTRAP/net.minecraftforge.fmlloader@1.21.1-52.0.28/net.minecraftforge.fml.loading.targets.CommonLaunchHandler.lambda$makeService$0(CommonLaunchHandler.java:69) ~[fmlloader-1.21.1-52.0.28.jar!/:?]
	at SECURE-BOOTSTRAP/cpw.mods.modlauncher@10.2.2/cpw.mods.modlauncher.LaunchServiceHandler.launch(LaunchServiceHandler.java:77) [modlauncher-10.2.2.jar!/:?]
	at SECURE-BOOTSTRAP/cpw.mods.modlauncher@10.2.2/cpw.mods.modlauncher.LaunchServiceHandler.launch(LaunchServiceHandler.java:97) [modlauncher-10.2.2.jar!/:?]
	at SECURE-BOOTSTRAP/cpw.mods.modlauncher@10.2.2/cpw.mods.modlauncher.Launcher.run(Launcher.java:116) [modlauncher-10.2.2.jar!/:?]
	at SECURE-BOOTSTRAP/cpw.mods.modlauncher@10.2.2/cpw.mods.modlauncher.Launcher.main(Launcher.java:75) [modlauncher-10.2.2.jar!/:?]
	at SECURE-BOOTSTRAP/cpw.mods.modlauncher@10.2.2/cpw.mods.modlauncher.BootstrapEntry.main(BootstrapEntry.java:17) [modlauncher-10.2.2.jar!/:?]
	at net.minecraftforge.bootstrap@2.1.3/net.minecraftforge.bootstrap.Bootstrap.moduleMain(Bootstrap.java:188) [bootstrap-2.1.3.jar!/:?]
	at java.base/jdk.internal.reflect.DirectMethodHandleAccessor.invoke(DirectMethodHandleAccessor.java:103) ~[?:?]
	at java.base/java.lang.reflect.Method.invoke(Method.java:580) ~[?:?]
	at net.minecraftforge.bootstrap.Bootstrap.bootstrapMain(Bootstrap.java:133) [bootstrap-2.1.3.jar:2.1.3]
	at net.minecraftforge.bootstrap.Bootstrap.start(Bootstrap.java:53) [bootstrap-2.1.3.jar:2.1.3]
	at net.minecraftforge.bootstrap.ForgeBootstrap.main(ForgeBootstrap.java:19) [bootstrap-2.1.3.jar:2.1.3]
Caused by: java.lang.UnsatisfiedLinkError: Unable to load library 'flite':
libflite.so: cannot open shared object file: No such file or directory
libflite.so: cannot open shared object file: No such file or directory
Native library (linux-x86-64/libflite.so) not found in resource path (/run/media/epxzzy/shared/stuff/repos/mcmods/epxzzysabers/forge/build/sourcesSets/main:/home/epxzzy/.gradle/caches/forge_gradle/minecraft_user_repo/net/minecraftforge/forge/1.21.1-52.0.28_mapped_official_1.21.1/forge-1.21.1-52.0.28_mapped_official_1.21.1-recomp.jar:/home/epxzzy/.gradle/caches/forge_gradle/minecraft_repo/versions/1.21.1/client-extra.jar:/home/epxzzy/.gradle/caches/modules-2/files-2.1/net.minecraftforge/fmlearlydisplay/1.21.1-52.0.28/1e10247936c6b29cfce9cc17145a079873b7f415/fmlearlydisplay-1.21.1-52.0.28.jar:/home/epxzzy/.gradle/caches/modules-2/files-2.1/net.minecraftforge/javafmllanguage/1.21.1-52.0.28/c091cb37b32ae5664183315fbd3336d627b856f1/javafmllanguage-1.21.1-52.0.28.jar:/home/epxzzy/.gradle/caches/modules-2/files-2.1/net.minecraftforge/lowcodelanguage/1.21.1-52.0.28/74c7b68a92639a41348e81149e13553b4fa1534b/lowcodelanguage-1.21.1-52.0.28.jar:/home/epxzzy/.gradle/caches/modules-2/files-2.1/net.minecraftforge/mclanguage/1.21.1-52.0.28/abee79c2d01fa007993d09fcd6efb41621a3459/mclanguage-1.21.1-52.0.28.jar:/home/epxzzy/.gradle/caches/modules-2/files-2.1/net.minecraftforge/fmlcore/1.21.1-52.0.28/23706ca00435a81e286f01d31ce6af4803b3d9b3/fmlcore-1.21.1-52.0.28.jar:/home/epxzzy/.gradle/caches/modules-2/files-2.1/net.minecraftforge/fmlloader/1.21.1-52.0.28/fc25d7393e7b8d9b302ada839d384d7ee3d1a949/fmlloader-1.21.1-52.0.28.jar:/home/epxzzy/.gradle/caches/modules-2/files-2.1/net.minecraftforge/accesstransformers/8.2.0/36503cf42f74f03fdfbac400d77a90c93a89b8d4/accesstransformers-8.2.0.jar:/home/epxzzy/.gradle/caches/modules-2/files-2.1/net.minecraftforge/forgespi/7.1.5/c01beea469b66cf787614239b7e0f791329b3816/forgespi-7.1.5.jar:/home/epxzzy/.gradle/caches/modules-2/files-2.1/net.minecraftforge/modlauncher/10.2.2/e74e1f8d9a15c46dc004ccb5a018c372b1e6c9ef/modlauncher-10.2.2.jar:/home/epxzzy/.gradle/caches/modules-2/files-2.1/net.sf.jopt-simple/jopt-simple/5.0.4/4fdac2fbe92dfad86aa6e9301736f6b4342a3f5c/jopt-simple-5.0.4.jar:/home/epxzzy/.gradle/caches/modules-2/files-2.1/net.minecraftforge/JarJarSelector/0.3.26/1e032096a4d07e5bbb7b2f3b2beee8d5e02879e9/JarJarSelector-0.3.26.jar:/home/epxzzy/.gradle/caches/modules-2/files-2.1/net.minecraftforge/JarJarMetadata/0.3.26/6db967d6cce100e4abdeed0abfd594b9f42e0d10/JarJarMetadata-0.3.26.jar:/home/epxzzy/.gradle/caches/modules-2/files-2.1/com.google.jimfs/jimfs/1.3.0/93096472c3654a761c40c8e5d4ad82a7c1a0fd54/jimfs-1.3.0.jar:/home/epxzzy/.gradle/caches/modules-2/files-2.1/com.google.guava/guava/32.1.2-jre/5e64ec7e056456bef3a4bc4c6fdaef71e8ab6318/guava-32.1.2-jre.jar:/home/epxzzy/.gradle/caches/modules-2/files-2.1/com.google.code.findbugs/jsr305/3.0.2/25ea2e8b0c338a877313bd4672d3fe056ea78f0d/jsr305-3.0.2.jar:/home/epxzzy/.gradle/caches/modules-2/files-2.1/org.jetbrains/annotations/24.0.1/13c5c75c4206580aa4d683bffee658caae6c9f43/annotations-24.0.1.jar:/home/epxzzy/.gradle/caches/modules-2/files-2.1/ca.weblite/java-objc-bridge/1.1/1227f9e0666314f9de41477e3ec277e542ed7f7b/java-objc-bridge-1.1.jar:/home/epxzzy/.gradle/caches/modules-2/files-2.1/net.minecraftforge/mergetool-api/1.0/589fac8080d2eb657bb37f464151abcd25524d64/mergetool-api-1.0.jar:/home/epxzzy/.gradle/caches/forge_gradle/mcp_repo/net/minecraft/mapping/1.21.1/mapping-1.21.1-mapping.zip:/home/epxzzy/.gradle/caches/modules-2/files-2.1/net.minecraftforge/bootstrap/2.1.3/34751bfe0b86af1359259169876483c57ac78137/bootstrap-2.1.3.jar:/home/epxzzy/.gradle/caches/modules-2/files-2.1/net.minecraftforge/bootstrap-api/2.1.3/dbea3c0b32d286aaaa35d9b12b97e36f80bce7d2/bootstrap-api-2.1.3.jar:/home/epxzzy/.gradle/caches/modules-2/files-2.1/net.minecraftforge/eventbus/6.2.8/7a5148a85e7b68efb1529b96d81c920017b43d75/eventbus-6.2.8.jar:/home/epxzzy/.gradle/caches/modules-2/files-2.1/net.jodah/typetools/0.6.3/a01aaa6ddaea9ec07ec4f209487b7a46a526283a/typetools-0.6.3.jar:/home/epxzzy/.gradle/caches/modules-2/files-2.1/net.minecraftforge/coremods/5.2.1/b0a0c6a7e05ab7cdffa74bf9d7f149d26071a393/coremods-5.2.1.jar:/home/epxzzy/.gradle/caches/modules-2/files-2.1/org.openjdk.nashorn/nashorn-core/15.4/f67f5ffaa5f5130cf6fb9b133da00c7df3b532a5/nashorn-core-15.4.jar:/home/epxzzy/.gradle/caches/modules-2/files-2.1/com.electronwill.night-config/toml/3.7.3/3c59200746f44d28899ec4c8af4575b309978f1d/toml-3.7.3.jar:/home/epxzzy/.gradle/caches/modules-2/files-2.1/com.electronwill.night-config/core/3.7.3/4853861e9fa8e59f36a16ebef78217be0ecbaba8/core-3.7.3.jar:/home/epxzzy/.gradle/caches/modules-2/files-2.1/org.apache.maven/maven-artifact/3.8.5/4433f50c07debefaed0553bd0068f4f48d449313/maven-artifact-3.8.5.jar:/home/epxzzy/.gradle/caches/modules-2/files-2.1/net.minecrell/terminalconsoleappender/1.2.0/96d02cd3b384ff015a8fef4223bcb4ccf1717c95/terminalconsoleappender-1.2.0.jar:/home/epxzzy/.gradle/caches/modules-2/files-2.1/org.jline/jline-reader/3.12.1/4382ab1382c7b6f379377ed5f665dc2f6e1218bc/jline-reader-3.12.1.jar:/home/epxzzy/.gradle/caches/modules-2/files-2.1/org.jline/jline-terminal-jna/3.12.1/b0646629dc09c4a49c5e8baa65c5aba3066a7dee/jline-terminal-jna-3.12.1.jar:/home/epxzzy/.gradle/caches/modules-2/files-2.1/org.jline/jline-terminal/3.12.1/c777448314e050d980a6b697c140f3bfe9eb7416/jline-terminal-3.12.1.jar:/home/epxzzy/.gradle/caches/modules-2/files-2.1/org.spongepowered/mixin/0.8.7/8ab114ac385e6dbdad5efafe28aba4df8120915f/mixin-0.8.7.jar:/home/epxzzy/.gradle/caches/modules-2/files-2.1/net.minecraftforge/JarJarFileSystems/0.3.26/4b48cd32749b87a18afee96f33b825305feea289/JarJarFileSystems-0.3.26.jar:/home/epxzzy/.gradle/caches/modules-2/files-2.1/com.google.guava/failureaccess/1.0.1/1dcf1de382a0bf95a3d8b0849546c88bac1292c9/failureaccess-1.0.1.jar:/home/epxzzy/.gradle/caches/modules-2/files-2.1/net.minecraftforge/securemodules/2.2.20/7b68d79f2f6c4e199a2989de7402d78270ab1ef/securemodules-2.2.20.jar:/home/epxzzy/.gradle/caches/modules-2/files-2.1/net.minecraftforge/unsafe/0.9.2/33bad02861cabd77c54a8c9d1205e8638bbbbb4f/unsafe-0.9.2.jar:/home/epxzzy/.gradle/caches/modules-2/files-2.1/org.ow2.asm/asm-util/9.7.1/9e23359b598ec6b74b23e53110dd5c577adf2243/asm-util-9.7.1.jar:/home/epxzzy/.gradle/caches/modules-2/files-2.1/org.ow2.asm/asm-commons/9.7.1/406c6a2225cfe1819f102a161e54cc16a5c24f75/asm-commons-9.7.1.jar:/home/epxzzy/.gradle/caches/modules-2/files-2.1/org.ow2.asm/asm-analysis/9.7.1/f97a3b319f0ed6a8cd944dc79060d3912a28985f/asm-analysis-9.7.1.jar:/home/epxzzy/.gradle/caches/modules-2/files-2.1/org.ow2.asm/asm-tree/9.7.1/3a53139787663b139de76b627fca0084ab60d32c/asm-tree-9.7.1.jar:/home/epxzzy/.gradle/caches/modules-2/files-2.1/org.ow2.asm/asm/9.7.1/f0ed132a49244b042cd0e15702ab9f2ce3cc8436/asm-9.7.1.jar:/home/epxzzy/.gradle/caches/modules-2/files-2.1/com.github.oshi/oshi-core/6.4.10/b1d8ab82d11d92fd639b56d639f8f46f739dd5fa/oshi-core-6.4.10.jar:/home/epxzzy/.gradle/caches/modules-2/files-2.1/com.google.code.gson/gson/2.10.1/b3add478d4382b78ea20b1671390a858002feb6c/gson-2.10.1.jar:/home/epxzzy/.gradle/caches/modules-2/files-2.1/com.ibm.icu/icu4j/73.2/61ad4ef7f9131fcf6d25c34b817f90d6da06c9e9/icu4j-73.2.jar:/home/epxzzy/.gradle/caches/modules-2/files-2.1/com.mojang/authlib/6.0.54/de8bc95660e1b2fe8793fd427a7a10dcec5b3ea7/authlib-6.0.54.jar:/home/epxzzy/.gradle/caches/modules-2/files-2.1/com.mojang/blocklist/1.0.10/5c685c5ffa94c4cd39496c7184c1d122e515ecef/blocklist-1.0.10.jar:/home/epxzzy/.gradle/caches/modules-2/files-2.1/com.mojang/brigadier/1.3.10/d15b53a14cf20fdcaa98f731af5dda654452c010/brigadier-1.3.10.jar:/home/epxzzy/.gradle/caches/modules-2/files-2.1/com.mojang/datafixerupper/8.0.16/67d4de6d7f95d89bcf5862995fb854ebaec02a34/datafixerupper-8.0.16.jar:/home/epxzzy/.gradle/caches/modules-2/files-2.1/com.mojang/logging/1.2.7/24cb95ffb0e3433fd6e844c04e68009e504ca1c0/logging-1.2.7.jar:/home/epxzzy/.gradle/caches/modules-2/files-2.1/com.mojang/patchy/2.2.10/da05971b07cbb379d002cf7eaec6a2048211fefc/patchy-2.2.10.jar:/home/epxzzy/.gradle/caches/modules-2/files-2.1/com.mojang/text2speech/1.17.9/3cad216e3a7f0c19b4b394388bc9ffc446f13b14/text2speech-1.17.9.jar:/home/epxzzy/.gradle/caches/modules-2/files-2.1/org.apache.httpcomponents/httpclient/4.5.13/e5f6cae5ca7ecaac1ec2827a9e2d65ae2869cada/httpclient-4.5.13.jar:/home/epxzzy/.gradle/caches/modules-2/files-2.1/commons-codec/commons-codec/1.16.0/4e3eb3d79888d76b54e28b350915b5dc3919c9de/commons-codec-1.16.0.jar:/home/epxzzy/.gradle/caches/modules-2/files-2.1/org.apache.commons/commons-compress/1.26.0/659feffdd12280201c8aacb8f7be94f9a883c824/commons-compress-1.26.0.jar:/home/epxzzy/.gradle/caches/modules-2/files-2.1/commons-io/commons-io/2.15.1/f11560da189ab563a5c8e351941415430e9304ea/commons-io-2.15.1.jar:/home/epxzzy/.gradle/caches/modules-2/files-2.1/commons-logging/commons-logging/1.2/4bfc12adfe4842bf07b657f0369c4cb522955686/commons-logging-1.2.jar:/home/epxzzy/.gradle/caches/modules-2/files-2.1/io.netty/netty-handler/4.1.97.Final/abb86c6906bf512bf2b797a41cd7d2e8d3cd7c36/netty-handler-4.1.97.Final.jar:/home/epxzzy/.gradle/caches/modules-2/files-2.1/io.netty/netty-codec/4.1.97.Final/384ba4d75670befbedb45c4d3b497a93639c206d/netty-codec-4.1.97.Final.jar:/home/epxzzy/.gradle/caches/modules-2/files-2.1/io.netty/netty-transport-native-epoll/4.1.97.Final/5514744c588190ffda076b35a9b8c9f24946a960/netty-transport-native-epoll-4.1.97.Final-linux-aarch_64.jar:/home/epxzzy/.gradle/caches/modules-2/files-2.1/io.netty/netty-transport-native-epoll/4.1.97.Final/54188f271e388e7f313aea995e82f58ce2cdb809/netty-transport-native-epoll-4.1.97.Final-linux-x86_64.jar:/home/epxzzy/.gradle/caches/modules-2/files-2.1/io.netty/netty-transport-classes-epoll/4.1.97.Final/795da37ded759e862457a82d9d92c4d39ce8ecee/netty-transport-classes-epoll-4.1.97.Final.jar:/home/epxzzy/.gradle/caches/modules-2/files-2.1/io.netty/netty-transport-native-unix-common/4.1.97.Final/d469d84265ab70095b01b40886cabdd433b6e664/netty-transport-native-unix-common-4.1.97.Final.jar:/home/epxzzy/.gradle/caches/modules-2/files-2.1/io.netty/netty-transport/4.1.97.Final/f37380d23c9bb079bc702910833b2fd532c9abd0/netty-transport-4.1.97.Final.jar:/home/epxzzy/.gradle/caches/modules-2/files-2.1/io.netty/netty-buffer/4.1.97.Final/f8f3d8644afa5e6e1a40a3a6aeb9d9aa970ecb4f/netty-buffer-4.1.97.Final.jar:/home/epxzzy/.gradle/caches/modules-2/files-2.1/io.netty/netty-resolver/4.1.97.Final/cec8348108dc76c47cf87c669d514be52c922144/netty-resolver-4.1.97.Final.jar:/home/epxzzy/.gradle/caches/modules-2/files-2.1/io.netty/netty-common/4.1.97.Final/7cceacaf11df8dc63f23d0fb58e9d4640fc88404/netty-common-4.1.97.Final.jar:/home/epxzzy/.gradle/caches/modules-2/files-2.1/it.unimi.dsi/fastutil/8.5.12/c24946d46824bd528054bface3231d2ecb7e95e8/fastutil-8.5.12.jar:/home/epxzzy/.gradle/caches/modules-2/files-2.1/net.java.dev.jna/jna-platform/5.14.0/28934d48aed814f11e4c584da55c49fa7032b31b/jna-platform-5.14.0.jar:/home/epxzzy/.gradle/caches/modules-2/files-2.1/net.java.dev.jna/jna/5.14.0/67bf3eaea4f0718cb376a181a629e5f88fa1c9dd/jna-5.14.0.jar:/home/epxzzy/.gradle/caches/modules-2/files-2.1/org.apache.commons/commons-lang3/3.14.0/1ed471194b02f2c6cb734a0cd6f6f107c673afae/commons-lang3-3.14.0.jar:/home/epxzzy/.gradle/caches/modules-2/files-2.1/org.apache.httpcomponents/httpcore/4.4.16/51cf043c87253c9f58b539c9f7e44c8894223850/httpcore-4.4.16.jar:/home/epxzzy/.gradle/caches/modules-2/files-2.1/org.apache.logging.log4j/log4j-slf4j2-impl/2.22.1/d7e6693c2606cb7e7335047d7bb96dec52db5665/log4j-slf4j2-impl-2.22.1.jar:/home/epxzzy/.gradle/caches/modules-2/files-2.1/org.apache.logging.log4j/log4j-core/2.22.1/7183a25510a02ad00cc6a95d3b3d2a7d3c5a8dc4/log4j-core-2.22.1.jar:/home/epxzzy/.gradle/caches/modules-2/files-2.1/org.apache.logging.log4j/log4j-api/2.22.1/bea6fede6328fabafd7e68363161a7ea6605abd1/log4j-api-2.22.1.jar:/home/epxzzy/.gradle/caches/modules-2/files-2.1/org.jcraft/jorbis/0.0.17/8872d22b293e8f5d7d56ff92be966e6dc28ebdc6/jorbis-0.0.17.jar:/home/epxzzy/.gradle/caches/modules-2/files-2.1/org.joml/joml/1.10.5/22566d58af70ad3d72308bab63b8339906deb649/joml-1.10.5.jar:/home/epxzzy/.gradle/caches/modules-2/files-2.1/org.lwjgl/lwjgl-freetype/3.3.3/a0db6c84a8becc8ca05f9dbfa985edc348a824c7/lwjgl-freetype-3.3.3.jar:/home/epxzzy/.gradle/caches/modules-2/files-2.1/org.lwjgl/lwjgl-freetype/3.3.3/149070a5480900347071b7074779531f25a6e3dc/lwjgl-freetype-3.3.3-natives-linux.jar:/home/epxzzy/.gradle/caches/modules-2/files-2.1/org.lwjgl/lwjgl-glfw/3.3.3/efa1eb78c5ccd840e9f329717109b5e892d72f8e/lwjgl-glfw-3.3.3.jar:/home/epxzzy/.gradle/caches/modules-2/files-2.1/org.lwjgl/lwjgl-glfw/3.3.3/a03684c5e4b1b1dbbe0d29dbbdc27b985b6840f2/lwjgl-glfw-3.3.3-natives-linux.jar:/home/epxzzy/.gradle/caches/modules-2/files-2.1/org.lwjgl/lwjgl-jemalloc/3.3.3/b543467b7ff3c6920539a88ee602d34098628be5/lwjgl-jemalloc-3.3.3.jar:/home/epxzzy/.gradle/caches/modules-2/files-2.1/org.lwjgl/lwjgl-jemalloc/3.3.3/4f86728bf449b1dd61251c4e0ac01df1389cb51e/lwjgl-jemalloc-3.3.3-natives-linux.jar:/home/epxzzy/.gradle/caches/modules-2/files-2.1/org.lwjgl/lwjgl-openal/3.3.3/daada81ceb5fc0c291fbfdd4433cb8d9423577f2/lwjgl-openal-3.3.3.jar:/home/epxzzy/.gradle/caches/modules-2/files-2.1/org.lwjgl/lwjgl-openal/3.3.3/3037360cc4595079bea240af250b6d1a527e0905/lwjgl-openal-3.3.3-natives-linux.jar:/home/epxzzy/.gradle/caches/modules-2/files-2.1/org.lwjgl/lwjgl-opengl/3.3.3/2f6b0147078396a58979125a4c947664e98293a/lwjgl-opengl-3.3.3.jar:/home/epxzzy/.gradle/caches/modules-2/files-2.1/org.lwjgl/lwjgl-opengl/3.3.3/62c70a4b00ca5391882b0f4b787c1588d24f1c86/lwjgl-opengl-3.3.3-natives-linux.jar:/home/epxzzy/.gradle/caches/modules-2/files-2.1/org.lwjgl/lwjgl-stb/3.3.3/25dd6161988d7e65f71d5065c99902402ee32746/lwjgl-stb-3.3.3.jar:/home/epxzzy/.gradle/caches/modules-2/files-2.1/org.lwjgl/lwjgl-stb/3.3.3/fd1271ccd9d85eff2fa31f3fd543e02ccfaf5041/lwjgl-stb-3.3.3-natives-linux.jar:/home/epxzzy/.gradle/caches/modules-2/files-2.1/org.lwjgl/lwjgl-tinyfd/3.3.3/82d755ca94b102e9ca77283b9e2dc46d1b15fbe5/lwjgl-tinyfd-3.3.3.jar:/home/epxzzy/.gradle/caches/modules-2/files-2.1/org.lwjgl/lwjgl-tinyfd/3.3.3/d8d58daa0c3e5fd906fee96f5fddbcbc07cc308b/lwjgl-tinyfd-3.3.3-natives-linux.jar:/home/epxzzy/.gradle/caches/modules-2/files-2.1/org.lwjgl/lwjgl/3.3.3/29589b5f87ed335a6c7e7ee6a5775f81f97ecb84/lwjgl-3.3.3.jar:/home/epxzzy/.gradle/caches/modules-2/files-2.1/org.lwjgl/lwjgl/3.3.3/1713758e3660ba66e1e954396fd18126038b33c0/lwjgl-3.3.3-natives-linux.jar:/home/epxzzy/.gradle/caches/modules-2/files-2.1/org.lz4/lz4-java/1.8.0/4b986a99445e49ea5fbf5d149c4b63f6ed6c6780/lz4-java-1.8.0.jar:/home/epxzzy/.gradle/caches/modules-2/files-2.1/com.machinezoo.noexception/noexception/1.7.1/b65330c98e38a1f915fa54a6e5eca496505e3f0a/noexception-1.7.1.jar:/home/epxzzy/.gradle/caches/modules-2/files-2.1/org.slf4j/slf4j-simple/1.7.30/e606eac955f55ecf1d8edcccba04eb8ac98088dd/slf4j-simple-1.7.30.jar:/home/epxzzy/.gradle/caches/modules-2/files-2.1/org.slf4j/slf4j-api/2.0.9/7cf2726fdcfbc8610f9a71fb3ed639871f315340/slf4j-api-2.0.9.jar:/home/epxzzy/.gradle/caches/modules-2/files-2.1/org.codehaus.plexus/plexus-utils/3.3.0/cf43b5391de623b36fe066a21127baef82c64022/plexus-utils-3.3.0.jar:/home/epxzzy/.gradle/caches/modules-2/files-2.1/com.google.guava/listenablefuture/9999.0-empty-to-avoid-conflict-with-guava/b421526c5f297295adef1c886e5246c39d4ac629/listenablefuture-9999.0-empty-to-avoid-conflict-with-guava.jar:/home/epxzzy/.gradle/caches/modules-2/files-2.1/org.checkerframework/checker-qual/3.33.0/de2b60b62da487644fc11f734e73c8b0b431238f/checker-qual-3.33.0.jar:/home/epxzzy/.gradle/caches/modules-2/files-2.1/com.google.errorprone/error_prone_annotations/2.18.0/89b684257096f548fa39a7df9fdaa409d4d4df91/error_prone_annotations-2.18.0.jar)
	at SECURE-BOOTSTRAP/com.sun.jna@5.14.0/com.sun.jna.NativeLibrary.loadLibrary(NativeLibrary.java:325) ~[jna-5.14.0.jar:5.14.0 (b0)]
	at SECURE-BOOTSTRAP/com.sun.jna@5.14.0/com.sun.jna.NativeLibrary.getInstance(NativeLibrary.java:481) ~[jna-5.14.0.jar:5.14.0 (b0)]
	at SECURE-BOOTSTRAP/com.sun.jna@5.14.0/com.sun.jna.NativeLibrary.getInstance(NativeLibrary.java:423) ~[jna-5.14.0.jar:5.14.0 (b0)]
	at SECURE-BOOTSTRAP/text2speech@1.17.9/com.mojang.text2speech.NarratorLinux$FliteLibrary.loadNative(NarratorLinux.java:67) ~[text2speech-1.17.9.jar:?]
	... 20 more
	Suppressed: java.lang.UnsatisfiedLinkError: libflite.so: cannot open shared object file: No such file or directory
		at SECURE-BOOTSTRAP/com.sun.jna@5.14.0/com.sun.jna.Native.open(Native Method) ~[jna-5.14.0.jar:5.14.0 (b0)]
		at SECURE-BOOTSTRAP/com.sun.jna@5.14.0/com.sun.jna.NativeLibrary.loadLibrary(NativeLibrary.java:213) ~[jna-5.14.0.jar:5.14.0 (b0)]
		at SECURE-BOOTSTRAP/com.sun.jna@5.14.0/com.sun.jna.NativeLibrary.getInstance(NativeLibrary.java:481) ~[jna-5.14.0.jar:5.14.0 (b0)]
		at SECURE-BOOTSTRAP/com.sun.jna@5.14.0/com.sun.jna.NativeLibrary.getInstance(NativeLibrary.java:423) ~[jna-5.14.0.jar:5.14.0 (b0)]
		at SECURE-BOOTSTRAP/text2speech@1.17.9/com.mojang.text2speech.NarratorLinux$FliteLibrary.loadNative(NarratorLinux.java:67) ~[text2speech-1.17.9.jar:?]
		at SECURE-BOOTSTRAP/text2speech@1.17.9/com.mojang.text2speech.NarratorLinux.<init>(NarratorLinux.java:18) ~[text2speech-1.17.9.jar:?]
		at SECURE-BOOTSTRAP/text2speech@1.17.9/com.mojang.text2speech.Narrator.getNarrator(Narrator.java:41) ~[text2speech-1.17.9.jar:?]
		at TRANSFORMER/minecraft@1.21.1/net.minecraft.client.GameNarrator.<init>(GameNarrator.java:21) ~[forge-1.21.1-52.0.28_mapped_official_1.21.1-recomp.jar:?]
		at TRANSFORMER/minecraft@1.21.1/net.minecraft.client.Minecraft.<init>(Minecraft.java:595) ~[forge-1.21.1-52.0.28_mapped_official_1.21.1-recomp.jar:?]
		at TRANSFORMER/minecraft@1.21.1/net.minecraft.client.main.Main.main(Main.java:212) ~[forge-1.21.1-52.0.28_mapped_official_1.21.1-recomp.jar:?]
		at java.base/jdk.internal.reflect.DirectMethodHandleAccessor.invoke(DirectMethodHandleAccessor.java:103) ~[?:?]
		at java.base/java.lang.reflect.Method.invoke(Method.java:580) ~[?:?]
		at SECURE-BOOTSTRAP/net.minecraftforge.fmlloader@1.21.1-52.0.28/net.minecraftforge.fml.loading.targets.CommonLaunchHandler.runTarget(CommonLaunchHandler.java:85) ~[fmlloader-1.21.1-52.0.28.jar!/:?]
		at SECURE-BOOTSTRAP/net.minecraftforge.fmlloader@1.21.1-52.0.28/net.minecraftforge.fml.loading.targets.CommonLaunchHandler.lambda$makeService$0(CommonLaunchHandler.java:69) ~[fmlloader-1.21.1-52.0.28.jar!/:?]
		at SECURE-BOOTSTRAP/cpw.mods.modlauncher@10.2.2/cpw.mods.modlauncher.LaunchServiceHandler.launch(LaunchServiceHandler.java:77) [modlauncher-10.2.2.jar!/:?]
		at SECURE-BOOTSTRAP/cpw.mods.modlauncher@10.2.2/cpw.mods.modlauncher.LaunchServiceHandler.launch(LaunchServiceHandler.java:97) [modlauncher-10.2.2.jar!/:?]
		at SECURE-BOOTSTRAP/cpw.mods.modlauncher@10.2.2/cpw.mods.modlauncher.Launcher.run(Launcher.java:116) [modlauncher-10.2.2.jar!/:?]
		at SECURE-BOOTSTRAP/cpw.mods.modlauncher@10.2.2/cpw.mods.modlauncher.Launcher.main(Launcher.java:75) [modlauncher-10.2.2.jar!/:?]
		at SECURE-BOOTSTRAP/cpw.mods.modlauncher@10.2.2/cpw.mods.modlauncher.BootstrapEntry.main(BootstrapEntry.java:17) [modlauncher-10.2.2.jar!/:?]
		at net.minecraftforge.bootstrap@2.1.3/net.minecraftforge.bootstrap.Bootstrap.moduleMain(Bootstrap.java:188) [bootstrap-2.1.3.jar!/:?]
		at java.base/jdk.internal.reflect.DirectMethodHandleAccessor.invoke(DirectMethodHandleAccessor.java:103) ~[?:?]
		at java.base/java.lang.reflect.Method.invoke(Method.java:580) ~[?:?]
		at net.minecraftforge.bootstrap.Bootstrap.bootstrapMain(Bootstrap.java:133) [bootstrap-2.1.3.jar:2.1.3]
		at net.minecraftforge.bootstrap.Bootstrap.start(Bootstrap.java:53) [bootstrap-2.1.3.jar:2.1.3]
		at net.minecraftforge.bootstrap.ForgeBootstrap.main(ForgeBootstrap.java:19) [bootstrap-2.1.3.jar:2.1.3]
	Suppressed: java.lang.UnsatisfiedLinkError: libflite.so: cannot open shared object file: No such file or directory
		at SECURE-BOOTSTRAP/com.sun.jna@5.14.0/com.sun.jna.Native.open(Native Method) ~[jna-5.14.0.jar:5.14.0 (b0)]
		at SECURE-BOOTSTRAP/com.sun.jna@5.14.0/com.sun.jna.NativeLibrary.loadLibrary(NativeLibrary.java:226) ~[jna-5.14.0.jar:5.14.0 (b0)]
		at SECURE-BOOTSTRAP/com.sun.jna@5.14.0/com.sun.jna.NativeLibrary.getInstance(NativeLibrary.java:481) ~[jna-5.14.0.jar:5.14.0 (b0)]
		at SECURE-BOOTSTRAP/com.sun.jna@5.14.0/com.sun.jna.NativeLibrary.getInstance(NativeLibrary.java:423) ~[jna-5.14.0.jar:5.14.0 (b0)]
		at SECURE-BOOTSTRAP/text2speech@1.17.9/com.mojang.text2speech.NarratorLinux$FliteLibrary.loadNative(NarratorLinux.java:67) ~[text2speech-1.17.9.jar:?]
		at SECURE-BOOTSTRAP/text2speech@1.17.9/com.mojang.text2speech.NarratorLinux.<init>(NarratorLinux.java:18) ~[text2speech-1.17.9.jar:?]
		at SECURE-BOOTSTRAP/text2speech@1.17.9/com.mojang.text2speech.Narrator.getNarrator(Narrator.java:41) ~[text2speech-1.17.9.jar:?]
		at TRANSFORMER/minecraft@1.21.1/net.minecraft.client.GameNarrator.<init>(GameNarrator.java:21) ~[forge-1.21.1-52.0.28_mapped_official_1.21.1-recomp.jar:?]
		at TRANSFORMER/minecraft@1.21.1/net.minecraft.client.Minecraft.<init>(Minecraft.java:595) ~[forge-1.21.1-52.0.28_mapped_official_1.21.1-recomp.jar:?]
		at TRANSFORMER/minecraft@1.21.1/net.minecraft.client.main.Main.main(Main.java:212) ~[forge-1.21.1-52.0.28_mapped_official_1.21.1-recomp.jar:?]
		at java.base/jdk.internal.reflect.DirectMethodHandleAccessor.invoke(DirectMethodHandleAccessor.java:103) ~[?:?]
		at java.base/java.lang.reflect.Method.invoke(Method.java:580) ~[?:?]
		at SECURE-BOOTSTRAP/net.minecraftforge.fmlloader@1.21.1-52.0.28/net.minecraftforge.fml.loading.targets.CommonLaunchHandler.runTarget(CommonLaunchHandler.java:85) ~[fmlloader-1.21.1-52.0.28.jar!/:?]
		at SECURE-BOOTSTRAP/net.minecraftforge.fmlloader@1.21.1-52.0.28/net.minecraftforge.fml.loading.targets.CommonLaunchHandler.lambda$makeService$0(CommonLaunchHandler.java:69) ~[fmlloader-1.21.1-52.0.28.jar!/:?]
		at SECURE-BOOTSTRAP/cpw.mods.modlauncher@10.2.2/cpw.mods.modlauncher.LaunchServiceHandler.launch(LaunchServiceHandler.java:77) [modlauncher-10.2.2.jar!/:?]
		at SECURE-BOOTSTRAP/cpw.mods.modlauncher@10.2.2/cpw.mods.modlauncher.LaunchServiceHandler.launch(LaunchServiceHandler.java:97) [modlauncher-10.2.2.jar!/:?]
		at SECURE-BOOTSTRAP/cpw.mods.modlauncher@10.2.2/cpw.mods.modlauncher.Launcher.run(Launcher.java:116) [modlauncher-10.2.2.jar!/:?]
		at SECURE-BOOTSTRAP/cpw.mods.modlauncher@10.2.2/cpw.mods.modlauncher.Launcher.main(Launcher.java:75) [modlauncher-10.2.2.jar!/:?]
		at SECURE-BOOTSTRAP/cpw.mods.modlauncher@10.2.2/cpw.mods.modlauncher.BootstrapEntry.main(BootstrapEntry.java:17) [modlauncher-10.2.2.jar!/:?]
		at net.minecraftforge.bootstrap@2.1.3/net.minecraftforge.bootstrap.Bootstrap.moduleMain(Bootstrap.java:188) [bootstrap-2.1.3.jar!/:?]
		at java.base/jdk.internal.reflect.DirectMethodHandleAccessor.invoke(DirectMethodHandleAccessor.java:103) ~[?:?]
		at java.base/java.lang.reflect.Method.invoke(Method.java:580) ~[?:?]
		at net.minecraftforge.bootstrap.Bootstrap.bootstrapMain(Bootstrap.java:133) [bootstrap-2.1.3.jar:2.1.3]
		at net.minecraftforge.bootstrap.Bootstrap.start(Bootstrap.java:53) [bootstrap-2.1.3.jar:2.1.3]
		at net.minecraftforge.bootstrap.ForgeBootstrap.main(ForgeBootstrap.java:19) [bootstrap-2.1.3.jar:2.1.3]
	Suppressed: java.io.IOException: Native library (linux-x86-64/libflite.so) not found in resource path (/run/media/epxzzy/shared/stuff/repos/mcmods/epxzzysabers/forge/build/sourcesSets/main:/home/epxzzy/.gradle/caches/forge_gradle/minecraft_user_repo/net/minecraftforge/forge/1.21.1-52.0.28_mapped_official_1.21.1/forge-1.21.1-52.0.28_mapped_official_1.21.1-recomp.jar:/home/epxzzy/.gradle/caches/forge_gradle/minecraft_repo/versions/1.21.1/client-extra.jar:/home/epxzzy/.gradle/caches/modules-2/files-2.1/net.minecraftforge/fmlearlydisplay/1.21.1-52.0.28/1e10247936c6b29cfce9cc17145a079873b7f415/fmlearlydisplay-1.21.1-52.0.28.jar:/home/epxzzy/.gradle/caches/modules-2/files-2.1/net.minecraftforge/javafmllanguage/1.21.1-52.0.28/c091cb37b32ae5664183315fbd3336d627b856f1/javafmllanguage-1.21.1-52.0.28.jar:/home/epxzzy/.gradle/caches/modules-2/files-2.1/net.minecraftforge/lowcodelanguage/1.21.1-52.0.28/74c7b68a92639a41348e81149e13553b4fa1534b/lowcodelanguage-1.21.1-52.0.28.jar:/home/epxzzy/.gradle/caches/modules-2/files-2.1/net.minecraftforge/mclanguage/1.21.1-52.0.28/abee79c2d01fa007993d09fcd6efb41621a3459/mclanguage-1.21.1-52.0.28.jar:/home/epxzzy/.gradle/caches/modules-2/files-2.1/net.minecraftforge/fmlcore/1.21.1-52.0.28/23706ca00435a81e286f01d31ce6af4803b3d9b3/fmlcore-1.21.1-52.0.28.jar:/home/epxzzy/.gradle/caches/modules-2/files-2.1/net.minecraftforge/fmlloader/1.21.1-52.0.28/fc25d7393e7b8d9b302ada839d384d7ee3d1a949/fmlloader-1.21.1-52.0.28.jar:/home/epxzzy/.gradle/caches/modules-2/files-2.1/net.minecraftforge/accesstransformers/8.2.0/36503cf42f74f03fdfbac400d77a90c93a89b8d4/accesstransformers-8.2.0.jar:/home/epxzzy/.gradle/caches/modules-2/files-2.1/net.minecraftforge/forgespi/7.1.5/c01beea469b66cf787614239b7e0f791329b3816/forgespi-7.1.5.jar:/home/epxzzy/.gradle/caches/modules-2/files-2.1/net.minecraftforge/modlauncher/10.2.2/e74e1f8d9a15c46dc004ccb5a018c372b1e6c9ef/modlauncher-10.2.2.jar:/home/epxzzy/.gradle/caches/modules-2/files-2.1/net.sf.jopt-simple/jopt-simple/5.0.4/4fdac2fbe92dfad86aa6e9301736f6b4342a3f5c/jopt-simple-5.0.4.jar:/home/epxzzy/.gradle/caches/modules-2/files-2.1/net.minecraftforge/JarJarSelector/0.3.26/1e032096a4d07e5bbb7b2f3b2beee8d5e02879e9/JarJarSelector-0.3.26.jar:/home/epxzzy/.gradle/caches/modules-2/files-2.1/net.minecraftforge/JarJarMetadata/0.3.26/6db967d6cce100e4abdeed0abfd594b9f42e0d10/JarJarMetadata-0.3.26.jar:/home/epxzzy/.gradle/caches/modules-2/files-2.1/com.google.jimfs/jimfs/1.3.0/93096472c3654a761c40c8e5d4ad82a7c1a0fd54/jimfs-1.3.0.jar:/home/epxzzy/.gradle/caches/modules-2/files-2.1/com.google.guava/guava/32.1.2-jre/5e64ec7e056456bef3a4bc4c6fdaef71e8ab6318/guava-32.1.2-jre.jar:/home/epxzzy/.gradle/caches/modules-2/files-2.1/com.google.code.findbugs/jsr305/3.0.2/25ea2e8b0c338a877313bd4672d3fe056ea78f0d/jsr305-3.0.2.jar:/home/epxzzy/.gradle/caches/modules-2/files-2.1/org.jetbrains/annotations/24.0.1/13c5c75c4206580aa4d683bffee658caae6c9f43/annotations-24.0.1.jar:/home/epxzzy/.gradle/caches/modules-2/files-2.1/ca.weblite/java-objc-bridge/1.1/1227f9e0666314f9de41477e3ec277e542ed7f7b/java-objc-bridge-1.1.jar:/home/epxzzy/.gradle/caches/modules-2/files-2.1/net.minecraftforge/mergetool-api/1.0/589fac8080d2eb657bb37f464151abcd25524d64/mergetool-api-1.0.jar:/home/epxzzy/.gradle/caches/forge_gradle/mcp_repo/net/minecraft/mapping/1.21.1/mapping-1.21.1-mapping.zip:/home/epxzzy/.gradle/caches/modules-2/files-2.1/net.minecraftforge/bootstrap/2.1.3/34751bfe0b86af1359259169876483c57ac78137/bootstrap-2.1.3.jar:/home/epxzzy/.gradle/caches/modules-2/files-2.1/net.minecraftforge/bootstrap-api/2.1.3/dbea3c0b32d286aaaa35d9b12b97e36f80bce7d2/bootstrap-api-2.1.3.jar:/home/epxzzy/.gradle/caches/modules-2/files-2.1/net.minecraftforge/eventbus/6.2.8/7a5148a85e7b68efb1529b96d81c920017b43d75/eventbus-6.2.8.jar:/home/epxzzy/.gradle/caches/modules-2/files-2.1/net.jodah/typetools/0.6.3/a01aaa6ddaea9ec07ec4f209487b7a46a526283a/typetools-0.6.3.jar:/home/epxzzy/.gradle/caches/modules-2/files-2.1/net.minecraftforge/coremods/5.2.1/b0a0c6a7e05ab7cdffa74bf9d7f149d26071a393/coremods-5.2.1.jar:/home/epxzzy/.gradle/caches/modules-2/files-2.1/org.openjdk.nashorn/nashorn-core/15.4/f67f5ffaa5f5130cf6fb9b133da00c7df3b532a5/nashorn-core-15.4.jar:/home/epxzzy/.gradle/caches/modules-2/files-2.1/com.electronwill.night-config/toml/3.7.3/3c59200746f44d28899ec4c8af4575b309978f1d/toml-3.7.3.jar:/home/epxzzy/.gradle/caches/modules-2/files-2.1/com.electronwill.night-config/core/3.7.3/4853861e9fa8e59f36a16ebef78217be0ecbaba8/core-3.7.3.jar:/home/epxzzy/.gradle/caches/modules-2/files-2.1/org.apache.maven/maven-artifact/3.8.5/4433f50c07debefaed0553bd0068f4f48d449313/maven-artifact-3.8.5.jar:/home/epxzzy/.gradle/caches/modules-2/files-2.1/net.minecrell/terminalconsoleappender/1.2.0/96d02cd3b384ff015a8fef4223bcb4ccf1717c95/terminalconsoleappender-1.2.0.jar:/home/epxzzy/.gradle/caches/modules-2/files-2.1/org.jline/jline-reader/3.12.1/4382ab1382c7b6f379377ed5f665dc2f6e1218bc/jline-reader-3.12.1.jar:/home/epxzzy/.gradle/caches/modules-2/files-2.1/org.jline/jline-terminal-jna/3.12.1/b0646629dc09c4a49c5e8baa65c5aba3066a7dee/jline-terminal-jna-3.12.1.jar:/home/epxzzy/.gradle/caches/modules-2/files-2.1/org.jline/jline-terminal/3.12.1/c777448314e050d980a6b697c140f3bfe9eb7416/jline-terminal-3.12.1.jar:/home/epxzzy/.gradle/caches/modules-2/files-2.1/org.spongepowered/mixin/0.8.7/8ab114ac385e6dbdad5efafe28aba4df8120915f/mixin-0.8.7.jar:/home/epxzzy/.gradle/caches/modules-2/files-2.1/net.minecraftforge/JarJarFileSystems/0.3.26/4b48cd32749b87a18afee96f33b825305feea289/JarJarFileSystems-0.3.26.jar:/home/epxzzy/.gradle/caches/modules-2/files-2.1/com.google.guava/failureaccess/1.0.1/1dcf1de382a0bf95a3d8b0849546c88bac1292c9/failureaccess-1.0.1.jar:/home/epxzzy/.gradle/caches/modules-2/files-2.1/net.minecraftforge/securemodules/2.2.20/7b68d79f2f6c4e199a2989de7402d78270ab1ef/securemodules-2.2.20.jar:/home/epxzzy/.gradle/caches/modules-2/files-2.1/net.minecraftforge/unsafe/0.9.2/33bad02861cabd77c54a8c9d1205e8638bbbbb4f/unsafe-0.9.2.jar:/home/epxzzy/.gradle/caches/modules-2/files-2.1/org.ow2.asm/asm-util/9.7.1/9e23359b598ec6b74b23e53110dd5c577adf2243/asm-util-9.7.1.jar:/home/epxzzy/.gradle/caches/modules-2/files-2.1/org.ow2.asm/asm-commons/9.7.1/406c6a2225cfe1819f102a161e54cc16a5c24f75/asm-commons-9.7.1.jar:/home/epxzzy/.gradle/caches/modules-2/files-2.1/org.ow2.asm/asm-analysis/9.7.1/f97a3b319f0ed6a8cd944dc79060d3912a28985f/asm-analysis-9.7.1.jar:/home/epxzzy/.gradle/caches/modules-2/files-2.1/org.ow2.asm/asm-tree/9.7.1/3a53139787663b139de76b627fca0084ab60d32c/asm-tree-9.7.1.jar:/home/epxzzy/.gradle/caches/modules-2/files-2.1/org.ow2.asm/asm/9.7.1/f0ed132a49244b042cd0e15702ab9f2ce3cc8436/asm-9.7.1.jar:/home/epxzzy/.gradle/caches/modules-2/files-2.1/com.github.oshi/oshi-core/6.4.10/b1d8ab82d11d92fd639b56d639f8f46f739dd5fa/oshi-core-6.4.10.jar:/home/epxzzy/.gradle/caches/modules-2/files-2.1/com.google.code.gson/gson/2.10.1/b3add478d4382b78ea20b1671390a858002feb6c/gson-2.10.1.jar:/home/epxzzy/.gradle/caches/modules-2/files-2.1/com.ibm.icu/icu4j/73.2/61ad4ef7f9131fcf6d25c34b817f90d6da06c9e9/icu4j-73.2.jar:/home/epxzzy/.gradle/caches/modules-2/files-2.1/com.mojang/authlib/6.0.54/de8bc95660e1b2fe8793fd427a7a10dcec5b3ea7/authlib-6.0.54.jar:/home/epxzzy/.gradle/caches/modules-2/files-2.1/com.mojang/blocklist/1.0.10/5c685c5ffa94c4cd39496c7184c1d122e515ecef/blocklist-1.0.10.jar:/home/epxzzy/.gradle/caches/modules-2/files-2.1/com.mojang/brigadier/1.3.10/d15b53a14cf20fdcaa98f731af5dda654452c010/brigadier-1.3.10.jar:/home/epxzzy/.gradle/caches/modules-2/files-2.1/com.mojang/datafixerupper/8.0.16/67d4de6d7f95d89bcf5862995fb854ebaec02a34/datafixerupper-8.0.16.jar:/home/epxzzy/.gradle/caches/modules-2/files-2.1/com.mojang/logging/1.2.7/24cb95ffb0e3433fd6e844c04e68009e504ca1c0/logging-1.2.7.jar:/home/epxzzy/.gradle/caches/modules-2/files-2.1/com.mojang/patchy/2.2.10/da05971b07cbb379d002cf7eaec6a2048211fefc/patchy-2.2.10.jar:/home/epxzzy/.gradle/caches/modules-2/files-2.1/com.mojang/text2speech/1.17.9/3cad216e3a7f0c19b4b394388bc9ffc446f13b14/text2speech-1.17.9.jar:/home/epxzzy/.gradle/caches/modules-2/files-2.1/org.apache.httpcomponents/httpclient/4.5.13/e5f6cae5ca7ecaac1ec2827a9e2d65ae2869cada/httpclient-4.5.13.jar:/home/epxzzy/.gradle/caches/modules-2/files-2.1/commons-codec/commons-codec/1.16.0/4e3eb3d79888d76b54e28b350915b5dc3919c9de/commons-codec-1.16.0.jar:/home/epxzzy/.gradle/caches/modules-2/files-2.1/org.apache.commons/commons-compress/1.26.0/659feffdd12280201c8aacb8f7be94f9a883c824/commons-compress-1.26.0.jar:/home/epxzzy/.gradle/caches/modules-2/files-2.1/commons-io/commons-io/2.15.1/f11560da189ab563a5c8e351941415430e9304ea/commons-io-2.15.1.jar:/home/epxzzy/.gradle/caches/modules-2/files-2.1/commons-logging/commons-logging/1.2/4bfc12adfe4842bf07b657f0369c4cb522955686/commons-logging-1.2.jar:/home/epxzzy/.gradle/caches/modules-2/files-2.1/io.netty/netty-handler/4.1.97.Final/abb86c6906bf512bf2b797a41cd7d2e8d3cd7c36/netty-handler-4.1.97.Final.jar:/home/epxzzy/.gradle/caches/modules-2/files-2.1/io.netty/netty-codec/4.1.97.Final/384ba4d75670befbedb45c4d3b497a93639c206d/netty-codec-4.1.97.Final.jar:/home/epxzzy/.gradle/caches/modules-2/files-2.1/io.netty/netty-transport-native-epoll/4.1.97.Final/5514744c588190ffda076b35a9b8c9f24946a960/netty-transport-native-epoll-4.1.97.Final-linux-aarch_64.jar:/home/epxzzy/.gradle/caches/modules-2/files-2.1/io.netty/netty-transport-native-epoll/4.1.97.Final/54188f271e388e7f313aea995e82f58ce2cdb809/netty-transport-native-epoll-4.1.97.Final-linux-x86_64.jar:/home/epxzzy/.gradle/caches/modules-2/files-2.1/io.netty/netty-transport-classes-epoll/4.1.97.Final/795da37ded759e862457a82d9d92c4d39ce8ecee/netty-transport-classes-epoll-4.1.97.Final.jar:/home/epxzzy/.gradle/caches/modules-2/files-2.1/io.netty/netty-transport-native-unix-common/4.1.97.Final/d469d84265ab70095b01b40886cabdd433b6e664/netty-transport-native-unix-common-4.1.97.Final.jar:/home/epxzzy/.gradle/caches/modules-2/files-2.1/io.netty/netty-transport/4.1.97.Final/f37380d23c9bb079bc702910833b2fd532c9abd0/netty-transport-4.1.97.Final.jar:/home/epxzzy/.gradle/caches/modules-2/files-2.1/io.netty/netty-buffer/4.1.97.Final/f8f3d8644afa5e6e1a40a3a6aeb9d9aa970ecb4f/netty-buffer-4.1.97.Final.jar:/home/epxzzy/.gradle/caches/modules-2/files-2.1/io.netty/netty-resolver/4.1.97.Final/cec8348108dc76c47cf87c669d514be52c922144/netty-resolver-4.1.97.Final.jar:/home/epxzzy/.gradle/caches/modules-2/files-2.1/io.netty/netty-common/4.1.97.Final/7cceacaf11df8dc63f23d0fb58e9d4640fc88404/netty-common-4.1.97.Final.jar:/home/epxzzy/.gradle/caches/modules-2/files-2.1/it.unimi.dsi/fastutil/8.5.12/c24946d46824bd528054bface3231d2ecb7e95e8/fastutil-8.5.12.jar:/home/epxzzy/.gradle/caches/modules-2/files-2.1/net.java.dev.jna/jna-platform/5.14.0/28934d48aed814f11e4c584da55c49fa7032b31b/jna-platform-5.14.0.jar:/home/epxzzy/.gradle/caches/modules-2/files-2.1/net.java.dev.jna/jna/5.14.0/67bf3eaea4f0718cb376a181a629e5f88fa1c9dd/jna-5.14.0.jar:/home/epxzzy/.gradle/caches/modules-2/files-2.1/org.apache.commons/commons-lang3/3.14.0/1ed471194b02f2c6cb734a0cd6f6f107c673afae/commons-lang3-3.14.0.jar:/home/epxzzy/.gradle/caches/modules-2/files-2.1/org.apache.httpcomponents/httpcore/4.4.16/51cf043c87253c9f58b539c9f7e44c8894223850/httpcore-4.4.16.jar:/home/epxzzy/.gradle/caches/modules-2/files-2.1/org.apache.logging.log4j/log4j-slf4j2-impl/2.22.1/d7e6693c2606cb7e7335047d7bb96dec52db5665/log4j-slf4j2-impl-2.22.1.jar:/home/epxzzy/.gradle/caches/modules-2/files-2.1/org.apache.logging.log4j/log4j-core/2.22.1/7183a25510a02ad00cc6a95d3b3d2a7d3c5a8dc4/log4j-core-2.22.1.jar:/home/epxzzy/.gradle/caches/modules-2/files-2.1/org.apache.logging.log4j/log4j-api/2.22.1/bea6fede6328fabafd7e68363161a7ea6605abd1/log4j-api-2.22.1.jar:/home/epxzzy/.gradle/caches/modules-2/files-2.1/org.jcraft/jorbis/0.0.17/8872d22b293e8f5d7d56ff92be966e6dc28ebdc6/jorbis-0.0.17.jar:/home/epxzzy/.gradle/caches/modules-2/files-2.1/org.joml/joml/1.10.5/22566d58af70ad3d72308bab63b8339906deb649/joml-1.10.5.jar:/home/epxzzy/.gradle/caches/modules-2/files-2.1/org.lwjgl/lwjgl-freetype/3.3.3/a0db6c84a8becc8ca05f9dbfa985edc348a824c7/lwjgl-freetype-3.3.3.jar:/home/epxzzy/.gradle/caches/modules-2/files-2.1/org.lwjgl/lwjgl-freetype/3.3.3/149070a5480900347071b7074779531f25a6e3dc/lwjgl-freetype-3.3.3-natives-linux.jar:/home/epxzzy/.gradle/caches/modules-2/files-2.1/org.lwjgl/lwjgl-glfw/3.3.3/efa1eb78c5ccd840e9f329717109b5e892d72f8e/lwjgl-glfw-3.3.3.jar:/home/epxzzy/.gradle/caches/modules-2/files-2.1/org.lwjgl/lwjgl-glfw/3.3.3/a03684c5e4b1b1dbbe0d29dbbdc27b985b6840f2/lwjgl-glfw-3.3.3-natives-linux.jar:/home/epxzzy/.gradle/caches/modules-2/files-2.1/org.lwjgl/lwjgl-jemalloc/3.3.3/b543467b7ff3c6920539a88ee602d34098628be5/lwjgl-jemalloc-3.3.3.jar:/home/epxzzy/.gradle/caches/modules-2/files-2.1/org.lwjgl/lwjgl-jemalloc/3.3.3/4f86728bf449b1dd61251c4e0ac01df1389cb51e/lwjgl-jemalloc-3.3.3-natives-linux.jar:/home/epxzzy/.gradle/caches/modules-2/files-2.1/org.lwjgl/lwjgl-openal/3.3.3/daada81ceb5fc0c291fbfdd4433cb8d9423577f2/lwjgl-openal-3.3.3.jar:/home/epxzzy/.gradle/caches/modules-2/files-2.1/org.lwjgl/lwjgl-openal/3.3.3/3037360cc4595079bea240af250b6d1a527e0905/lwjgl-openal-3.3.3-natives-linux.jar:/home/epxzzy/.gradle/caches/modules-2/files-2.1/org.lwjgl/lwjgl-opengl/3.3.3/2f6b0147078396a58979125a4c947664e98293a/lwjgl-opengl-3.3.3.jar:/home/epxzzy/.gradle/caches/modules-2/files-2.1/org.lwjgl/lwjgl-opengl/3.3.3/62c70a4b00ca5391882b0f4b787c1588d24f1c86/lwjgl-opengl-3.3.3-natives-linux.jar:/home/epxzzy/.gradle/caches/modules-2/files-2.1/org.lwjgl/lwjgl-stb/3.3.3/25dd6161988d7e65f71d5065c99902402ee32746/lwjgl-stb-3.3.3.jar:/home/epxzzy/.gradle/caches/modules-2/files-2.1/org.lwjgl/lwjgl-stb/3.3.3/fd1271ccd9d85eff2fa31f3fd543e02ccfaf5041/lwjgl-stb-3.3.3-natives-linux.jar:/home/epxzzy/.gradle/caches/modules-2/files-2.1/org.lwjgl/lwjgl-tinyfd/3.3.3/82d755ca94b102e9ca77283b9e2dc46d1b15fbe5/lwjgl-tinyfd-3.3.3.jar:/home/epxzzy/.gradle/caches/modules-2/files-2.1/org.lwjgl/lwjgl-tinyfd/3.3.3/d8d58daa0c3e5fd906fee96f5fddbcbc07cc308b/lwjgl-tinyfd-3.3.3-natives-linux.jar:/home/epxzzy/.gradle/caches/modules-2/files-2.1/org.lwjgl/lwjgl/3.3.3/29589b5f87ed335a6c7e7ee6a5775f81f97ecb84/lwjgl-3.3.3.jar:/home/epxzzy/.gradle/caches/modules-2/files-2.1/org.lwjgl/lwjgl/3.3.3/1713758e3660ba66e1e954396fd18126038b33c0/lwjgl-3.3.3-natives-linux.jar:/home/epxzzy/.gradle/caches/modules-2/files-2.1/org.lz4/lz4-java/1.8.0/4b986a99445e49ea5fbf5d149c4b63f6ed6c6780/lz4-java-1.8.0.jar:/home/epxzzy/.gradle/caches/modules-2/files-2.1/com.machinezoo.noexception/noexception/1.7.1/b65330c98e38a1f915fa54a6e5eca496505e3f0a/noexception-1.7.1.jar:/home/epxzzy/.gradle/caches/modules-2/files-2.1/org.slf4j/slf4j-simple/1.7.30/e606eac955f55ecf1d8edcccba04eb8ac98088dd/slf4j-simple-1.7.30.jar:/home/epxzzy/.gradle/caches/modules-2/files-2.1/org.slf4j/slf4j-api/2.0.9/7cf2726fdcfbc8610f9a71fb3ed639871f315340/slf4j-api-2.0.9.jar:/home/epxzzy/.gradle/caches/modules-2/files-2.1/org.codehaus.plexus/plexus-utils/3.3.0/cf43b5391de623b36fe066a21127baef82c64022/plexus-utils-3.3.0.jar:/home/epxzzy/.gradle/caches/modules-2/files-2.1/com.google.guava/listenablefuture/9999.0-empty-to-avoid-conflict-with-guava/b421526c5f297295adef1c886e5246c39d4ac629/listenablefuture-9999.0-empty-to-avoid-conflict-with-guava.jar:/home/epxzzy/.gradle/caches/modules-2/files-2.1/org.checkerframework/checker-qual/3.33.0/de2b60b62da487644fc11f734e73c8b0b431238f/checker-qual-3.33.0.jar:/home/epxzzy/.gradle/caches/modules-2/files-2.1/com.google.errorprone/error_prone_annotations/2.18.0/89b684257096f548fa39a7df9fdaa409d4d4df91/error_prone_annotations-2.18.0.jar)
		at SECURE-BOOTSTRAP/com.sun.jna@5.14.0/com.sun.jna.Native.extractFromResourcePath(Native.java:1141) ~[jna-5.14.0.jar:5.14.0 (b0)]
		at SECURE-BOOTSTRAP/com.sun.jna@5.14.0/com.sun.jna.NativeLibrary.loadLibrary(NativeLibrary.java:297) ~[jna-5.14.0.jar:5.14.0 (b0)]
		at SECURE-BOOTSTRAP/com.sun.jna@5.14.0/com.sun.jna.NativeLibrary.getInstance(NativeLibrary.java:481) ~[jna-5.14.0.jar:5.14.0 (b0)]
		at SECURE-BOOTSTRAP/com.sun.jna@5.14.0/com.sun.jna.NativeLibrary.getInstance(NativeLibrary.java:423) ~[jna-5.14.0.jar:5.14.0 (b0)]
		at SECURE-BOOTSTRAP/text2speech@1.17.9/com.mojang.text2speech.NarratorLinux$FliteLibrary.loadNative(NarratorLinux.java:67) ~[text2speech-1.17.9.jar:?]
		at SECURE-BOOTSTRAP/text2speech@1.17.9/com.mojang.text2speech.NarratorLinux.<init>(NarratorLinux.java:18) ~[text2speech-1.17.9.jar:?]
		at SECURE-BOOTSTRAP/text2speech@1.17.9/com.mojang.text2speech.Narrator.getNarrator(Narrator.java:41) ~[text2speech-1.17.9.jar:?]
		at TRANSFORMER/minecraft@1.21.1/net.minecraft.client.GameNarrator.<init>(GameNarrator.java:21) ~[forge-1.21.1-52.0.28_mapped_official_1.21.1-recomp.jar:?]
		at TRANSFORMER/minecraft@1.21.1/net.minecraft.client.Minecraft.<init>(Minecraft.java:595) ~[forge-1.21.1-52.0.28_mapped_official_1.21.1-recomp.jar:?]
		at TRANSFORMER/minecraft@1.21.1/net.minecraft.client.main.Main.main(Main.java:212) ~[forge-1.21.1-52.0.28_mapped_official_1.21.1-recomp.jar:?]
		at java.base/jdk.internal.reflect.DirectMethodHandleAccessor.invoke(DirectMethodHandleAccessor.java:103) ~[?:?]
		at java.base/java.lang.reflect.Method.invoke(Method.java:580) ~[?:?]
		at SECURE-BOOTSTRAP/net.minecraftforge.fmlloader@1.21.1-52.0.28/net.minecraftforge.fml.loading.targets.CommonLaunchHandler.runTarget(CommonLaunchHandler.java:85) ~[fmlloader-1.21.1-52.0.28.jar!/:?]
		at SECURE-BOOTSTRAP/net.minecraftforge.fmlloader@1.21.1-52.0.28/net.minecraftforge.fml.loading.targets.CommonLaunchHandler.lambda$makeService$0(CommonLaunchHandler.java:69) ~[fmlloader-1.21.1-52.0.28.jar!/:?]
		at SECURE-BOOTSTRAP/cpw.mods.modlauncher@10.2.2/cpw.mods.modlauncher.LaunchServiceHandler.launch(LaunchServiceHandler.java:77) [modlauncher-10.2.2.jar!/:?]
		at SECURE-BOOTSTRAP/cpw.mods.modlauncher@10.2.2/cpw.mods.modlauncher.LaunchServiceHandler.launch(LaunchServiceHandler.java:97) [modlauncher-10.2.2.jar!/:?]
		at SECURE-BOOTSTRAP/cpw.mods.modlauncher@10.2.2/cpw.mods.modlauncher.Launcher.run(Launcher.java:116) [modlauncher-10.2.2.jar!/:?]
		at SECURE-BOOTSTRAP/cpw.mods.modlauncher@10.2.2/cpw.mods.modlauncher.Launcher.main(Launcher.java:75) [modlauncher-10.2.2.jar!/:?]
		at SECURE-BOOTSTRAP/cpw.mods.modlauncher@10.2.2/cpw.mods.modlauncher.BootstrapEntry.main(BootstrapEntry.java:17) [modlauncher-10.2.2.jar!/:?]
		at net.minecraftforge.bootstrap@2.1.3/net.minecraftforge.bootstrap.Bootstrap.moduleMain(Bootstrap.java:188) [bootstrap-2.1.3.jar!/:?]
		at java.base/jdk.internal.reflect.DirectMethodHandleAccessor.invoke(DirectMethodHandleAccessor.java:103) ~[?:?]
		at java.base/java.lang.reflect.Method.invoke(Method.java:580) ~[?:?]
		at net.minecraftforge.bootstrap.Bootstrap.bootstrapMain(Bootstrap.java:133) [bootstrap-2.1.3.jar:2.1.3]
		at net.minecraftforge.bootstrap.Bootstrap.start(Bootstrap.java:53) [bootstrap-2.1.3.jar:2.1.3]
		at net.minecraftforge.bootstrap.ForgeBootstrap.main(ForgeBootstrap.java:19) [bootstrap-2.1.3.jar:2.1.3]
[17Sept2026 09:32:35.763] [Render thread/INFO] [net.minecraft.server.packs.resources.ReloadableResourceManager/]: Reloading ResourceManager: vanilla, mod_resources
[17Sept2026 09:32:35.779] [modloading-worker-0/DEBUG] [net.minecraftforge.fml.config.ConfigTracker/CONFIG]: Loading configs type CLIENT
[17Sept2026 09:32:35.780] [modloading-worker-0/DEBUG] [net.minecraftforge.fml.config.ConfigFileTypeHandler/CONFIG]: Built TOML config for /run/media/epxzzy/shared/stuff/repos/mcmods/epxzzysabers/forge/runs/client/config/forge-client.toml
[17Sept2026 09:32:35.783] [modloading-worker-0/DEBUG] [net.minecraftforge.fml.config.ConfigFileTypeHandler/CONFIG]: Loaded TOML config file /run/media/epxzzy/shared/stuff/repos/mcmods/epxzzysabers/forge/runs/client/config/forge-client.toml
[17Sept2026 09:32:35.809] [modloading-worker-0/DEBUG] [net.minecraftforge.fml.config.ConfigFileTypeHandler/CONFIG]: Watching TOML config file /run/media/epxzzy/shared/stuff/repos/mcmods/epxzzysabers/forge/runs/client/config/forge-client.toml for changes
[17Sept2026 09:32:35.814] [modloading-worker-0/DEBUG] [net.minecraftforge.common.ForgeConfig/FORGEMOD]: Loaded forge config file forge-client.toml
[17Sept2026 09:32:35.818] [modloading-worker-0/DEBUG] [net.minecraftforge.fml.config.ConfigTracker/CONFIG]: Loading configs type COMMON
[17Sept2026 09:32:35.818] [modloading-worker-0/DEBUG] [net.minecraftforge.fml.config.ConfigFileTypeHandler/CONFIG]: Built TOML config for /run/media/epxzzy/shared/stuff/repos/mcmods/epxzzysabers/forge/runs/client/config/forge-common.toml
[17Sept2026 09:32:35.820] [modloading-worker-0/DEBUG] [net.minecraftforge.fml.config.ConfigFileTypeHandler/CONFIG]: Loaded TOML config file /run/media/epxzzy/shared/stuff/repos/mcmods/epxzzysabers/forge/runs/client/config/forge-common.toml
[17Sept2026 09:32:35.820] [modloading-worker-0/DEBUG] [net.minecraftforge.fml.config.ConfigFileTypeHandler/CONFIG]: Watching TOML config file /run/media/epxzzy/shared/stuff/repos/mcmods/epxzzysabers/forge/runs/client/config/forge-common.toml for changes
[17Sept2026 09:32:35.821] [modloading-worker-0/DEBUG] [net.minecraftforge.common.ForgeConfig/FORGEMOD]: Loaded forge config file forge-common.toml
[17Sept2026 09:32:35.869] [Render thread/INFO] [epxzzysabers/]: This line is printed by an example mod common mixin!
[17Sept2026 09:32:35.869] [Render thread/INFO] [epxzzysabers/]: MC Version: release
[17Sept2026 09:32:36.022] [Worker-Main-2/INFO] [net.minecraft.client.gui.font.providers.UnihexProvider/]: Found unifont_all_no_pua-15.1.05.hex, loading
[17Sept2026 09:32:36.337] [pool-7-thread-1/DEBUG] [net.minecraftforge.fml.config.ConfigFileTypeHandler/CONFIG]: Config file forge-client.toml changed, sending notifies
[17Sept2026 09:32:36.338] [pool-7-thread-1/DEBUG] [net.minecraftforge.common.ForgeConfig/FORGEMOD]: Forge config just got changed on the file system!
[17Sept2026 09:32:36.548] [Worker-Main-2/INFO] [net.minecraft.client.gui.font.providers.UnihexProvider/]: Found unifont_jp_patch-15.1.05.hex, loading
[17Sept2026 09:32:37.245] [Forge Version Check/INFO] [net.minecraftforge.fml.VersionChecker/]: [forge] Starting version check at https://files.minecraftforge.net/net/minecraftforge/forge/promotions_slim.json
[17Sept2026 09:32:37.812] [Forge Version Check/DEBUG] [net.minecraftforge.fml.VersionChecker/]: [forge] Received version check data:
{
  "homepage": "https://files.minecraftforge.net/net/minecraftforge/forge/",
  "promos": {
    "1.1-latest": "1.3.4.29",
    "1.2.3-latest": "1.4.1.64",
    "1.2.4-latest": "2.0.0.68",
    "1.2.5-latest": "3.4.9.171",
    "1.3.2-latest": "4.3.5.318",
    "1.4.0-latest": "5.0.0.326",
    "1.4.1-latest": "6.0.0.329",
    "1.4.2-latest": "6.0.1.355",
    "1.4.3-latest": "6.2.1.358",
    "1.4.4-latest": "6.3.0.378",
    "1.4.5-latest": "6.4.2.448",
    "1.4.6-latest": "6.5.0.489",
    "1.4.7-latest": "6.6.2.534",
    "1.5-latest": "7.7.0.598",
    "1.5.1-latest": "7.7.2.682",
    "1.5.2-latest": "7.8.1.738",
    "1.5.2-recommended": "7.8.1.738",
    "1.6.1-latest": "8.9.0.775",
    "1.6.2-latest": "9.10.1.871",
    "1.6.2-recommended": "9.10.1.871",
    "1.6.3-latest": "9.11.0.878",
    "1.6.4-latest": "9.11.1.1345",
    "1.6.4-recommended": "9.11.1.1345",
    "1.7.2-latest": "10.12.2.1161",
    "1.7.2-recommended": "10.12.2.1161",
    "1.7.10-latest": "10.13.4.1614",
    "1.7.10-recommended": "10.13.4.1614",
    "1.8-latest": "11.14.4.1577",
    "1.8-recommended": "11.14.4.1563",
    "1.8.8-latest": "11.15.0.1655",
    "1.8.9-latest": "11.15.1.2318",
    "1.8.9-recommended": "11.15.1.2318",
    "1.9-latest": "12.16.1.1938",
    "1.9-recommended": "12.16.1.1887",
    "1.9.4-latest": "12.17.0.2317",
    "1.9.4-recommended": "12.17.0.2317",
    "1.10-latest": "12.18.0.2000",
    "1.10.2-latest": "12.18.3.2511",
    "1.10.2-recommended": "12.18.3.2511",
    "1.11-latest": "13.19.1.2199",
    "1.11-recommended": "13.19.1.2189",
    "1.11.2-latest": "13.20.1.2588",
    "1.11.2-recommended": "13.20.1.2588",
    "1.12-latest": "14.21.1.2443",
    "1.12-recommended": "14.21.1.2387",
    "1.12.1-latest": "14.22.1.2485",
    "1.12.1-recommended": "14.22.1.2478",
    "1.12.2-latest": "14.23.5.2864",
    "1.12.2-recommended": "14.23.5.2859",
    "1.13.2-latest": "25.0.223",
    "1.14.2-latest": "26.0.63",
    "1.14.3-latest": "27.0.60",
    "1.14.4-latest": "28.2.30",
    "1.14.4-recommended": "28.2.26",
    "1.15-latest": "29.0.4",
    "1.15.1-latest": "30.0.51",
    "1.15.2-latest": "31.2.62",
    "1.15.2-recommended": "31.2.57",
    "1.16.1-latest": "32.0.108",
    "1.16.2-latest": "33.0.61",
    "1.16.3-latest": "34.1.42",
    "1.16.3-recommended": "34.1.0",
    "1.16.4-latest": "35.1.37",
    "1.16.4-recommended": "35.1.4",
    "1.16.5-latest": "36.2.42",
    "1.16.5-recommended": "36.2.34",
    "1.17.1-latest": "37.1.1",
    "1.17.1-recommended": "37.1.1",
    "1.18-latest": "38.0.17",
    "1.18.1-latest": "39.1.2",
    "1.18.1-recommended": "39.1.0",
    "1.18.2-recommended": "40.3.0",
    "1.18.2-latest": "40.3.12",
    "1.19-latest": "41.1.0",
    "1.19-recommended": "41.1.0",
    "1.19.1-latest": "42.0.9",
    "1.19.2-recommended": "43.5.0",
    "1.19.2-latest": "43.5.2",
    "1.19.3-latest": "44.1.23",
    "1.19.3-recommended": "44.1.0",
    "1.19.4-recommended": "45.4.0",
    "1.19.4-latest": "45.4.5",
    "1.20-latest": "46.0.14",
    "1.20.1-recommended": "47.4.10",
    "1.20.1-latest": "47.4.23",
    "1.20.2-latest": "48.1.0",
    "1.20.2-recommended": "48.1.0",
    "1.20.3-latest": "49.0.2",
    "1.20.4-latest": "49.2.8",
    "1.20.4-recommended": "49.2.0",
    "1.20.6-latest": "50.2.10",
    "1.20.6-recommended": "50.2.0",
    "1.21-latest": "51.0.33",
    "1.21.1-latest": "52.1.16",
    "1.21.1-recommended": "52.1.0",
    "1.21.3-latest": "53.1.12",
    "1.21.3-recommended": "53.1.0",
    "1.21.4-latest": "54.1.18",
    "1.21.4-recommended": "54.1.14",
    "1.21.5-latest": "55.1.13",
    "1.21.5-recommended": "55.1.0",
    "1.21.6-latest": "56.0.9",
    "1.21.7-latest": "57.0.3",
    "1.21.8-latest": "58.1.22",
    "1.21.8-recommended": "58.1.0",
    "1.21.9-latest": "59.0.5",
    "1.21.10-latest": "60.1.15",
    "1.21.10-recommended": "60.1.0",
    "1.21.11-latest": "61.2.1",
    "1.21.11-recommended": "61.2.0",
    "26.1-latest": "62.0.9",
    "26.1.1-latest": "63.0.2",
    "26.1.2-latest": "64.1.3",
    "26.1.2-recommended": "64.1.0",
    "26.2-latest": "65.1.3",
    "26.2-recommended": "65.1.0"
  }
}
[17Sept2026 09:32:37.816] [Forge Version Check/INFO] [net.minecraftforge.fml.VersionChecker/]: [forge] Found status: OUTDATED Current: 52.0.28 Target: 52.1.0
[17Sept2026 09:32:39.938] [Render thread/DEBUG] [net.minecraftforge.common.ForgeI18n/CORE]: Loading I18N data entries: 7113
[17Sept2026 09:32:39.974] [Render thread/WARN] [net.minecraft.client.sounds.SoundEngine/]: Missing sound for event: minecraft:item.goat_horn.play
[17Sept2026 09:32:39.978] [Render thread/WARN] [net.minecraft.client.sounds.SoundEngine/]: Missing sound for event: minecraft:entity.goat.screaming.horn_break
[17Sept2026 09:32:40.108] [Render thread/INFO] [com.mojang.blaze3d.audio.Library/]: OpenAL initialized on device NuR Starboy 6
[17Sept2026 09:32:40.110] [Render thread/INFO] [net.minecraft.client.sounds.SoundEngine/SOUNDS]: Sound engine started
[17Sept2026 09:32:40.297] [Render thread/INFO] [net.minecraft.client.renderer.texture.TextureAtlas/]: Created: 1024x512x4 minecraft:textures/atlas/blocks.png-atlas
[17Sept2026 09:32:40.375] [Render thread/INFO] [net.minecraft.client.renderer.texture.TextureAtlas/]: Created: 256x256x4 minecraft:textures/atlas/signs.png-atlas
[17Sept2026 09:32:40.376] [Render thread/INFO] [net.minecraft.client.renderer.texture.TextureAtlas/]: Created: 512x512x4 minecraft:textures/atlas/shield_patterns.png-atlas
[17Sept2026 09:32:40.378] [Render thread/INFO] [net.minecraft.client.renderer.texture.TextureAtlas/]: Created: 512x512x4 minecraft:textures/atlas/banner_patterns.png-atlas
[17Sept2026 09:32:40.379] [Render thread/INFO] [net.minecraft.client.renderer.texture.TextureAtlas/]: Created: 1024x1024x4 minecraft:textures/atlas/armor_trims.png-atlas
[17Sept2026 09:32:40.399] [Render thread/INFO] [net.minecraft.client.renderer.texture.TextureAtlas/]: Created: 128x64x4 minecraft:textures/atlas/decorated_pot.png-atlas
[17Sept2026 09:32:40.400] [Render thread/INFO] [net.minecraft.client.renderer.texture.TextureAtlas/]: Created: 256x256x4 minecraft:textures/atlas/chest.png-atlas
[17Sept2026 09:32:40.401] [Render thread/INFO] [net.minecraft.client.renderer.texture.TextureAtlas/]: Created: 512x256x4 minecraft:textures/atlas/shulker_boxes.png-atlas
[17Sept2026 09:32:40.403] [Render thread/INFO] [net.minecraft.client.renderer.texture.TextureAtlas/]: Created: 512x256x4 minecraft:textures/atlas/beds.png-atlas
[17Sept2026 09:32:40.785] [Render thread/INFO] [net.minecraft.client.renderer.texture.TextureAtlas/]: Created: 512x256x0 minecraft:textures/atlas/particles.png-atlas
[17Sept2026 09:32:40.798] [Render thread/INFO] [net.minecraft.client.renderer.texture.TextureAtlas/]: Created: 512x256x0 minecraft:textures/atlas/paintings.png-atlas
[17Sept2026 09:32:40.799] [Render thread/INFO] [net.minecraft.client.renderer.texture.TextureAtlas/]: Created: 256x128x0 minecraft:textures/atlas/mob_effects.png-atlas
[17Sept2026 09:32:40.800] [Render thread/INFO] [net.minecraft.client.renderer.texture.TextureAtlas/]: Created: 64x64x0 minecraft:textures/atlas/map_decorations.png-atlas
[17Sept2026 09:32:40.801] [Render thread/INFO] [net.minecraft.client.renderer.texture.TextureAtlas/]: Created: 1024x512x0 minecraft:textures/atlas/gui.png-atlas
[17Sept2026 09:32:40.879] [Render thread/WARN] [net.minecraft.client.renderer.ShaderInstance/]: Shader rendertype_entity_translucent_emissive could not find sampler named Sampler2 in the specified shader program.
[17Sept2026 09:32:40.977] [Render thread/INFO] [epxzzysabers/]: This line is printed by an example mod mixin from Forge!
[17Sept2026 09:32:40.978] [Render thread/INFO] [epxzzysabers/]: MC Version: release
[17Sept2026 09:32:40.991] [Render thread/INFO] [epxzzysabers/]: This line is printed by an example mod mixin from Forge!
[17Sept2026 09:32:40.991] [Render thread/INFO] [epxzzysabers/]: MC Version: release
[17Sept2026 09:32:47.704] [Render thread/DEBUG] [net.minecraftforge.resource.ResourcePackLoader/CORE]: Generating PackInfo named mod:forge for mod file /
[17Sept2026 09:32:47.704] [Render thread/DEBUG] [net.minecraftforge.resource.ResourcePackLoader/CORE]: Generating PackInfo named mod:epxzzysabers for mod file /run/media/epxzzy/shared/stuff/repos/mcmods/epxzzysabers/forge/build/sourcesSets/main
[17Sept2026 09:32:49.601] [Worker-Main-1/DEBUG] [net.minecraftforge.coremod.transformer.CoreModBaseTransformer/COREMOD]: Transforming net/minecraft/server/commands/SummonCommand
[17Sept2026 09:32:49.698] [Worker-Main-1/DEBUG] [net.minecraftforge.coremod.transformer.CoreModBaseTransformer/COREMOD]: Transforming net/minecraft/server/commands/RaidCommand
[17Sept2026 09:32:49.981] [Render thread/INFO] [net.minecraft.world.item.crafting.RecipeManager/]: Loaded 1290 recipes
[17Sept2026 09:32:50.235] [Render thread/INFO] [net.minecraft.advancements.AdvancementTree/]: Loaded 1399 advancements
[17Sept2026 09:32:50.727] [Render thread/DEBUG] [net.minecraftforge.common.ForgeHooks/WP]: Gathering id map for writing to world save test
[17Sept2026 09:32:50.741] [Render thread/DEBUG] [net.minecraftforge.common.ForgeHooks/WP]: ID Map collection complete test
[17Sept2026 09:32:50.852] [Server thread/INFO] [net.minecraft.client.server.IntegratedServer/]: Starting integrated minecraft server version 1.21.1
[17Sept2026 09:32:50.852] [Server thread/INFO] [net.minecraft.server.MinecraftServer/]: Generating keypair
[17Sept2026 09:32:50.941] [Server thread/DEBUG] [net.minecraftforge.fml.config.ConfigTracker/CONFIG]: Loading configs type SERVER
[17Sept2026 09:32:50.942] [Server thread/DEBUG] [net.minecraftforge.fml.config.ConfigFileTypeHandler/CONFIG]: Built TOML config for ./saves/test/serverconfig/forge-server.toml
[17Sept2026 09:32:50.944] [Server thread/DEBUG] [net.minecraftforge.fml.config.ConfigFileTypeHandler/CONFIG]: Loaded TOML config file ./saves/test/serverconfig/forge-server.toml
[17Sept2026 09:32:50.944] [Server thread/DEBUG] [net.minecraftforge.fml.config.ConfigFileTypeHandler/CONFIG]: Watching TOML config file ./saves/test/serverconfig/forge-server.toml for changes
[17Sept2026 09:32:50.944] [Server thread/DEBUG] [net.minecraftforge.common.ForgeConfig/FORGEMOD]: Loaded forge config file forge-server.toml
[17Sept2026 09:32:51.002] [Server thread/DEBUG] [net.minecraftforge.coremod.transformer.CoreModBaseTransformer/COREMOD]: Transforming net/minecraft/world/level/levelgen/PhantomSpawner
[17Sept2026 09:32:51.013] [Server thread/DEBUG] [net.minecraftforge.coremod.transformer.CoreModBaseTransformer/COREMOD]: Transforming net/minecraft/world/level/levelgen/PatrolSpawner
[17Sept2026 09:32:51.018] [Server thread/DEBUG] [net.minecraftforge.coremod.transformer.CoreModBaseTransformer/COREMOD]: Transforming net/minecraft/world/entity/npc/CatSpawner
[17Sept2026 09:32:51.036] [Server thread/DEBUG] [net.minecraftforge.coremod.transformer.CoreModBaseTransformer/COREMOD]: Transforming net/minecraft/world/entity/ai/village/VillageSiege
[17Sept2026 09:32:51.251] [Server thread/INFO] [net.minecraft.server.MinecraftServer/]: Preparing start region for dimension minecraft:overworld
[17Sept2026 09:32:51.684] [Render thread/INFO] [net.minecraft.server.level.progress.LoggerChunkProgressListener/]: Preparing spawn area: 0%
[17Sept2026 09:32:51.761] [Render thread/INFO] [net.minecraft.server.level.progress.LoggerChunkProgressListener/]: Preparing spawn area: 18%
[17Sept2026 09:32:51.778] [Server thread/INFO] [net.minecraftforge.server.permission.PermissionAPI/]: Successfully initialized permission handler forge:default_handler
[17Sept2026 09:32:51.780] [Render thread/INFO] [net.minecraft.server.level.progress.LoggerChunkProgressListener/]: Time elapsed: 524 ms
[17Sept2026 09:32:51.851] [Server thread/DEBUG] [io.netty.buffer.AbstractByteBuf/]: -Dio.netty.buffer.checkAccessible: true
[17Sept2026 09:32:51.851] [Server thread/DEBUG] [io.netty.buffer.AbstractByteBuf/]: -Dio.netty.buffer.checkBounds: true
[17Sept2026 09:32:51.853] [Server thread/DEBUG] [io.netty.util.ResourceLeakDetectorFactory/]: Loaded default ResourceLeakDetector: io.netty.util.ResourceLeakDetector@151ed2a8
[17Sept2026 09:32:51.861] [Server thread/DEBUG] [io.netty.util.internal.InternalThreadLocalMap/]: -Dio.netty.threadLocalMap.stringBuilder.initialSize: 1024
[17Sept2026 09:32:51.861] [Server thread/DEBUG] [io.netty.util.internal.InternalThreadLocalMap/]: -Dio.netty.threadLocalMap.stringBuilder.maxSize: 4096
[17Sept2026 09:32:51.864] [Server thread/DEBUG] [io.netty.buffer.PooledByteBufAllocator/]: -Dio.netty.allocator.numHeapArenas: 8
[17Sept2026 09:32:51.864] [Server thread/DEBUG] [io.netty.buffer.PooledByteBufAllocator/]: -Dio.netty.allocator.numDirectArenas: 8
[17Sept2026 09:32:51.864] [Server thread/DEBUG] [io.netty.buffer.PooledByteBufAllocator/]: -Dio.netty.allocator.pageSize: 8192
[17Sept2026 09:32:51.864] [Server thread/DEBUG] [io.netty.buffer.PooledByteBufAllocator/]: -Dio.netty.allocator.maxOrder: 9
[17Sept2026 09:32:51.864] [Server thread/DEBUG] [io.netty.buffer.PooledByteBufAllocator/]: -Dio.netty.allocator.chunkSize: 4194304
[17Sept2026 09:32:51.864] [Server thread/DEBUG] [io.netty.buffer.PooledByteBufAllocator/]: -Dio.netty.allocator.smallCacheSize: 256
[17Sept2026 09:32:51.864] [Server thread/DEBUG] [io.netty.buffer.PooledByteBufAllocator/]: -Dio.netty.allocator.normalCacheSize: 64
[17Sept2026 09:32:51.864] [Server thread/DEBUG] [io.netty.buffer.PooledByteBufAllocator/]: -Dio.netty.allocator.maxCachedBufferCapacity: 32768
[17Sept2026 09:32:51.864] [Server thread/DEBUG] [io.netty.buffer.PooledByteBufAllocator/]: -Dio.netty.allocator.cacheTrimInterval: 8192
[17Sept2026 09:32:51.864] [Server thread/DEBUG] [io.netty.buffer.PooledByteBufAllocator/]: -Dio.netty.allocator.cacheTrimIntervalMillis: 0
[17Sept2026 09:32:51.864] [Server thread/DEBUG] [io.netty.buffer.PooledByteBufAllocator/]: -Dio.netty.allocator.useCacheForAllThreads: false
[17Sept2026 09:32:51.864] [Server thread/DEBUG] [io.netty.buffer.PooledByteBufAllocator/]: -Dio.netty.allocator.maxCachedByteBuffersPerChunk: 1023
[17Sept2026 09:32:51.872] [Server thread/DEBUG] [io.netty.buffer.ByteBufUtil/]: -Dio.netty.allocator.type: pooled
[17Sept2026 09:32:51.872] [Server thread/DEBUG] [io.netty.buffer.ByteBufUtil/]: -Dio.netty.threadLocalDirectBufferSize: 0
[17Sept2026 09:32:51.872] [Server thread/DEBUG] [io.netty.buffer.ByteBufUtil/]: -Dio.netty.maxThreadLocalCharBufferSize: 16384
[17Sept2026 09:32:51.898] [Server thread/DEBUG] [net.minecraftforge.coremod.transformer.CoreModBaseTransformer/COREMOD]: Transforming net/minecraft/world/level/NaturalSpawner
[17Sept2026 09:32:51.935] [Server thread/INFO] [net.minecraft.client.server.IntegratedServer/]: Changing view distance to 2, from 10
[17Sept2026 09:32:51.935] [Server thread/INFO] [net.minecraft.client.server.IntegratedServer/]: Changing simulation distance to 5, from 0
[17Sept2026 09:32:51.961] [Render thread/DEBUG] [io.netty.channel.MultithreadEventLoopGroup/]: -Dio.netty.eventLoopThreads: 8
[17Sept2026 09:32:51.969] [Render thread/DEBUG] [io.netty.util.concurrent.GlobalEventExecutor/]: -Dio.netty.globalEventExecutor.quietPeriodSeconds: 1
[17Sept2026 09:32:51.980] [Render thread/DEBUG] [io.netty.channel.nio.NioEventLoop/]: -Dio.netty.noKeySetOptimization: false
[17Sept2026 09:32:51.980] [Render thread/DEBUG] [io.netty.channel.nio.NioEventLoop/]: -Dio.netty.selectorAutoRebuildThreshold: 512
[17Sept2026 09:32:51.989] [Render thread/DEBUG] [io.netty.util.internal.PlatformDependent/]: org.jctools-core.MpscChunkedArrayQueue: available
[17Sept2026 09:32:52.014] [Render thread/DEBUG] [io.netty.channel.DefaultChannelId/]: -Dio.netty.processId: 86008 (auto-detected)
[17Sept2026 09:32:52.019] [Render thread/DEBUG] [io.netty.util.NetUtil/]: -Djava.net.preferIPv4Stack: false
[17Sept2026 09:32:52.019] [Render thread/DEBUG] [io.netty.util.NetUtil/]: -Djava.net.preferIPv6Addresses: system
[17Sept2026 09:32:52.021] [Render thread/DEBUG] [io.netty.util.NetUtilInitializations/]: Loopback interface: lo (lo, 0:0:0:0:0:0:0:1%lo)
[17Sept2026 09:32:52.025] [Render thread/DEBUG] [io.netty.util.NetUtil/]: /proc/sys/net/core/somaxconn: 4096
[17Sept2026 09:32:52.026] [Render thread/DEBUG] [io.netty.channel.DefaultChannelId/]: -Dio.netty.machineId: a8:a1:59:ff:fe:53:1f:7e (auto-detected)
[17Sept2026 09:32:52.109] [Netty Local Client IO #0/DEBUG] [net.minecraftforge.network.filters.NetworkFilters/]: Injected net.minecraftforge.network.filters.VanillaConnectionNetworkFilter@71c3cf35 into net.minecraft.network.Connection@71f89d5b
[17Sept2026 09:32:52.119] [Render thread/DEBUG] [io.netty.util.Recycler/]: -Dio.netty.recycler.maxCapacityPerThread: 4096
[17Sept2026 09:32:52.119] [Render thread/DEBUG] [io.netty.util.Recycler/]: -Dio.netty.recycler.ratio: 8
[17Sept2026 09:32:52.119] [Render thread/DEBUG] [io.netty.util.Recycler/]: -Dio.netty.recycler.chunkSize: 32
[17Sept2026 09:32:52.119] [Render thread/DEBUG] [io.netty.util.Recycler/]: -Dio.netty.recycler.blocking: false
[17Sept2026 09:32:52.119] [Render thread/DEBUG] [io.netty.util.Recycler/]: -Dio.netty.recycler.batchFastThreadLocalOnly: true
[17Sept2026 09:32:52.304] [Netty Local Client IO #0/DEBUG] [net.minecraftforge.network.ForgePacketHandler/FORGE_PACKET_HANDLER]: Received server connection with modlist [epxzzysabers, forge, minecraft]
[17Sept2026 09:32:52.306] [Netty Local Client IO #0/DEBUG] [net.minecraftforge.network.ForgePacketHandler/FORGE_PACKET_HANDLER]: Accepted server connection
[17Sept2026 09:32:52.307] [Netty Server IO #1/DEBUG] [net.minecraftforge.network.ForgePacketHandler/FORGE_PACKET_HANDLER]: Received client connection with modlist [epxzzysabers, forge, minecraft]
[17Sept2026 09:32:52.311] [Netty Local Client IO #0/DEBUG] [net.minecraftforge.network.ForgePacketHandler/FORGE_PACKET_HANDLER]: Received server connection with channels [forge:channel_registration, forge:handshake, forge:login]
[17Sept2026 09:32:52.311] [Netty Local Client IO #0/DEBUG] [net.minecraftforge.network.NetworkRegistry/NETREGISTRY]: Channel 'forge:handshake' : Version test of 'PRESENT 0' from server : ACCEPTED
[17Sept2026 09:32:52.311] [Netty Local Client IO #0/DEBUG] [net.minecraftforge.network.NetworkRegistry/NETREGISTRY]: Channel 'forge:login' : Version test of 'PRESENT 0' from server : ACCEPTED
[17Sept2026 09:32:52.311] [Netty Local Client IO #0/DEBUG] [net.minecraftforge.network.NetworkRegistry/NETREGISTRY]: Channel 'forge:channel_registration' : Version test of 'PRESENT 0' from server : ACCEPTED
[17Sept2026 09:32:52.311] [Netty Local Client IO #0/DEBUG] [net.minecraftforge.network.NetworkRegistry/NETREGISTRY]: Accepting channel list from server
[17Sept2026 09:32:52.312] [Netty Server IO #1/DEBUG] [net.minecraftforge.network.ForgePacketHandler/FORGE_PACKET_HANDLER]: Received client connection with channels [forge:channel_registration, forge:handshake, forge:login]
[17Sept2026 09:32:52.312] [Netty Server IO #1/DEBUG] [net.minecraftforge.network.NetworkRegistry/NETREGISTRY]: Channel 'forge:handshake' : Version test of 'PRESENT 0' from client : ACCEPTED
[17Sept2026 09:32:52.312] [Netty Server IO #1/DEBUG] [net.minecraftforge.network.NetworkRegistry/NETREGISTRY]: Channel 'forge:login' : Version test of 'PRESENT 0' from client : ACCEPTED
[17Sept2026 09:32:52.312] [Netty Server IO #1/DEBUG] [net.minecraftforge.network.NetworkRegistry/NETREGISTRY]: Channel 'forge:channel_registration' : Version test of 'PRESENT 0' from client : ACCEPTED
[17Sept2026 09:32:52.312] [Netty Server IO #1/DEBUG] [net.minecraftforge.network.NetworkRegistry/NETREGISTRY]: Accepting channel list from client
[17Sept2026 09:32:52.316] [Netty Local Client IO #0/DEBUG] [net.minecraftforge.network.ForgePacketHandler/FORGE_PACKET_HANDLER]: Expecting 19 registries: minecraft:command_argument_type, minecraft:recipe_serializer, minecraft:sound_event, minecraft:particle_type, minecraft:villager_profession, minecraft:item, minecraft:potion, minecraft:painting_variant, forge:fluid_type, minecraft:block_entity_type, forge:display_contexts, minecraft:block, forge:entity_data_serializers, minecraft:mob_effect, minecraft:stat_type, minecraft:menu, minecraft:data_component_type, minecraft:fluid, minecraft:entity_type
[17Sept2026 09:32:52.316] [Netty Server IO #1/DEBUG] [net.minecraftforge.network.ForgePacketHandler/FORGE_PACKET_HANDLER]: Received acknowledgement 0 from client
[17Sept2026 09:32:52.317] [Netty Local Client IO #0/DEBUG] [net.minecraftforge.network.ForgePacketHandler/FORGE_PACKET_HANDLER]: Received config sync from server for forge-server.toml
[17Sept2026 09:32:52.637] [Render thread/INFO] [net.minecraftforge.common.ForgeHooks/]: Connected to a modded server.
[17Sept2026 09:32:52.747] [Server thread/INFO] [net.minecraft.server.players.PlayerList/]: Dev[local:E:2d46c4c1] logged in with entity id 1 at (6.1377677413367815, 1.0, 5.630729977594574)
[17Sept2026 09:32:52.832] [Server thread/INFO] [net.minecraft.server.MinecraftServer/]: Dev joined the game
[17Sept2026 09:32:53.070] [Render thread/INFO] [net.minecraft.advancements.AdvancementTree/]: Loaded 5 advancements
[17Sept2026 09:32:53.153] [Render thread/INFO] [epxzzysabers/]: FKCRT ItemRendererMixin common
[17Sept2026 09:32:53.153] [Render thread/INFO] [epxzzysabers/]: FKCRT renderbyitem
[17Sept2026 09:32:53.154] [Render thread/INFO] [epxzzysabers/]: FKCRT PartialItemModelRenderer made for itemstacc 1 epxzzysabers:single_bladed_saber
[17Sept2026 09:32:53.192] [Render thread/INFO] [epxzzysabers/]: FKCRT ItemRendererMixin common
[17Sept2026 09:32:53.192] [Render thread/INFO] [epxzzysabers/]: FKCRT renderbyitem
[17Sept2026 09:32:53.192] [Render thread/INFO] [epxzzysabers/]: FKCRT PartialItemModelRenderer made for itemstacc 1 epxzzysabers:single_bladed_saber
[17Sept2026 09:32:53.212] [Render thread/INFO] [epxzzysabers/]: FKCRT ItemRendererMixin common
[17Sept2026 09:32:53.212] [Render thread/INFO] [epxzzysabers/]: FKCRT renderbyitem
[17Sept2026 09:32:53.213] [Render thread/INFO] [epxzzysabers/]: FKCRT PartialItemModelRenderer made for itemstacc 1 epxzzysabers:single_bladed_saber
[17Sept2026 09:32:53.224] [Render thread/INFO] [epxzzysabers/]: FKCRT ItemRendererMixin common
[17Sept2026 09:32:53.225] [Render thread/INFO] [epxzzysabers/]: FKCRT renderbyitem
[17Sept2026 09:32:53.226] [Render thread/INFO] [epxzzysabers/]: FKCRT PartialItemModelRenderer made for itemstacc 1 epxzzysabers:single_bladed_saber
[17Sept2026 09:32:53.233] [Render thread/INFO] [epxzzysabers/]: FKCRT ItemRendererMixin common
[17Sept2026 09:32:53.233] [Render thread/INFO] [epxzzysabers/]: FKCRT renderbyitem
[17Sept2026 09:32:53.234] [Render thread/INFO] [epxzzysabers/]: FKCRT PartialItemModelRenderer made for itemstacc 1 epxzzysabers:single_bladed_saber
[17Sept2026 09:32:53.241] [Render thread/INFO] [epxzzysabers/]: FKCRT ItemRendererMixin common
[17Sept2026 09:32:53.242] [Render thread/INFO] [epxzzysabers/]: FKCRT renderbyitem
[17Sept2026 09:32:53.242] [Render thread/INFO] [epxzzysabers/]: FKCRT PartialItemModelRenderer made for itemstacc 1 epxzzysabers:single_bladed_saber
[17Sept2026 09:32:53.263] [Render thread/INFO] [epxzzysabers/]: FKCRT ItemRendererMixin common
[17Sept2026 09:32:53.263] [Render thread/INFO] [epxzzysabers/]: FKCRT renderbyitem
[17Sept2026 09:32:53.263] [Render thread/INFO] [epxzzysabers/]: FKCRT PartialItemModelRenderer made for itemstacc 1 epxzzysabers:single_bladed_saber
[17Sept2026 09:32:53.284] [Render thread/INFO] [epxzzysabers/]: FKCRT ItemRendererMixin common
[17Sept2026 09:32:53.285] [Render thread/INFO] [epxzzysabers/]: FKCRT renderbyitem
[17Sept2026 09:32:53.285] [Render thread/INFO] [epxzzysabers/]: FKCRT PartialItemModelRenderer made for itemstacc 1 epxzzysabers:single_bladed_saber
[17Sept2026 09:32:53.341] [Render thread/INFO] [epxzzysabers/]: FKCRT ItemRendererMixin common
[17Sept2026 09:32:53.341] [Render thread/INFO] [epxzzysabers/]: FKCRT renderbyitem
[17Sept2026 09:32:53.342] [Render thread/INFO] [epxzzysabers/]: FKCRT PartialItemModelRenderer made for itemstacc 1 epxzzysabers:single_bladed_saber
[17Sept2026 09:32:53.377] [Render thread/INFO] [epxzzysabers/]: FKCRT ItemRendererMixin common
[17Sept2026 09:32:53.378] [Render thread/INFO] [epxzzysabers/]: FKCRT renderbyitem
[17Sept2026 09:32:53.378] [Render thread/INFO] [epxzzysabers/]: FKCRT PartialItemModelRenderer made for itemstacc 1 epxzzysabers:single_bladed_saber
[17Sept2026 09:32:53.411] [Render thread/INFO] [epxzzysabers/]: FKCRT ItemRendererMixin common
[17Sept2026 09:32:53.411] [Render thread/INFO] [epxzzysabers/]: FKCRT renderbyitem
[17Sept2026 09:32:53.411] [Render thread/INFO] [epxzzysabers/]: FKCRT PartialItemModelRenderer made for itemstacc 1 epxzzysabers:single_bladed_saber
[17Sept2026 09:32:53.436] [Render thread/INFO] [epxzzysabers/]: FKCRT ItemRendererMixin common
[17Sept2026 09:32:53.436] [Render thread/INFO] [epxzzysabers/]: FKCRT renderbyitem
[17Sept2026 09:32:53.436] [Render thread/INFO] [epxzzysabers/]: FKCRT PartialItemModelRenderer made for itemstacc 1 epxzzysabers:single_bladed_saber
[17Sept2026 09:32:53.443] [Render thread/INFO] [epxzzysabers/]: FKCRT ItemRendererMixin common
[17Sept2026 09:32:53.443] [Render thread/INFO] [epxzzysabers/]: FKCRT renderbyitem
[17Sept2026 09:32:53.443] [Render thread/INFO] [epxzzysabers/]: FKCRT PartialItemModelRenderer made for itemstacc 1 epxzzysabers:single_bladed_saber
[17Sept2026 09:32:53.464] [Render thread/INFO] [epxzzysabers/]: FKCRT ItemRendererMixin common
[17Sept2026 09:32:53.464] [Render thread/INFO] [epxzzysabers/]: FKCRT renderbyitem
[17Sept2026 09:32:53.465] [Render thread/INFO] [epxzzysabers/]: FKCRT PartialItemModelRenderer made for itemstacc 1 epxzzysabers:single_bladed_saber
[17Sept2026 09:32:53.476] [Render thread/INFO] [epxzzysabers/]: FKCRT ItemRendererMixin common
[17Sept2026 09:32:53.477] [Render thread/INFO] [epxzzysabers/]: FKCRT renderbyitem
[17Sept2026 09:32:53.477] [Render thread/INFO] [epxzzysabers/]: FKCRT PartialItemModelRenderer made for itemstacc 1 epxzzysabers:single_bladed_saber
[17Sept2026 09:32:53.488] [Render thread/INFO] [epxzzysabers/]: FKCRT ItemRendererMixin common
[17Sept2026 09:32:53.488] [Render thread/INFO] [epxzzysabers/]: FKCRT renderbyitem
[17Sept2026 09:32:53.488] [Render thread/INFO] [epxzzysabers/]: FKCRT PartialItemModelRenderer made for itemstacc 1 epxzzysabers:single_bladed_saber
[17Sept2026 09:32:53.493] [Render thread/INFO] [epxzzysabers/]: FKCRT ItemRendererMixin common
[17Sept2026 09:32:53.494] [Render thread/INFO] [epxzzysabers/]: FKCRT renderbyitem
[17Sept2026 09:32:53.494] [Render thread/INFO] [epxzzysabers/]: FKCRT PartialItemModelRenderer made for itemstacc 1 epxzzysabers:single_bladed_saber
[17Sept2026 09:32:53.508] [Render thread/INFO] [epxzzysabers/]: FKCRT ItemRendererMixin common
[17Sept2026 09:32:53.510] [Render thread/INFO] [epxzzysabers/]: FKCRT renderbyitem
[17Sept2026 09:32:53.510] [Render thread/INFO] [epxzzysabers/]: FKCRT PartialItemModelRenderer made for itemstacc 1 epxzzysabers:single_bladed_saber
[17Sept2026 09:32:53.523] [Render thread/INFO] [epxzzysabers/]: FKCRT ItemRendererMixin common
[17Sept2026 09:32:53.524] [Render thread/INFO] [epxzzysabers/]: FKCRT renderbyitem
[17Sept2026 09:32:53.524] [Render thread/INFO] [epxzzysabers/]: FKCRT PartialItemModelRenderer made for itemstacc 1 epxzzysabers:single_bladed_saber
[17Sept2026 09:32:53.540] [Render thread/INFO] [epxzzysabers/]: FKCRT ItemRendererMixin common
[17Sept2026 09:32:53.541] [Render thread/INFO] [epxzzysabers/]: FKCRT renderbyitem
[17Sept2026 09:32:53.541] [Render thread/INFO] [epxzzysabers/]: FKCRT PartialItemModelRenderer made for itemstacc 1 epxzzysabers:single_bladed_saber
[17Sept2026 09:32:53.548] [Render thread/INFO] [epxzzysabers/]: FKCRT ItemRendererMixin common
[17Sept2026 09:32:53.549] [Render thread/INFO] [epxzzysabers/]: FKCRT renderbyitem
[17Sept2026 09:32:53.549] [Render thread/INFO] [epxzzysabers/]: FKCRT PartialItemModelRenderer made for itemstacc 1 epxzzysabers:single_bladed_saber
[17Sept2026 09:32:53.561] [Render thread/INFO] [epxzzysabers/]: FKCRT ItemRendererMixin common
[17Sept2026 09:32:53.562] [Render thread/INFO] [epxzzysabers/]: FKCRT renderbyitem
[17Sept2026 09:32:53.562] [Render thread/INFO] [epxzzysabers/]: FKCRT PartialItemModelRenderer made for itemstacc 1 epxzzysabers:single_bladed_saber
[17Sept2026 09:32:53.577] [Render thread/INFO] [epxzzysabers/]: FKCRT ItemRendererMixin common
[17Sept2026 09:32:53.579] [Render thread/INFO] [epxzzysabers/]: FKCRT renderbyitem
[17Sept2026 09:32:53.580] [Render thread/INFO] [epxzzysabers/]: FKCRT PartialItemModelRenderer made for itemstacc 1 epxzzysabers:single_bladed_saber
[17Sept2026 09:32:53.623] [Render thread/INFO] [epxzzysabers/]: FKCRT ItemRendererMixin common
[17Sept2026 09:32:53.623] [Render thread/INFO] [epxzzysabers/]: FKCRT renderbyitem
[17Sept2026 09:32:53.623] [Render thread/INFO] [epxzzysabers/]: FKCRT PartialItemModelRenderer made for itemstacc 1 epxzzysabers:single_bladed_saber
[17Sept2026 09:32:53.727] [Render thread/INFO] [epxzzysabers/]: FKCRT ItemRendererMixin common
[17Sept2026 09:32:53.727] [Render thread/INFO] [epxzzysabers/]: FKCRT renderbyitem
[17Sept2026 09:32:53.727] [Render thread/INFO] [epxzzysabers/]: FKCRT PartialItemModelRenderer made for itemstacc 1 epxzzysabers:single_bladed_saber
[17Sept2026 09:32:53.757] [Render thread/INFO] [epxzzysabers/]: FKCRT ItemRendererMixin common
[17Sept2026 09:32:53.757] [Render thread/INFO] [epxzzysabers/]: FKCRT renderbyitem
[17Sept2026 09:32:53.757] [Render thread/INFO] [epxzzysabers/]: FKCRT PartialItemModelRenderer made for itemstacc 1 epxzzysabers:single_bladed_saber
[17Sept2026 09:32:53.774] [Render thread/INFO] [epxzzysabers/]: FKCRT ItemRendererMixin common
[17Sept2026 09:32:53.774] [Render thread/INFO] [epxzzysabers/]: FKCRT renderbyitem
[17Sept2026 09:32:53.774] [Render thread/INFO] [epxzzysabers/]: FKCRT PartialItemModelRenderer made for itemstacc 1 epxzzysabers:single_bladed_saber
[17Sept2026 09:32:53.784] [Server thread/INFO] [net.minecraft.client.server.IntegratedServer/]: Saving and pausing game...
[17Sept2026 09:32:53.791] [Render thread/INFO] [epxzzysabers/]: FKCRT ItemRendererMixin common
[17Sept2026 09:32:53.791] [Render thread/INFO] [epxzzysabers/]: FKCRT renderbyitem
[17Sept2026 09:32:53.791] [Render thread/INFO] [epxzzysabers/]: FKCRT PartialItemModelRenderer made for itemstacc 1 epxzzysabers:single_bladed_saber
[17Sept2026 09:32:53.799] [Render thread/INFO] [epxzzysabers/]: FKCRT ItemRendererMixin common
[17Sept2026 09:32:53.799] [Render thread/INFO] [epxzzysabers/]: FKCRT renderbyitem
[17Sept2026 09:32:53.799] [Render thread/INFO] [epxzzysabers/]: FKCRT PartialItemModelRenderer made for itemstacc 1 epxzzysabers:single_bladed_saber
[17Sept2026 09:32:53.814] [Render thread/INFO] [epxzzysabers/]: FKCRT ItemRendererMixin common
[17Sept2026 09:32:53.815] [Render thread/INFO] [epxzzysabers/]: FKCRT renderbyitem
[17Sept2026 09:32:53.815] [Render thread/INFO] [epxzzysabers/]: FKCRT PartialItemModelRenderer made for itemstacc 1 epxzzysabers:single_bladed_saber
[17Sept2026 09:32:53.824] [Render thread/INFO] [epxzzysabers/]: FKCRT ItemRendererMixin common
[17Sept2026 09:32:53.824] [Render thread/INFO] [epxzzysabers/]: FKCRT renderbyitem
[17Sept2026 09:32:53.824] [Render thread/INFO] [epxzzysabers/]: FKCRT PartialItemModelRenderer made for itemstacc 1 epxzzysabers:single_bladed_saber
[17Sept2026 09:32:53.830] [Render thread/INFO] [epxzzysabers/]: FKCRT ItemRendererMixin common
[17Sept2026 09:32:53.831] [Render thread/INFO] [epxzzysabers/]: FKCRT renderbyitem
[17Sept2026 09:32:53.831] [Render thread/INFO] [epxzzysabers/]: FKCRT PartialItemModelRenderer made for itemstacc 1 epxzzysabers:single_bladed_saber
[17Sept2026 09:32:53.837] [Render thread/INFO] [epxzzysabers/]: FKCRT ItemRendererMixin common
[17Sept2026 09:32:53.837] [Render thread/INFO] [epxzzysabers/]: FKCRT renderbyitem
[17Sept2026 09:32:53.837] [Render thread/INFO] [epxzzysabers/]: FKCRT PartialItemModelRenderer made for itemstacc 1 epxzzysabers:single_bladed_saber
[17Sept2026 09:32:53.845] [Render thread/INFO] [epxzzysabers/]: FKCRT ItemRendererMixin common
[17Sept2026 09:32:53.845] [Render thread/INFO] [epxzzysabers/]: FKCRT renderbyitem
[17Sept2026 09:32:53.845] [Render thread/INFO] [epxzzysabers/]: FKCRT PartialItemModelRenderer made for itemstacc 1 epxzzysabers:single_bladed_saber
[17Sept2026 09:32:53.851] [Server thread/INFO] [net.minecraft.server.MinecraftServer/]: Saving chunks for level 'ServerLevel[test]'/minecraft:overworld
[17Sept2026 09:32:53.853] [Render thread/INFO] [epxzzysabers/]: FKCRT ItemRendererMixin common
[17Sept2026 09:32:53.854] [Render thread/INFO] [epxzzysabers/]: FKCRT renderbyitem
[17Sept2026 09:32:53.854] [Render thread/INFO] [epxzzysabers/]: FKCRT PartialItemModelRenderer made for itemstacc 1 epxzzysabers:single_bladed_saber
[17Sept2026 09:32:53.860] [Render thread/INFO] [epxzzysabers/]: FKCRT ItemRendererMixin common
[17Sept2026 09:32:53.860] [Render thread/INFO] [epxzzysabers/]: FKCRT renderbyitem
[17Sept2026 09:32:53.860] [Render thread/INFO] [epxzzysabers/]: FKCRT PartialItemModelRenderer made for itemstacc 1 epxzzysabers:single_bladed_saber
[17Sept2026 09:32:53.866] [Render thread/INFO] [epxzzysabers/]: FKCRT ItemRendererMixin common
[17Sept2026 09:32:53.866] [Render thread/INFO] [epxzzysabers/]: FKCRT renderbyitem
[17Sept2026 09:32:53.866] [Render thread/INFO] [epxzzysabers/]: FKCRT PartialItemModelRenderer made for itemstacc 1 epxzzysabers:single_bladed_saber
[17Sept2026 09:32:53.871] [Render thread/INFO] [epxzzysabers/]: FKCRT ItemRendererMixin common
[17Sept2026 09:32:53.871] [Render thread/INFO] [epxzzysabers/]: FKCRT renderbyitem
[17Sept2026 09:32:53.872] [Render thread/INFO] [epxzzysabers/]: FKCRT PartialItemModelRenderer made for itemstacc 1 epxzzysabers:single_bladed_saber
[17Sept2026 09:32:53.878] [Render thread/INFO] [epxzzysabers/]: FKCRT ItemRendererMixin common
[17Sept2026 09:32:53.878] [Render thread/INFO] [epxzzysabers/]: FKCRT renderbyitem
[17Sept2026 09:32:53.878] [Render thread/INFO] [epxzzysabers/]: FKCRT PartialItemModelRenderer made for itemstacc 1 epxzzysabers:single_bladed_saber
[17Sept2026 09:32:53.884] [Render thread/INFO] [epxzzysabers/]: FKCRT ItemRendererMixin common
[17Sept2026 09:32:53.884] [Render thread/INFO] [epxzzysabers/]: FKCRT renderbyitem
[17Sept2026 09:32:53.884] [Render thread/INFO] [epxzzysabers/]: FKCRT PartialItemModelRenderer made for itemstacc 1 epxzzysabers:single_bladed_saber
[17Sept2026 09:32:53.894] [Render thread/INFO] [epxzzysabers/]: FKCRT ItemRendererMixin common
[17Sept2026 09:32:53.894] [Render thread/INFO] [epxzzysabers/]: FKCRT renderbyitem
[17Sept2026 09:32:53.894] [Render thread/INFO] [epxzzysabers/]: FKCRT PartialItemModelRenderer made for itemstacc 1 epxzzysabers:single_bladed_saber
[17Sept2026 09:32:53.902] [Render thread/INFO] [epxzzysabers/]: FKCRT ItemRendererMixin common
[17Sept2026 09:32:53.902] [Render thread/INFO] [epxzzysabers/]: FKCRT renderbyitem
[17Sept2026 09:32:53.902] [Render thread/INFO] [epxzzysabers/]: FKCRT PartialItemModelRenderer made for itemstacc 1 epxzzysabers:single_bladed_saber
[17Sept2026 09:32:53.910] [Render thread/INFO] [epxzzysabers/]: FKCRT ItemRendererMixin common
[17Sept2026 09:32:53.910] [Render thread/INFO] [epxzzysabers/]: FKCRT renderbyitem
[17Sept2026 09:32:53.910] [Render thread/INFO] [epxzzysabers/]: FKCRT PartialItemModelRenderer made for itemstacc 1 epxzzysabers:single_bladed_saber
[17Sept2026 09:32:53.915] [Render thread/INFO] [epxzzysabers/]: FKCRT ItemRendererMixin common
[17Sept2026 09:32:53.915] [Render thread/INFO] [epxzzysabers/]: FKCRT renderbyitem
[17Sept2026 09:32:53.916] [Render thread/INFO] [epxzzysabers/]: FKCRT PartialItemModelRenderer made for itemstacc 1 epxzzysabers:single_bladed_saber
[17Sept2026 09:32:53.929] [Render thread/INFO] [epxzzysabers/]: FKCRT ItemRendererMixin common
[17Sept2026 09:32:53.930] [Render thread/INFO] [epxzzysabers/]: FKCRT renderbyitem
[17Sept2026 09:32:53.930] [Render thread/INFO] [epxzzysabers/]: FKCRT PartialItemModelRenderer made for itemstacc 1 epxzzysabers:single_bladed_saber
[17Sept2026 09:32:53.941] [Render thread/INFO] [epxzzysabers/]: FKCRT ItemRendererMixin common
[17Sept2026 09:32:53.941] [Render thread/INFO] [epxzzysabers/]: FKCRT renderbyitem
[17Sept2026 09:32:53.941] [Render thread/INFO] [epxzzysabers/]: FKCRT PartialItemModelRenderer made for itemstacc 1 epxzzysabers:single_bladed_saber
[17Sept2026 09:32:53.960] [Render thread/INFO] [epxzzysabers/]: FKCRT ItemRendererMixin common
[17Sept2026 09:32:53.963] [Render thread/INFO] [epxzzysabers/]: FKCRT renderbyitem
[17Sept2026 09:32:53.964] [Render thread/INFO] [epxzzysabers/]: FKCRT PartialItemModelRenderer made for itemstacc 1 epxzzysabers:single_bladed_saber
[17Sept2026 09:32:53.985] [Render thread/INFO] [epxzzysabers/]: FKCRT ItemRendererMixin common
[17Sept2026 09:32:53.985] [Render thread/INFO] [epxzzysabers/]: FKCRT renderbyitem
[17Sept2026 09:32:53.985] [Render thread/INFO] [epxzzysabers/]: FKCRT PartialItemModelRenderer made for itemstacc 1 epxzzysabers:single_bladed_saber
[17Sept2026 09:32:53.997] [Render thread/INFO] [epxzzysabers/]: FKCRT ItemRendererMixin common
[17Sept2026 09:32:53.998] [Render thread/INFO] [epxzzysabers/]: FKCRT renderbyitem
[17Sept2026 09:32:53.998] [Render thread/INFO] [epxzzysabers/]: FKCRT PartialItemModelRenderer made for itemstacc 1 epxzzysabers:single_bladed_saber
[17Sept2026 09:32:54.002] [Server thread/INFO] [net.minecraft.server.MinecraftServer/]: Saving chunks for level 'ServerLevel[test]'/minecraft:the_nether
[17Sept2026 09:32:54.010] [Render thread/INFO] [epxzzysabers/]: FKCRT ItemRendererMixin common
[17Sept2026 09:32:54.010] [Render thread/INFO] [epxzzysabers/]: FKCRT renderbyitem
[17Sept2026 09:32:54.010] [Render thread/INFO] [epxzzysabers/]: FKCRT PartialItemModelRenderer made for itemstacc 1 epxzzysabers:single_bladed_saber
[17Sept2026 09:32:54.017] [Render thread/INFO] [epxzzysabers/]: FKCRT ItemRendererMixin common
[17Sept2026 09:32:54.017] [Render thread/INFO] [epxzzysabers/]: FKCRT renderbyitem
[17Sept2026 09:32:54.017] [Render thread/INFO] [epxzzysabers/]: FKCRT PartialItemModelRenderer made for itemstacc 1 epxzzysabers:single_bladed_saber
[17Sept2026 09:32:54.029] [Render thread/INFO] [epxzzysabers/]: FKCRT ItemRendererMixin common
[17Sept2026 09:32:54.030] [Render thread/INFO] [epxzzysabers/]: FKCRT renderbyitem
[17Sept2026 09:32:54.030] [Render thread/INFO] [epxzzysabers/]: FKCRT PartialItemModelRenderer made for itemstacc 1 epxzzysabers:single_bladed_saber
[17Sept2026 09:32:54.036] [Server thread/INFO] [net.minecraft.server.MinecraftServer/]: Saving chunks for level 'ServerLevel[test]'/minecraft:the_end
[17Sept2026 09:32:54.039] [Render thread/INFO] [epxzzysabers/]: FKCRT ItemRendererMixin common
[17Sept2026 09:32:54.039] [Render thread/INFO] [epxzzysabers/]: FKCRT renderbyitem
[17Sept2026 09:32:54.039] [Render thread/INFO] [epxzzysabers/]: FKCRT PartialItemModelRenderer made for itemstacc 1 epxzzysabers:single_bladed_saber
[17Sept2026 09:32:54.060] [Render thread/INFO] [epxzzysabers/]: FKCRT ItemRendererMixin common
[17Sept2026 09:32:54.060] [Render thread/INFO] [epxzzysabers/]: FKCRT renderbyitem
[17Sept2026 09:32:54.061] [Render thread/INFO] [epxzzysabers/]: FKCRT PartialItemModelRenderer made for itemstacc 1 epxzzysabers:single_bladed_saber
[17Sept2026 09:32:54.070] [Server thread/DEBUG] [net.minecraftforge.common.ForgeHooks/WP]: Gathering id map for writing to world save test
[17Sept2026 09:32:54.073] [Render thread/INFO] [epxzzysabers/]: FKCRT ItemRendererMixin common
[17Sept2026 09:32:54.074] [Render thread/INFO] [epxzzysabers/]: FKCRT renderbyitem
[17Sept2026 09:32:54.074] [Render thread/INFO] [epxzzysabers/]: FKCRT PartialItemModelRenderer made for itemstacc 1 epxzzysabers:single_bladed_saber
[17Sept2026 09:32:54.090] [Render thread/INFO] [epxzzysabers/]: FKCRT ItemRendererMixin common
[17Sept2026 09:32:54.090] [Render thread/INFO] [epxzzysabers/]: FKCRT renderbyitem
[17Sept2026 09:32:54.091] [Render thread/INFO] [epxzzysabers/]: FKCRT PartialItemModelRenderer made for itemstacc 1 epxzzysabers:single_bladed_saber
[17Sept2026 09:32:54.110] [Server thread/DEBUG] [net.minecraftforge.common.ForgeHooks/WP]: ID Map collection complete test
[17Sept2026 09:32:54.112] [Render thread/INFO] [epxzzysabers/]: FKCRT ItemRendererMixin common
[17Sept2026 09:32:54.112] [Render thread/INFO] [epxzzysabers/]: FKCRT renderbyitem
[17Sept2026 09:32:54.112] [Render thread/INFO] [epxzzysabers/]: FKCRT PartialItemModelRenderer made for itemstacc 1 epxzzysabers:single_bladed_saber
[17Sept2026 09:32:54.134] [Render thread/INFO] [epxzzysabers/]: FKCRT ItemRendererMixin common
[17Sept2026 09:32:54.136] [Render thread/INFO] [epxzzysabers/]: FKCRT renderbyitem
[17Sept2026 09:32:54.137] [Render thread/INFO] [epxzzysabers/]: FKCRT PartialItemModelRenderer made for itemstacc 1 epxzzysabers:single_bladed_saber
[17Sept2026 09:32:54.151] [Render thread/INFO] [epxzzysabers/]: FKCRT ItemRendererMixin common
[17Sept2026 09:32:54.152] [Render thread/INFO] [epxzzysabers/]: FKCRT renderbyitem
[17Sept2026 09:32:54.152] [Render thread/INFO] [epxzzysabers/]: FKCRT PartialItemModelRenderer made for itemstacc 1 epxzzysabers:single_bladed_saber
[17Sept2026 09:32:54.175] [Render thread/INFO] [epxzzysabers/]: FKCRT ItemRendererMixin common
[17Sept2026 09:32:54.175] [Render thread/INFO] [epxzzysabers/]: FKCRT renderbyitem
[17Sept2026 09:32:54.175] [Render thread/INFO] [epxzzysabers/]: FKCRT PartialItemModelRenderer made for itemstacc 1 epxzzysabers:single_bladed_saber
[17Sept2026 09:32:54.188] [Render thread/INFO] [epxzzysabers/]: FKCRT ItemRendererMixin common
[17Sept2026 09:32:54.189] [Render thread/INFO] [epxzzysabers/]: FKCRT renderbyitem
[17Sept2026 09:32:54.189] [Render thread/INFO] [epxzzysabers/]: FKCRT PartialItemModelRenderer made for itemstacc 1 epxzzysabers:single_bladed_saber
[17Sept2026 09:32:54.204] [Render thread/INFO] [epxzzysabers/]: FKCRT ItemRendererMixin common
[17Sept2026 09:32:54.205] [Render thread/INFO] [epxzzysabers/]: FKCRT renderbyitem
[17Sept2026 09:32:54.205] [Render thread/INFO] [epxzzysabers/]: FKCRT PartialItemModelRenderer made for itemstacc 1 epxzzysabers:single_bladed_saber
[17Sept2026 09:32:54.222] [Render thread/INFO] [epxzzysabers/]: FKCRT ItemRendererMixin common
[17Sept2026 09:32:54.222] [Render thread/INFO] [epxzzysabers/]: FKCRT renderbyitem
[17Sept2026 09:32:54.223] [Render thread/INFO] [epxzzysabers/]: FKCRT PartialItemModelRenderer made for itemstacc 1 epxzzysabers:single_bladed_saber
[17Sept2026 09:32:54.239] [Render thread/INFO] [epxzzysabers/]: FKCRT ItemRendererMixin common
[17Sept2026 09:32:54.239] [Render thread/INFO] [epxzzysabers/]: FKCRT renderbyitem
[17Sept2026 09:32:54.240] [Render thread/INFO] [epxzzysabers/]: FKCRT PartialItemModelRenderer made for itemstacc 1 epxzzysabers:single_bladed_saber
[17Sept2026 09:32:54.246] [Render thread/INFO] [epxzzysabers/]: FKCRT ItemRendererMixin common
[17Sept2026 09:32:54.246] [Render thread/INFO] [epxzzysabers/]: FKCRT renderbyitem
[17Sept2026 09:32:54.246] [Render thread/INFO] [epxzzysabers/]: FKCRT PartialItemModelRenderer made for itemstacc 1 epxzzysabers:single_bladed_saber
[17Sept2026 09:32:54.259] [Render thread/INFO] [epxzzysabers/]: FKCRT ItemRendererMixin common
[17Sept2026 09:32:54.259] [Render thread/INFO] [epxzzysabers/]: FKCRT renderbyitem
[17Sept2026 09:32:54.259] [Render thread/INFO] [epxzzysabers/]: FKCRT PartialItemModelRenderer made for itemstacc 1 epxzzysabers:single_bladed_saber
[17Sept2026 09:32:54.265] [Render thread/INFO] [epxzzysabers/]: FKCRT ItemRendererMixin common
[17Sept2026 09:32:54.266] [Render thread/INFO] [epxzzysabers/]: FKCRT renderbyitem
[17Sept2026 09:32:54.266] [Render thread/INFO] [epxzzysabers/]: FKCRT PartialItemModelRenderer made for itemstacc 1 epxzzysabers:single_bladed_saber
[17Sept2026 09:32:54.274] [Render thread/INFO] [epxzzysabers/]: FKCRT ItemRendererMixin common
[17Sept2026 09:32:54.274] [Render thread/INFO] [epxzzysabers/]: FKCRT renderbyitem
[17Sept2026 09:32:54.275] [Render thread/INFO] [epxzzysabers/]: FKCRT PartialItemModelRenderer made for itemstacc 1 epxzzysabers:single_bladed_saber
[17Sept2026 09:32:54.284] [Render thread/INFO] [epxzzysabers/]: FKCRT ItemRendererMixin common
[17Sept2026 09:32:54.284] [Render thread/INFO] [epxzzysabers/]: FKCRT renderbyitem
[17Sept2026 09:32:54.284] [Render thread/INFO] [epxzzysabers/]: FKCRT PartialItemModelRenderer made for itemstacc 1 epxzzysabers:single_bladed_saber
[17Sept2026 09:32:54.296] [Render thread/INFO] [epxzzysabers/]: FKCRT ItemRendererMixin common
[17Sept2026 09:32:54.296] [Render thread/INFO] [epxzzysabers/]: FKCRT renderbyitem
[17Sept2026 09:32:54.296] [Render thread/INFO] [epxzzysabers/]: FKCRT PartialItemModelRenderer made for itemstacc 1 epxzzysabers:single_bladed_saber
[17Sept2026 09:32:54.315] [Render thread/INFO] [epxzzysabers/]: FKCRT ItemRendererMixin common
[17Sept2026 09:32:54.315] [Render thread/INFO] [epxzzysabers/]: FKCRT renderbyitem
[17Sept2026 09:32:54.315] [Render thread/INFO] [epxzzysabers/]: FKCRT PartialItemModelRenderer made for itemstacc 1 epxzzysabers:single_bladed_saber
[17Sept2026 09:32:54.325] [Render thread/INFO] [epxzzysabers/]: FKCRT ItemRendererMixin common
[17Sept2026 09:32:54.326] [Render thread/INFO] [epxzzysabers/]: FKCRT renderbyitem
[17Sept2026 09:32:54.326] [Render thread/INFO] [epxzzysabers/]: FKCRT PartialItemModelRenderer made for itemstacc 1 epxzzysabers:single_bladed_saber
[17Sept2026 09:32:54.331] [Render thread/INFO] [epxzzysabers/]: FKCRT ItemRendererMixin common
[17Sept2026 09:32:54.332] [Render thread/INFO] [epxzzysabers/]: FKCRT renderbyitem
[17Sept2026 09:32:54.332] [Render thread/INFO] [epxzzysabers/]: FKCRT PartialItemModelRenderer made for itemstacc 1 epxzzysabers:single_bladed_saber
[17Sept2026 09:32:54.340] [Render thread/INFO] [epxzzysabers/]: FKCRT ItemRendererMixin common
[17Sept2026 09:32:54.341] [Render thread/INFO] [epxzzysabers/]: FKCRT renderbyitem
[17Sept2026 09:32:54.341] [Render thread/INFO] [epxzzysabers/]: FKCRT PartialItemModelRenderer made for itemstacc 1 epxzzysabers:single_bladed_saber
[17Sept2026 09:32:54.349] [Render thread/INFO] [epxzzysabers/]: FKCRT ItemRendererMixin common
[17Sept2026 09:32:54.349] [Render thread/INFO] [epxzzysabers/]: FKCRT renderbyitem
[17Sept2026 09:32:54.349] [Render thread/INFO] [epxzzysabers/]: FKCRT PartialItemModelRenderer made for itemstacc 1 epxzzysabers:single_bladed_saber
[17Sept2026 09:32:54.364] [Render thread/INFO] [epxzzysabers/]: FKCRT ItemRendererMixin common
[17Sept2026 09:32:54.364] [Render thread/INFO] [epxzzysabers/]: FKCRT renderbyitem
[17Sept2026 09:32:54.364] [Render thread/INFO] [epxzzysabers/]: FKCRT PartialItemModelRenderer made for itemstacc 1 epxzzysabers:single_bladed_saber
[17Sept2026 09:32:54.372] [Render thread/INFO] [epxzzysabers/]: FKCRT ItemRendererMixin common
[17Sept2026 09:32:54.372] [Render thread/INFO] [epxzzysabers/]: FKCRT renderbyitem
[17Sept2026 09:32:54.372] [Render thread/INFO] [epxzzysabers/]: FKCRT PartialItemModelRenderer made for itemstacc 1 epxzzysabers:single_bladed_saber
[17Sept2026 09:32:54.382] [Render thread/INFO] [epxzzysabers/]: FKCRT ItemRendererMixin common
[17Sept2026 09:32:54.383] [Render thread/INFO] [epxzzysabers/]: FKCRT renderbyitem
[17Sept2026 09:32:54.383] [Render thread/INFO] [epxzzysabers/]: FKCRT PartialItemModelRenderer made for itemstacc 1 epxzzysabers:single_bladed_saber
[17Sept2026 09:32:54.394] [Render thread/INFO] [epxzzysabers/]: FKCRT ItemRendererMixin common
[17Sept2026 09:32:54.394] [Render thread/INFO] [epxzzysabers/]: FKCRT renderbyitem
[17Sept2026 09:32:54.395] [Render thread/INFO] [epxzzysabers/]: FKCRT PartialItemModelRenderer made for itemstacc 1 epxzzysabers:single_bladed_saber
[17Sept2026 09:32:54.408] [Render thread/INFO] [epxzzysabers/]: FKCRT ItemRendererMixin common
[17Sept2026 09:32:54.409] [Render thread/INFO] [epxzzysabers/]: FKCRT renderbyitem
[17Sept2026 09:32:54.409] [Render thread/INFO] [epxzzysabers/]: FKCRT PartialItemModelRenderer made for itemstacc 1 epxzzysabers:single_bladed_saber
[17Sept2026 09:32:54.420] [Render thread/INFO] [epxzzysabers/]: FKCRT ItemRendererMixin common
[17Sept2026 09:32:54.421] [Render thread/INFO] [epxzzysabers/]: FKCRT renderbyitem
[17Sept2026 09:32:54.421] [Render thread/INFO] [epxzzysabers/]: FKCRT PartialItemModelRenderer made for itemstacc 1 epxzzysabers:single_bladed_saber
[17Sept2026 09:32:54.429] [Render thread/INFO] [epxzzysabers/]: FKCRT ItemRendererMixin common
[17Sept2026 09:32:54.430] [Render thread/INFO] [epxzzysabers/]: FKCRT renderbyitem
[17Sept2026 09:32:54.430] [Render thread/INFO] [epxzzysabers/]: FKCRT PartialItemModelRenderer made for itemstacc 1 epxzzysabers:single_bladed_saber
[17Sept2026 09:32:54.438] [Render thread/INFO] [epxzzysabers/]: FKCRT ItemRendererMixin common
[17Sept2026 09:32:54.439] [Render thread/INFO] [epxzzysabers/]: FKCRT renderbyitem
[17Sept2026 09:32:54.439] [Render thread/INFO] [epxzzysabers/]: FKCRT PartialItemModelRenderer made for itemstacc 1 epxzzysabers:single_bladed_saber
[17Sept2026 09:32:54.446] [Render thread/INFO] [epxzzysabers/]: FKCRT ItemRendererMixin common
[17Sept2026 09:32:54.446] [Render thread/INFO] [epxzzysabers/]: FKCRT renderbyitem
[17Sept2026 09:32:54.447] [Render thread/INFO] [epxzzysabers/]: FKCRT PartialItemModelRenderer made for itemstacc 1 epxzzysabers:single_bladed_saber
[17Sept2026 09:32:54.458] [Render thread/INFO] [epxzzysabers/]: FKCRT ItemRendererMixin common
[17Sept2026 09:32:54.458] [Render thread/INFO] [epxzzysabers/]: FKCRT renderbyitem
[17Sept2026 09:32:54.459] [Render thread/INFO] [epxzzysabers/]: FKCRT PartialItemModelRenderer made for itemstacc 1 epxzzysabers:single_bladed_saber
[17Sept2026 09:32:54.465] [Render thread/INFO] [epxzzysabers/]: FKCRT ItemRendererMixin common
[17Sept2026 09:32:54.465] [Render thread/INFO] [epxzzysabers/]: FKCRT renderbyitem
[17Sept2026 09:32:54.465] [Render thread/INFO] [epxzzysabers/]: FKCRT PartialItemModelRenderer made for itemstacc 1 epxzzysabers:single_bladed_saber
[17Sept2026 09:32:54.474] [Render thread/INFO] [epxzzysabers/]: FKCRT ItemRendererMixin common
[17Sept2026 09:32:54.474] [Render thread/INFO] [epxzzysabers/]: FKCRT renderbyitem
[17Sept2026 09:32:54.475] [Render thread/INFO] [epxzzysabers/]: FKCRT PartialItemModelRenderer made for itemstacc 1 epxzzysabers:single_bladed_saber
[17Sept2026 09:32:54.480] [Render thread/INFO] [epxzzysabers/]: FKCRT ItemRendererMixin common
[17Sept2026 09:32:54.480] [Render thread/INFO] [epxzzysabers/]: FKCRT renderbyitem
[17Sept2026 09:32:54.480] [Render thread/INFO] [epxzzysabers/]: FKCRT PartialItemModelRenderer made for itemstacc 1 epxzzysabers:single_bladed_saber
[17Sept2026 09:32:54.485] [Render thread/INFO] [epxzzysabers/]: FKCRT ItemRendererMixin common
[17Sept2026 09:32:54.485] [Render thread/INFO] [epxzzysabers/]: FKCRT renderbyitem
[17Sept2026 09:32:54.487] [Render thread/INFO] [epxzzysabers/]: FKCRT PartialItemModelRenderer made for itemstacc 1 epxzzysabers:single_bladed_saber
[17Sept2026 09:32:54.494] [Render thread/INFO] [epxzzysabers/]: FKCRT ItemRendererMixin common
[17Sept2026 09:32:54.495] [Render thread/INFO] [epxzzysabers/]: FKCRT renderbyitem
[17Sept2026 09:32:54.495] [Render thread/INFO] [epxzzysabers/]: FKCRT PartialItemModelRenderer made for itemstacc 1 epxzzysabers:single_bladed_saber
[17Sept2026 09:32:54.501] [Render thread/INFO] [epxzzysabers/]: FKCRT ItemRendererMixin common
[17Sept2026 09:32:54.501] [Render thread/INFO] [epxzzysabers/]: FKCRT renderbyitem
[17Sept2026 09:32:54.502] [Render thread/INFO] [epxzzysabers/]: FKCRT PartialItemModelRenderer made for itemstacc 1 epxzzysabers:single_bladed_saber
[17Sept2026 09:32:54.508] [Render thread/INFO] [epxzzysabers/]: FKCRT ItemRendererMixin common
[17Sept2026 09:32:54.508] [Render thread/INFO] [epxzzysabers/]: FKCRT renderbyitem
[17Sept2026 09:32:54.509] [Render thread/INFO] [epxzzysabers/]: FKCRT PartialItemModelRenderer made for itemstacc 1 epxzzysabers:single_bladed_saber
[17Sept2026 09:32:54.515] [Render thread/INFO] [epxzzysabers/]: FKCRT ItemRendererMixin common
[17Sept2026 09:32:54.515] [Render thread/INFO] [epxzzysabers/]: FKCRT renderbyitem
[17Sept2026 09:32:54.515] [Render thread/INFO] [epxzzysabers/]: FKCRT PartialItemModelRenderer made for itemstacc 1 epxzzysabers:single_bladed_saber
[17Sept2026 09:32:54.521] [Render thread/INFO] [epxzzysabers/]: FKCRT ItemRendererMixin common
[17Sept2026 09:32:54.521] [Render thread/INFO] [epxzzysabers/]: FKCRT renderbyitem
[17Sept2026 09:32:54.522] [Render thread/INFO] [epxzzysabers/]: FKCRT PartialItemModelRenderer made for itemstacc 1 epxzzysabers:single_bladed_saber
[17Sept2026 09:32:54.526] [Render thread/INFO] [epxzzysabers/]: FKCRT ItemRendererMixin common
[17Sept2026 09:32:54.527] [Render thread/INFO] [epxzzysabers/]: FKCRT renderbyitem
[17Sept2026 09:32:54.527] [Render thread/INFO] [epxzzysabers/]: FKCRT PartialItemModelRenderer made for itemstacc 1 epxzzysabers:single_bladed_saber
[17Sept2026 09:32:54.531] [Render thread/INFO] [epxzzysabers/]: FKCRT ItemRendererMixin common
[17Sept2026 09:32:54.531] [Render thread/INFO] [epxzzysabers/]: FKCRT renderbyitem
[17Sept2026 09:32:54.531] [Render thread/INFO] [epxzzysabers/]: FKCRT PartialItemModelRenderer made for itemstacc 1 epxzzysabers:single_bladed_saber
[17Sept2026 09:32:54.536] [Render thread/INFO] [epxzzysabers/]: FKCRT ItemRendererMixin common
[17Sept2026 09:32:54.536] [Render thread/INFO] [epxzzysabers/]: FKCRT renderbyitem
[17Sept2026 09:32:54.536] [Render thread/INFO] [epxzzysabers/]: FKCRT PartialItemModelRenderer made for itemstacc 1 epxzzysabers:single_bladed_saber
[17Sept2026 09:32:54.542] [Render thread/INFO] [epxzzysabers/]: FKCRT ItemRendererMixin common
[17Sept2026 09:32:54.542] [Render thread/INFO] [epxzzysabers/]: FKCRT renderbyitem
[17Sept2026 09:32:54.542] [Render thread/INFO] [epxzzysabers/]: FKCRT PartialItemModelRenderer made for itemstacc 1 epxzzysabers:single_bladed_saber
[17Sept2026 09:32:54.546] [Render thread/INFO] [epxzzysabers/]: FKCRT ItemRendererMixin common
[17Sept2026 09:32:54.546] [Render thread/INFO] [epxzzysabers/]: FKCRT renderbyitem
[17Sept2026 09:32:54.546] [Render thread/INFO] [epxzzysabers/]: FKCRT PartialItemModelRenderer made for itemstacc 1 epxzzysabers:single_bladed_saber
[17Sept2026 09:32:54.552] [Render thread/INFO] [epxzzysabers/]: FKCRT ItemRendererMixin common
[17Sept2026 09:32:54.553] [Render thread/INFO] [epxzzysabers/]: FKCRT renderbyitem
[17Sept2026 09:32:54.553] [Render thread/INFO] [epxzzysabers/]: FKCRT PartialItemModelRenderer made for itemstacc 1 epxzzysabers:single_bladed_saber
[17Sept2026 09:32:54.557] [Render thread/INFO] [epxzzysabers/]: FKCRT ItemRendererMixin common
[17Sept2026 09:32:54.558] [Render thread/INFO] [epxzzysabers/]: FKCRT renderbyitem
[17Sept2026 09:32:54.558] [Render thread/INFO] [epxzzysabers/]: FKCRT PartialItemModelRenderer made for itemstacc 1 epxzzysabers:single_bladed_saber
[17Sept2026 09:32:54.562] [Render thread/INFO] [epxzzysabers/]: FKCRT ItemRendererMixin common
[17Sept2026 09:32:54.563] [Render thread/INFO] [epxzzysabers/]: FKCRT renderbyitem
[17Sept2026 09:32:54.563] [Render thread/INFO] [epxzzysabers/]: FKCRT PartialItemModelRenderer made for itemstacc 1 epxzzysabers:single_bladed_saber
[17Sept2026 09:32:54.567] [Render thread/INFO] [epxzzysabers/]: FKCRT ItemRendererMixin common
[17Sept2026 09:32:54.568] [Render thread/INFO] [epxzzysabers/]: FKCRT renderbyitem
[17Sept2026 09:32:54.569] [Render thread/INFO] [epxzzysabers/]: FKCRT PartialItemModelRenderer made for itemstacc 1 epxzzysabers:single_bladed_saber
[17Sept2026 09:32:54.575] [Render thread/INFO] [epxzzysabers/]: FKCRT ItemRendererMixin common
[17Sept2026 09:32:54.575] [Render thread/INFO] [epxzzysabers/]: FKCRT renderbyitem
[17Sept2026 09:32:54.575] [Render thread/INFO] [epxzzysabers/]: FKCRT PartialItemModelRenderer made for itemstacc 1 epxzzysabers:single_bladed_saber
[17Sept2026 09:32:54.579] [Render thread/INFO] [epxzzysabers/]: FKCRT ItemRendererMixin common
[17Sept2026 09:32:54.580] [Render thread/INFO] [epxzzysabers/]: FKCRT renderbyitem
[17Sept2026 09:32:54.580] [Render thread/INFO] [epxzzysabers/]: FKCRT PartialItemModelRenderer made for itemstacc 1 epxzzysabers:single_bladed_saber
[17Sept2026 09:32:54.585] [Render thread/INFO] [epxzzysabers/]: FKCRT ItemRendererMixin common
[17Sept2026 09:32:54.585] [Render thread/INFO] [epxzzysabers/]: FKCRT renderbyitem
[17Sept2026 09:32:54.585] [Render thread/INFO] [epxzzysabers/]: FKCRT PartialItemModelRenderer made for itemstacc 1 epxzzysabers:single_bladed_saber
[17Sept2026 09:32:54.592] [Render thread/INFO] [epxzzysabers/]: FKCRT ItemRendererMixin common
[17Sept2026 09:32:54.592] [Render thread/INFO] [epxzzysabers/]: FKCRT renderbyitem
[17Sept2026 09:32:54.592] [Render thread/INFO] [epxzzysabers/]: FKCRT PartialItemModelRenderer made for itemstacc 1 epxzzysabers:single_bladed_saber
[17Sept2026 09:32:54.597] [Render thread/INFO] [epxzzysabers/]: FKCRT ItemRendererMixin common
[17Sept2026 09:32:54.597] [Render thread/INFO] [epxzzysabers/]: FKCRT renderbyitem
[17Sept2026 09:32:54.597] [Render thread/INFO] [epxzzysabers/]: FKCRT PartialItemModelRenderer made for itemstacc 1 epxzzysabers:single_bladed_saber
[17Sept2026 09:32:54.612] [Render thread/INFO] [epxzzysabers/]: FKCRT ItemRendererMixin common
[17Sept2026 09:32:54.612] [Render thread/INFO] [epxzzysabers/]: FKCRT renderbyitem
[17Sept2026 09:32:54.615] [Render thread/INFO] [epxzzysabers/]: FKCRT PartialItemModelRenderer made for itemstacc 1 epxzzysabers:single_bladed_saber
[17Sept2026 09:32:54.623] [Render thread/INFO] [epxzzysabers/]: FKCRT ItemRendererMixin common
[17Sept2026 09:32:54.623] [Render thread/INFO] [epxzzysabers/]: FKCRT renderbyitem
[17Sept2026 09:32:54.623] [Render thread/INFO] [epxzzysabers/]: FKCRT PartialItemModelRenderer made for itemstacc 1 epxzzysabers:single_bladed_saber
[17Sept2026 09:32:54.628] [Render thread/INFO] [epxzzysabers/]: FKCRT ItemRendererMixin common
[17Sept2026 09:32:54.629] [Render thread/INFO] [epxzzysabers/]: FKCRT renderbyitem
[17Sept2026 09:32:54.629] [Render thread/INFO] [epxzzysabers/]: FKCRT PartialItemModelRenderer made for itemstacc 1 epxzzysabers:single_bladed_saber
[17Sept2026 09:32:54.639] [Render thread/INFO] [epxzzysabers/]: FKCRT ItemRendererMixin common
[17Sept2026 09:32:54.639] [Render thread/INFO] [epxzzysabers/]: FKCRT renderbyitem
[17Sept2026 09:32:54.639] [Render thread/INFO] [epxzzysabers/]: FKCRT PartialItemModelRenderer made for itemstacc 1 epxzzysabers:single_bladed_saber
[17Sept2026 09:32:54.645] [Render thread/INFO] [epxzzysabers/]: FKCRT ItemRendererMixin common
[17Sept2026 09:32:54.645] [Render thread/INFO] [epxzzysabers/]: FKCRT renderbyitem
[17Sept2026 09:32:54.646] [Render thread/INFO] [epxzzysabers/]: FKCRT PartialItemModelRenderer made for itemstacc 1 epxzzysabers:single_bladed_saber
[17Sept2026 09:32:54.675] [Render thread/INFO] [epxzzysabers/]: FKCRT ItemRendererMixin common
[17Sept2026 09:32:54.675] [Render thread/INFO] [epxzzysabers/]: FKCRT renderbyitem
[17Sept2026 09:32:54.675] [Render thread/INFO] [epxzzysabers/]: FKCRT PartialItemModelRenderer made for itemstacc 1 epxzzysabers:single_bladed_saber
[17Sept2026 09:32:54.689] [Render thread/INFO] [epxzzysabers/]: FKCRT ItemRendererMixin common
[17Sept2026 09:32:54.693] [Render thread/INFO] [epxzzysabers/]: FKCRT renderbyitem
[17Sept2026 09:32:54.694] [Render thread/INFO] [epxzzysabers/]: FKCRT PartialItemModelRenderer made for itemstacc 1 epxzzysabers:single_bladed_saber
[17Sept2026 09:32:54.749] [Render thread/INFO] [epxzzysabers/]: FKCRT ItemRendererMixin common
[17Sept2026 09:32:54.750] [Render thread/INFO] [epxzzysabers/]: FKCRT renderbyitem
[17Sept2026 09:32:54.750] [Render thread/INFO] [epxzzysabers/]: FKCRT PartialItemModelRenderer made for itemstacc 1 epxzzysabers:single_bladed_saber
[17Sept2026 09:32:54.788] [Render thread/INFO] [epxzzysabers/]: FKCRT ItemRendererMixin common
[17Sept2026 09:32:54.788] [Render thread/INFO] [epxzzysabers/]: FKCRT renderbyitem
[17Sept2026 09:32:54.788] [Render thread/INFO] [epxzzysabers/]: FKCRT PartialItemModelRenderer made for itemstacc 1 epxzzysabers:single_bladed_saber
[17Sept2026 09:32:54.792] [Render thread/INFO] [epxzzysabers/]: FKCRT ItemRendererMixin common
[17Sept2026 09:32:54.793] [Render thread/INFO] [epxzzysabers/]: FKCRT renderbyitem
[17Sept2026 09:32:54.793] [Render thread/INFO] [epxzzysabers/]: FKCRT PartialItemModelRenderer made for itemstacc 1 epxzzysabers:single_bladed_saber
[17Sept2026 09:32:54.800] [Render thread/INFO] [epxzzysabers/]: FKCRT ItemRendererMixin common
[17Sept2026 09:32:54.800] [Render thread/INFO] [epxzzysabers/]: FKCRT renderbyitem
[17Sept2026 09:32:54.800] [Render thread/INFO] [epxzzysabers/]: FKCRT PartialItemModelRenderer made for itemstacc 1 epxzzysabers:single_bladed_saber
[17Sept2026 09:32:54.814] [Render thread/INFO] [epxzzysabers/]: FKCRT ItemRendererMixin common
[17Sept2026 09:32:54.819] [Render thread/INFO] [epxzzysabers/]: FKCRT renderbyitem
[17Sept2026 09:32:54.819] [Render thread/INFO] [epxzzysabers/]: FKCRT PartialItemModelRenderer made for itemstacc 1 epxzzysabers:single_bladed_saber
[17Sept2026 09:32:54.825] [Render thread/INFO] [epxzzysabers/]: FKCRT ItemRendererMixin common
[17Sept2026 09:32:54.825] [Render thread/INFO] [epxzzysabers/]: FKCRT renderbyitem
[17Sept2026 09:32:54.826] [Render thread/INFO] [epxzzysabers/]: FKCRT PartialItemModelRenderer made for itemstacc 1 epxzzysabers:single_bladed_saber
[17Sept2026 09:32:54.833] [Render thread/INFO] [epxzzysabers/]: FKCRT ItemRendererMixin common
[17Sept2026 09:32:54.834] [Render thread/INFO] [epxzzysabers/]: FKCRT renderbyitem
[17Sept2026 09:32:54.834] [Render thread/INFO] [epxzzysabers/]: FKCRT PartialItemModelRenderer made for itemstacc 1 epxzzysabers:single_bladed_saber
[17Sept2026 09:32:54.841] [Render thread/INFO] [epxzzysabers/]: FKCRT ItemRendererMixin common
[17Sept2026 09:32:54.842] [Render thread/INFO] [epxzzysabers/]: FKCRT renderbyitem
[17Sept2026 09:32:54.842] [Render thread/INFO] [epxzzysabers/]: FKCRT PartialItemModelRenderer made for itemstacc 1 epxzzysabers:single_bladed_saber
[17Sept2026 09:32:54.846] [Render thread/INFO] [epxzzysabers/]: FKCRT ItemRendererMixin common
[17Sept2026 09:32:54.846] [Render thread/INFO] [epxzzysabers/]: FKCRT renderbyitem
[17Sept2026 09:32:54.846] [Render thread/INFO] [epxzzysabers/]: FKCRT PartialItemModelRenderer made for itemstacc 1 epxzzysabers:single_bladed_saber
[17Sept2026 09:32:54.850] [Render thread/INFO] [epxzzysabers/]: FKCRT ItemRendererMixin common
[17Sept2026 09:32:54.850] [Render thread/INFO] [epxzzysabers/]: FKCRT renderbyitem
[17Sept2026 09:32:54.850] [Render thread/INFO] [epxzzysabers/]: FKCRT PartialItemModelRenderer made for itemstacc 1 epxzzysabers:single_bladed_saber
[17Sept2026 09:32:54.860] [Render thread/INFO] [epxzzysabers/]: FKCRT ItemRendererMixin common
[17Sept2026 09:32:54.861] [Render thread/INFO] [epxzzysabers/]: FKCRT renderbyitem
[17Sept2026 09:32:54.861] [Render thread/INFO] [epxzzysabers/]: FKCRT PartialItemModelRenderer made for itemstacc 1 epxzzysabers:single_bladed_saber
[17Sept2026 09:32:54.867] [Render thread/INFO] [epxzzysabers/]: FKCRT ItemRendererMixin common
[17Sept2026 09:32:54.868] [Render thread/INFO] [epxzzysabers/]: FKCRT renderbyitem
[17Sept2026 09:32:54.868] [Render thread/INFO] [epxzzysabers/]: FKCRT PartialItemModelRenderer made for itemstacc 1 epxzzysabers:single_bladed_saber
[17Sept2026 09:32:54.873] [Render thread/INFO] [epxzzysabers/]: FKCRT ItemRendererMixin common
[17Sept2026 09:32:54.873] [Render thread/INFO] [epxzzysabers/]: FKCRT renderbyitem
[17Sept2026 09:32:54.873] [Render thread/INFO] [epxzzysabers/]: FKCRT PartialItemModelRenderer made for itemstacc 1 epxzzysabers:single_bladed_saber
[17Sept2026 09:32:54.877] [Render thread/INFO] [epxzzysabers/]: FKCRT ItemRendererMixin common
[17Sept2026 09:32:54.877] [Render thread/INFO] [epxzzysabers/]: FKCRT renderbyitem
[17Sept2026 09:32:54.877] [Render thread/INFO] [epxzzysabers/]: FKCRT PartialItemModelRenderer made for itemstacc 1 epxzzysabers:single_bladed_saber
[17Sept2026 09:32:54.881] [Render thread/INFO] [epxzzysabers/]: FKCRT ItemRendererMixin common
[17Sept2026 09:32:54.882] [Render thread/INFO] [epxzzysabers/]: FKCRT renderbyitem
[17Sept2026 09:32:54.882] [Render thread/INFO] [epxzzysabers/]: FKCRT PartialItemModelRenderer made for itemstacc 1 epxzzysabers:single_bladed_saber
[17Sept2026 09:32:54.889] [Render thread/INFO] [epxzzysabers/]: FKCRT ItemRendererMixin common
[17Sept2026 09:32:54.889] [Render thread/INFO] [epxzzysabers/]: FKCRT renderbyitem
[17Sept2026 09:32:54.889] [Render thread/INFO] [epxzzysabers/]: FKCRT PartialItemModelRenderer made for itemstacc 1 epxzzysabers:single_bladed_saber
[17Sept2026 09:32:54.892] [Render thread/INFO] [epxzzysabers/]: FKCRT ItemRendererMixin common
[17Sept2026 09:32:54.893] [Render thread/INFO] [epxzzysabers/]: FKCRT renderbyitem
[17Sept2026 09:32:54.893] [Render thread/INFO] [epxzzysabers/]: FKCRT PartialItemModelRenderer made for itemstacc 1 epxzzysabers:single_bladed_saber
[17Sept2026 09:32:54.896] [Render thread/INFO] [epxzzysabers/]: FKCRT ItemRendererMixin common
[17Sept2026 09:32:54.896] [Render thread/INFO] [epxzzysabers/]: FKCRT renderbyitem
[17Sept2026 09:32:54.896] [Render thread/INFO] [epxzzysabers/]: FKCRT PartialItemModelRenderer made for itemstacc 1 epxzzysabers:single_bladed_saber
[17Sept2026 09:32:54.900] [Render thread/INFO] [epxzzysabers/]: FKCRT ItemRendererMixin common
[17Sept2026 09:32:54.900] [Render thread/INFO] [epxzzysabers/]: FKCRT renderbyitem
[17Sept2026 09:32:54.901] [Render thread/INFO] [epxzzysabers/]: FKCRT PartialItemModelRenderer made for itemstacc 1 epxzzysabers:single_bladed_saber
[17Sept2026 09:32:54.906] [Render thread/INFO] [epxzzysabers/]: FKCRT ItemRendererMixin common
[17Sept2026 09:32:54.906] [Render thread/INFO] [epxzzysabers/]: FKCRT renderbyitem
[17Sept2026 09:32:54.907] [Render thread/INFO] [epxzzysabers/]: FKCRT PartialItemModelRenderer made for itemstacc 1 epxzzysabers:single_bladed_saber
[17Sept2026 09:32:54.915] [Render thread/INFO] [epxzzysabers/]: FKCRT ItemRendererMixin common
[17Sept2026 09:32:54.915] [Render thread/INFO] [epxzzysabers/]: FKCRT renderbyitem
[17Sept2026 09:32:54.915] [Render thread/INFO] [epxzzysabers/]: FKCRT PartialItemModelRenderer made for itemstacc 1 epxzzysabers:single_bladed_saber
[17Sept2026 09:32:54.920] [Render thread/INFO] [epxzzysabers/]: FKCRT ItemRendererMixin common
[17Sept2026 09:32:54.921] [Render thread/INFO] [epxzzysabers/]: FKCRT renderbyitem
[17Sept2026 09:32:54.921] [Render thread/INFO] [epxzzysabers/]: FKCRT PartialItemModelRenderer made for itemstacc 1 epxzzysabers:single_bladed_saber
[17Sept2026 09:32:54.926] [Render thread/INFO] [epxzzysabers/]: FKCRT ItemRendererMixin common
[17Sept2026 09:32:54.926] [Render thread/INFO] [epxzzysabers/]: FKCRT renderbyitem
[17Sept2026 09:32:54.926] [Render thread/INFO] [epxzzysabers/]: FKCRT PartialItemModelRenderer made for itemstacc 1 epxzzysabers:single_bladed_saber
[17Sept2026 09:32:54.937] [Render thread/INFO] [epxzzysabers/]: FKCRT ItemRendererMixin common
[17Sept2026 09:32:54.937] [Render thread/INFO] [epxzzysabers/]: FKCRT renderbyitem
[17Sept2026 09:32:54.938] [Render thread/INFO] [epxzzysabers/]: FKCRT PartialItemModelRenderer made for itemstacc 1 epxzzysabers:single_bladed_saber
[17Sept2026 09:32:54.945] [Render thread/INFO] [epxzzysabers/]: FKCRT ItemRendererMixin common
[17Sept2026 09:32:54.945] [Render thread/INFO] [epxzzysabers/]: FKCRT renderbyitem
[17Sept2026 09:32:54.946] [Render thread/INFO] [epxzzysabers/]: FKCRT PartialItemModelRenderer made for itemstacc 1 epxzzysabers:single_bladed_saber
[17Sept2026 09:32:54.952] [Render thread/INFO] [epxzzysabers/]: FKCRT ItemRendererMixin common
[17Sept2026 09:32:54.952] [Render thread/INFO] [epxzzysabers/]: FKCRT renderbyitem
[17Sept2026 09:32:54.952] [Render thread/INFO] [epxzzysabers/]: FKCRT PartialItemModelRenderer made for itemstacc 1 epxzzysabers:single_bladed_saber
[17Sept2026 09:32:54.963] [Render thread/INFO] [epxzzysabers/]: FKCRT ItemRendererMixin common
[17Sept2026 09:32:54.963] [Render thread/INFO] [epxzzysabers/]: FKCRT renderbyitem
[17Sept2026 09:32:54.963] [Render thread/INFO] [epxzzysabers/]: FKCRT PartialItemModelRenderer made for itemstacc 1 epxzzysabers:single_bladed_saber
[17Sept2026 09:32:54.970] [Render thread/INFO] [epxzzysabers/]: FKCRT ItemRendererMixin common
[17Sept2026 09:32:54.972] [Render thread/INFO] [epxzzysabers/]: FKCRT renderbyitem
[17Sept2026 09:32:54.972] [Render thread/INFO] [epxzzysabers/]: FKCRT PartialItemModelRenderer made for itemstacc 1 epxzzysabers:single_bladed_saber
[17Sept2026 09:32:54.977] [Render thread/INFO] [epxzzysabers/]: FKCRT ItemRendererMixin common
[17Sept2026 09:32:54.977] [Render thread/INFO] [epxzzysabers/]: FKCRT renderbyitem
[17Sept2026 09:32:54.978] [Render thread/INFO] [epxzzysabers/]: FKCRT PartialItemModelRenderer made for itemstacc 1 epxzzysabers:single_bladed_saber
[17Sept2026 09:32:54.979] [Server thread/INFO] [net.minecraft.client.server.IntegratedServer/]: Saving and pausing game...
[17Sept2026 09:32:54.982] [Render thread/INFO] [epxzzysabers/]: FKCRT ItemRendererMixin common
[17Sept2026 09:32:54.982] [Render thread/INFO] [epxzzysabers/]: FKCRT renderbyitem
[17Sept2026 09:32:54.983] [Render thread/INFO] [epxzzysabers/]: FKCRT PartialItemModelRenderer made for itemstacc 1 epxzzysabers:single_bladed_saber
[17Sept2026 09:32:54.989] [Render thread/INFO] [epxzzysabers/]: FKCRT ItemRendererMixin common
[17Sept2026 09:32:54.990] [Render thread/INFO] [epxzzysabers/]: FKCRT renderbyitem
[17Sept2026 09:32:54.990] [Render thread/INFO] [epxzzysabers/]: FKCRT PartialItemModelRenderer made for itemstacc 1 epxzzysabers:single_bladed_saber
[17Sept2026 09:32:54.995] [Render thread/INFO] [epxzzysabers/]: FKCRT ItemRendererMixin common
[17Sept2026 09:32:54.996] [Render thread/INFO] [epxzzysabers/]: FKCRT renderbyitem
[17Sept2026 09:32:54.996] [Render thread/INFO] [epxzzysabers/]: FKCRT PartialItemModelRenderer made for itemstacc 1 epxzzysabers:single_bladed_saber
[17Sept2026 09:32:55.001] [Render thread/INFO] [epxzzysabers/]: FKCRT ItemRendererMixin common
[17Sept2026 09:32:55.002] [Render thread/INFO] [epxzzysabers/]: FKCRT renderbyitem
[17Sept2026 09:32:55.002] [Render thread/INFO] [epxzzysabers/]: FKCRT PartialItemModelRenderer made for itemstacc 1 epxzzysabers:single_bladed_saber
[17Sept2026 09:32:55.010] [Render thread/INFO] [epxzzysabers/]: FKCRT ItemRendererMixin common
[17Sept2026 09:32:55.010] [Render thread/INFO] [epxzzysabers/]: FKCRT renderbyitem
[17Sept2026 09:32:55.010] [Render thread/INFO] [epxzzysabers/]: FKCRT PartialItemModelRenderer made for itemstacc 1 epxzzysabers:single_bladed_saber
[17Sept2026 09:32:55.018] [Render thread/INFO] [epxzzysabers/]: FKCRT ItemRendererMixin common
[17Sept2026 09:32:55.019] [Render thread/INFO] [epxzzysabers/]: FKCRT renderbyitem
[17Sept2026 09:32:55.019] [Render thread/INFO] [epxzzysabers/]: FKCRT PartialItemModelRenderer made for itemstacc 1 epxzzysabers:single_bladed_saber
[17Sept2026 09:32:55.028] [Render thread/INFO] [epxzzysabers/]: FKCRT ItemRendererMixin common
[17Sept2026 09:32:55.028] [Render thread/INFO] [epxzzysabers/]: FKCRT renderbyitem
[17Sept2026 09:32:55.028] [Render thread/INFO] [epxzzysabers/]: FKCRT PartialItemModelRenderer made for itemstacc 1 epxzzysabers:single_bladed_saber
[17Sept2026 09:32:55.032] [Server thread/INFO] [net.minecraft.server.MinecraftServer/]: Saving chunks for level 'ServerLevel[test]'/minecraft:overworld
[17Sept2026 09:32:55.041] [Render thread/INFO] [epxzzysabers/]: FKCRT ItemRendererMixin common
[17Sept2026 09:32:55.042] [Render thread/INFO] [epxzzysabers/]: FKCRT renderbyitem
[17Sept2026 09:32:55.042] [Render thread/INFO] [epxzzysabers/]: FKCRT PartialItemModelRenderer made for itemstacc 1 epxzzysabers:single_bladed_saber
[17Sept2026 09:32:55.046] [Render thread/INFO] [epxzzysabers/]: FKCRT ItemRendererMixin common
[17Sept2026 09:32:55.046] [Render thread/INFO] [epxzzysabers/]: FKCRT renderbyitem
[17Sept2026 09:32:55.046] [Render thread/INFO] [epxzzysabers/]: FKCRT PartialItemModelRenderer made for itemstacc 1 epxzzysabers:single_bladed_saber
[17Sept2026 09:32:55.048] [Server thread/INFO] [net.minecraft.server.MinecraftServer/]: Saving chunks for level 'ServerLevel[test]'/minecraft:the_nether
[17Sept2026 09:32:55.050] [Render thread/INFO] [epxzzysabers/]: FKCRT ItemRendererMixin common
[17Sept2026 09:32:55.050] [Render thread/INFO] [epxzzysabers/]: FKCRT renderbyitem
[17Sept2026 09:32:55.051] [Render thread/INFO] [epxzzysabers/]: FKCRT PartialItemModelRenderer made for itemstacc 1 epxzzysabers:single_bladed_saber
[17Sept2026 09:32:55.055] [Render thread/INFO] [epxzzysabers/]: FKCRT ItemRendererMixin common
[17Sept2026 09:32:55.055] [Render thread/INFO] [epxzzysabers/]: FKCRT renderbyitem
[17Sept2026 09:32:55.055] [Render thread/INFO] [epxzzysabers/]: FKCRT PartialItemModelRenderer made for itemstacc 1 epxzzysabers:single_bladed_saber
[17Sept2026 09:32:55.061] [Render thread/INFO] [epxzzysabers/]: FKCRT ItemRendererMixin common
[17Sept2026 09:32:55.061] [Render thread/INFO] [epxzzysabers/]: FKCRT renderbyitem
[17Sept2026 09:32:55.061] [Render thread/INFO] [epxzzysabers/]: FKCRT PartialItemModelRenderer made for itemstacc 1 epxzzysabers:single_bladed_saber
[17Sept2026 09:32:55.065] [Render thread/INFO] [epxzzysabers/]: FKCRT ItemRendererMixin common
[17Sept2026 09:32:55.066] [Render thread/INFO] [epxzzysabers/]: FKCRT renderbyitem
[17Sept2026 09:32:55.065] [Server thread/INFO] [net.minecraft.server.MinecraftServer/]: Saving chunks for level 'ServerLevel[test]'/minecraft:the_end
[17Sept2026 09:32:55.066] [Render thread/INFO] [epxzzysabers/]: FKCRT PartialItemModelRenderer made for itemstacc 1 epxzzysabers:single_bladed_saber
[17Sept2026 09:32:55.070] [Render thread/INFO] [epxzzysabers/]: FKCRT ItemRendererMixin common
[17Sept2026 09:32:55.070] [Render thread/INFO] [epxzzysabers/]: FKCRT renderbyitem
[17Sept2026 09:32:55.070] [Render thread/INFO] [epxzzysabers/]: FKCRT PartialItemModelRenderer made for itemstacc 1 epxzzysabers:single_bladed_saber
[17Sept2026 09:32:55.074] [Render thread/INFO] [epxzzysabers/]: FKCRT ItemRendererMixin common
[17Sept2026 09:32:55.075] [Render thread/INFO] [epxzzysabers/]: FKCRT renderbyitem
[17Sept2026 09:32:55.075] [Render thread/INFO] [epxzzysabers/]: FKCRT PartialItemModelRenderer made for itemstacc 1 epxzzysabers:single_bladed_saber
[17Sept2026 09:32:55.079] [Render thread/INFO] [epxzzysabers/]: FKCRT ItemRendererMixin common
[17Sept2026 09:32:55.079] [Render thread/INFO] [epxzzysabers/]: FKCRT renderbyitem
[17Sept2026 09:32:55.079] [Render thread/INFO] [epxzzysabers/]: FKCRT PartialItemModelRenderer made for itemstacc 1 epxzzysabers:single_bladed_saber
[17Sept2026 09:32:55.082] [Server thread/DEBUG] [net.minecraftforge.common.ForgeHooks/WP]: Gathering id map for writing to world save test
[17Sept2026 09:32:55.083] [Render thread/INFO] [epxzzysabers/]: FKCRT ItemRendererMixin common
[17Sept2026 09:32:55.084] [Render thread/INFO] [epxzzysabers/]: FKCRT renderbyitem
[17Sept2026 09:32:55.084] [Render thread/INFO] [epxzzysabers/]: FKCRT PartialItemModelRenderer made for itemstacc 1 epxzzysabers:single_bladed_saber
[17Sept2026 09:32:55.090] [Render thread/INFO] [epxzzysabers/]: FKCRT ItemRendererMixin common
[17Sept2026 09:32:55.090] [Render thread/INFO] [epxzzysabers/]: FKCRT renderbyitem
[17Sept2026 09:32:55.090] [Render thread/INFO] [epxzzysabers/]: FKCRT PartialItemModelRenderer made for itemstacc 1 epxzzysabers:single_bladed_saber
[17Sept2026 09:32:55.095] [Render thread/INFO] [epxzzysabers/]: FKCRT ItemRendererMixin common
[17Sept2026 09:32:55.095] [Render thread/INFO] [epxzzysabers/]: FKCRT renderbyitem
[17Sept2026 09:32:55.095] [Render thread/INFO] [epxzzysabers/]: FKCRT PartialItemModelRenderer made for itemstacc 1 epxzzysabers:single_bladed_saber
[17Sept2026 09:32:55.098] [Server thread/DEBUG] [net.minecraftforge.common.ForgeHooks/WP]: ID Map collection complete test
[17Sept2026 09:32:55.098] [Render thread/INFO] [epxzzysabers/]: FKCRT ItemRendererMixin common
[17Sept2026 09:32:55.098] [Render thread/INFO] [epxzzysabers/]: FKCRT renderbyitem
[17Sept2026 09:32:55.099] [Render thread/INFO] [epxzzysabers/]: FKCRT PartialItemModelRenderer made for itemstacc 1 epxzzysabers:single_bladed_saber
[17Sept2026 09:32:55.103] [Render thread/INFO] [epxzzysabers/]: FKCRT ItemRendererMixin common
[17Sept2026 09:32:55.103] [Render thread/INFO] [epxzzysabers/]: FKCRT renderbyitem
[17Sept2026 09:32:55.103] [Render thread/INFO] [epxzzysabers/]: FKCRT PartialItemModelRenderer made for itemstacc 1 epxzzysabers:single_bladed_saber
[17Sept2026 09:32:55.109] [Render thread/INFO] [epxzzysabers/]: FKCRT ItemRendererMixin common
[17Sept2026 09:32:55.109] [Render thread/INFO] [epxzzysabers/]: FKCRT renderbyitem
[17Sept2026 09:32:55.109] [Render thread/INFO] [epxzzysabers/]: FKCRT PartialItemModelRenderer made for itemstacc 1 epxzzysabers:single_bladed_saber
[17Sept2026 09:32:55.113] [Render thread/INFO] [epxzzysabers/]: FKCRT ItemRendererMixin common
[17Sept2026 09:32:55.113] [Render thread/INFO] [epxzzysabers/]: FKCRT renderbyitem
[17Sept2026 09:32:55.113] [Render thread/INFO] [epxzzysabers/]: FKCRT PartialItemModelRenderer made for itemstacc 1 epxzzysabers:single_bladed_saber
[17Sept2026 09:32:55.118] [Render thread/INFO] [epxzzysabers/]: FKCRT ItemRendererMixin common
[17Sept2026 09:32:55.118] [Render thread/INFO] [epxzzysabers/]: FKCRT renderbyitem
[17Sept2026 09:32:55.118] [Render thread/INFO] [epxzzysabers/]: FKCRT PartialItemModelRenderer made for itemstacc 1 epxzzysabers:single_bladed_saber
[17Sept2026 09:32:55.123] [Render thread/INFO] [epxzzysabers/]: FKCRT ItemRendererMixin common
[17Sept2026 09:32:55.123] [Render thread/INFO] [epxzzysabers/]: FKCRT renderbyitem
[17Sept2026 09:32:55.123] [Render thread/INFO] [epxzzysabers/]: FKCRT PartialItemModelRenderer made for itemstacc 1 epxzzysabers:single_bladed_saber
[17Sept2026 09:32:55.127] [Render thread/INFO] [epxzzysabers/]: FKCRT ItemRendererMixin common
[17Sept2026 09:32:55.127] [Render thread/INFO] [epxzzysabers/]: FKCRT renderbyitem
[17Sept2026 09:32:55.128] [Render thread/INFO] [epxzzysabers/]: FKCRT PartialItemModelRenderer made for itemstacc 1 epxzzysabers:single_bladed_saber
[17Sept2026 09:32:55.133] [Render thread/INFO] [epxzzysabers/]: FKCRT ItemRendererMixin common
[17Sept2026 09:32:55.133] [Render thread/INFO] [epxzzysabers/]: FKCRT renderbyitem
[17Sept2026 09:32:55.133] [Render thread/INFO] [epxzzysabers/]: FKCRT PartialItemModelRenderer made for itemstacc 1 epxzzysabers:single_bladed_saber
[17Sept2026 09:32:55.137] [Render thread/INFO] [epxzzysabers/]: FKCRT ItemRendererMixin common
[17Sept2026 09:32:55.137] [Render thread/INFO] [epxzzysabers/]: FKCRT renderbyitem
[17Sept2026 09:32:55.137] [Render thread/INFO] [epxzzysabers/]: FKCRT PartialItemModelRenderer made for itemstacc 1 epxzzysabers:single_bladed_saber
[17Sept2026 09:32:55.144] [Render thread/INFO] [epxzzysabers/]: FKCRT ItemRendererMixin common
[17Sept2026 09:32:55.145] [Render thread/INFO] [epxzzysabers/]: FKCRT renderbyitem
[17Sept2026 09:32:55.145] [Render thread/INFO] [epxzzysabers/]: FKCRT PartialItemModelRenderer made for itemstacc 1 epxzzysabers:single_bladed_saber
[17Sept2026 09:32:55.149] [Render thread/INFO] [epxzzysabers/]: FKCRT ItemRendererMixin common
[17Sept2026 09:32:55.150] [Render thread/INFO] [epxzzysabers/]: FKCRT renderbyitem
[17Sept2026 09:32:55.150] [Render thread/INFO] [epxzzysabers/]: FKCRT PartialItemModelRenderer made for itemstacc 1 epxzzysabers:single_bladed_saber
[17Sept2026 09:32:55.156] [Render thread/INFO] [epxzzysabers/]: FKCRT ItemRendererMixin common
[17Sept2026 09:32:55.157] [Render thread/INFO] [epxzzysabers/]: FKCRT renderbyitem
[17Sept2026 09:32:55.157] [Render thread/INFO] [epxzzysabers/]: FKCRT PartialItemModelRenderer made for itemstacc 1 epxzzysabers:single_bladed_saber
[17Sept2026 09:32:55.165] [Render thread/INFO] [epxzzysabers/]: FKCRT ItemRendererMixin common
[17Sept2026 09:32:55.165] [Render thread/INFO] [epxzzysabers/]: FKCRT renderbyitem
[17Sept2026 09:32:55.165] [Render thread/INFO] [epxzzysabers/]: FKCRT PartialItemModelRenderer made for itemstacc 1 epxzzysabers:single_bladed_saber
[17Sept2026 09:32:55.173] [Render thread/INFO] [epxzzysabers/]: FKCRT ItemRendererMixin common
[17Sept2026 09:32:55.174] [Render thread/INFO] [epxzzysabers/]: FKCRT renderbyitem
[17Sept2026 09:32:55.174] [Render thread/INFO] [epxzzysabers/]: FKCRT PartialItemModelRenderer made for itemstacc 1 epxzzysabers:single_bladed_saber
[17Sept2026 09:32:55.179] [Render thread/INFO] [epxzzysabers/]: FKCRT ItemRendererMixin common
[17Sept2026 09:32:55.179] [Render thread/INFO] [epxzzysabers/]: FKCRT renderbyitem
[17Sept2026 09:32:55.180] [Render thread/INFO] [epxzzysabers/]: FKCRT PartialItemModelRenderer made for itemstacc 1 epxzzysabers:single_bladed_saber
[17Sept2026 09:32:55.188] [Render thread/INFO] [epxzzysabers/]: FKCRT ItemRendererMixin common
[17Sept2026 09:32:55.189] [Render thread/INFO] [epxzzysabers/]: FKCRT renderbyitem
[17Sept2026 09:32:55.189] [Render thread/INFO] [epxzzysabers/]: FKCRT PartialItemModelRenderer made for itemstacc 1 epxzzysabers:single_bladed_saber
[17Sept2026 09:32:55.194] [Render thread/INFO] [epxzzysabers/]: FKCRT ItemRendererMixin common
[17Sept2026 09:32:55.194] [Render thread/INFO] [epxzzysabers/]: FKCRT renderbyitem
[17Sept2026 09:32:55.194] [Render thread/INFO] [epxzzysabers/]: FKCRT PartialItemModelRenderer made for itemstacc 1 epxzzysabers:single_bladed_saber
[17Sept2026 09:32:55.201] [Render thread/INFO] [epxzzysabers/]: FKCRT ItemRendererMixin common
[17Sept2026 09:32:55.202] [Render thread/INFO] [epxzzysabers/]: FKCRT renderbyitem
[17Sept2026 09:32:55.202] [Render thread/INFO] [epxzzysabers/]: FKCRT PartialItemModelRenderer made for itemstacc 1 epxzzysabers:single_bladed_saber
[17Sept2026 09:32:55.209] [Render thread/INFO] [epxzzysabers/]: FKCRT ItemRendererMixin common
[17Sept2026 09:32:55.209] [Render thread/INFO] [epxzzysabers/]: FKCRT renderbyitem
[17Sept2026 09:32:55.209] [Render thread/INFO] [epxzzysabers/]: FKCRT PartialItemModelRenderer made for itemstacc 1 epxzzysabers:single_bladed_saber
[17Sept2026 09:32:55.214] [Render thread/INFO] [epxzzysabers/]: FKCRT ItemRendererMixin common
[17Sept2026 09:32:55.214] [Render thread/INFO] [epxzzysabers/]: FKCRT renderbyitem
[17Sept2026 09:32:55.215] [Render thread/INFO] [epxzzysabers/]: FKCRT PartialItemModelRenderer made for itemstacc 1 epxzzysabers:single_bladed_saber
[17Sept2026 09:32:55.220] [Render thread/INFO] [epxzzysabers/]: FKCRT ItemRendererMixin common
[17Sept2026 09:32:55.220] [Render thread/INFO] [epxzzysabers/]: FKCRT renderbyitem
[17Sept2026 09:32:55.220] [Render thread/INFO] [epxzzysabers/]: FKCRT PartialItemModelRenderer made for itemstacc 1 epxzzysabers:single_bladed_saber
[17Sept2026 09:32:55.229] [Render thread/INFO] [epxzzysabers/]: FKCRT ItemRendererMixin common
[17Sept2026 09:32:55.230] [Render thread/INFO] [epxzzysabers/]: FKCRT renderbyitem
[17Sept2026 09:32:55.230] [Render thread/INFO] [epxzzysabers/]: FKCRT PartialItemModelRenderer made for itemstacc 1 epxzzysabers:single_bladed_saber
[17Sept2026 09:32:55.236] [Render thread/INFO] [epxzzysabers/]: FKCRT ItemRendererMixin common
[17Sept2026 09:32:55.236] [Render thread/INFO] [epxzzysabers/]: FKCRT renderbyitem
[17Sept2026 09:32:55.236] [Render thread/INFO] [epxzzysabers/]: FKCRT PartialItemModelRenderer made for itemstacc 1 epxzzysabers:single_bladed_saber
[17Sept2026 09:32:55.244] [Render thread/INFO] [epxzzysabers/]: FKCRT ItemRendererMixin common
[17Sept2026 09:32:55.245] [Render thread/INFO] [epxzzysabers/]: FKCRT renderbyitem
[17Sept2026 09:32:55.245] [Render thread/INFO] [epxzzysabers/]: FKCRT PartialItemModelRenderer made for itemstacc 1 epxzzysabers:single_bladed_saber
[17Sept2026 09:32:55.251] [Render thread/INFO] [epxzzysabers/]: FKCRT ItemRendererMixin common
[17Sept2026 09:32:55.252] [Render thread/INFO] [epxzzysabers/]: FKCRT renderbyitem
[17Sept2026 09:32:55.253] [Render thread/INFO] [epxzzysabers/]: FKCRT PartialItemModelRenderer made for itemstacc 1 epxzzysabers:single_bladed_saber
[17Sept2026 09:32:55.258] [Render thread/INFO] [epxzzysabers/]: FKCRT ItemRendererMixin common
[17Sept2026 09:32:55.259] [Render thread/INFO] [epxzzysabers/]: FKCRT renderbyitem
[17Sept2026 09:32:55.259] [Render thread/INFO] [epxzzysabers/]: FKCRT PartialItemModelRenderer made for itemstacc 1 epxzzysabers:single_bladed_saber
[17Sept2026 09:32:55.263] [Render thread/INFO] [epxzzysabers/]: FKCRT ItemRendererMixin common
[17Sept2026 09:32:55.263] [Render thread/INFO] [epxzzysabers/]: FKCRT renderbyitem
[17Sept2026 09:32:55.263] [Render thread/INFO] [epxzzysabers/]: FKCRT PartialItemModelRenderer made for itemstacc 1 epxzzysabers:single_bladed_saber
[17Sept2026 09:32:55.268] [Render thread/INFO] [epxzzysabers/]: FKCRT ItemRendererMixin common
[17Sept2026 09:32:55.268] [Render thread/INFO] [epxzzysabers/]: FKCRT renderbyitem
[17Sept2026 09:32:55.268] [Render thread/INFO] [epxzzysabers/]: FKCRT PartialItemModelRenderer made for itemstacc 1 epxzzysabers:single_bladed_saber
[17Sept2026 09:32:55.275] [Render thread/INFO] [epxzzysabers/]: FKCRT ItemRendererMixin common
[17Sept2026 09:32:55.275] [Render thread/INFO] [epxzzysabers/]: FKCRT renderbyitem
[17Sept2026 09:32:55.275] [Render thread/INFO] [epxzzysabers/]: FKCRT PartialItemModelRenderer made for itemstacc 1 epxzzysabers:single_bladed_saber
[17Sept2026 09:32:55.278] [Render thread/INFO] [epxzzysabers/]: FKCRT ItemRendererMixin common
[17Sept2026 09:32:55.278] [Render thread/INFO] [epxzzysabers/]: FKCRT renderbyitem
[17Sept2026 09:32:55.278] [Render thread/INFO] [epxzzysabers/]: FKCRT PartialItemModelRenderer made for itemstacc 1 epxzzysabers:single_bladed_saber
[17Sept2026 09:32:55.282] [Render thread/INFO] [epxzzysabers/]: FKCRT ItemRendererMixin common
[17Sept2026 09:32:55.282] [Render thread/INFO] [epxzzysabers/]: FKCRT renderbyitem
[17Sept2026 09:32:55.282] [Render thread/INFO] [epxzzysabers/]: FKCRT PartialItemModelRenderer made for itemstacc 1 epxzzysabers:single_bladed_saber
[17Sept2026 09:32:55.286] [Render thread/INFO] [epxzzysabers/]: FKCRT ItemRendererMixin common
[17Sept2026 09:32:55.286] [Render thread/INFO] [epxzzysabers/]: FKCRT renderbyitem
[17Sept2026 09:32:55.286] [Render thread/INFO] [epxzzysabers/]: FKCRT PartialItemModelRenderer made for itemstacc 1 epxzzysabers:single_bladed_saber
[17Sept2026 09:32:55.291] [Render thread/INFO] [epxzzysabers/]: FKCRT ItemRendererMixin common
[17Sept2026 09:32:55.291] [Render thread/INFO] [epxzzysabers/]: FKCRT renderbyitem
[17Sept2026 09:32:55.291] [Render thread/INFO] [epxzzysabers/]: FKCRT PartialItemModelRenderer made for itemstacc 1 epxzzysabers:single_bladed_saber
[17Sept2026 09:32:55.294] [Render thread/INFO] [epxzzysabers/]: FKCRT ItemRendererMixin common
[17Sept2026 09:32:55.294] [Render thread/INFO] [epxzzysabers/]: FKCRT renderbyitem
[17Sept2026 09:32:55.295] [Render thread/INFO] [epxzzysabers/]: FKCRT PartialItemModelRenderer made for itemstacc 1 epxzzysabers:single_bladed_saber
[17Sept2026 09:32:55.297] [Render thread/INFO] [epxzzysabers/]: FKCRT ItemRendererMixin common
[17Sept2026 09:32:55.297] [Render thread/INFO] [epxzzysabers/]: FKCRT renderbyitem
[17Sept2026 09:32:55.298] [Render thread/INFO] [epxzzysabers/]: FKCRT PartialItemModelRenderer made for itemstacc 1 epxzzysabers:single_bladed_saber
[17Sept2026 09:32:55.300] [Render thread/INFO] [epxzzysabers/]: FKCRT ItemRendererMixin common
[17Sept2026 09:32:55.301] [Render thread/INFO] [epxzzysabers/]: FKCRT renderbyitem
[17Sept2026 09:32:55.301] [Render thread/INFO] [epxzzysabers/]: FKCRT PartialItemModelRenderer made for itemstacc 1 epxzzysabers:single_bladed_saber
[17Sept2026 09:32:55.306] [Render thread/INFO] [epxzzysabers/]: FKCRT ItemRendererMixin common
[17Sept2026 09:32:55.307] [Render thread/INFO] [epxzzysabers/]: FKCRT renderbyitem
[17Sept2026 09:32:55.307] [Render thread/INFO] [epxzzysabers/]: FKCRT PartialItemModelRenderer made for itemstacc 1 epxzzysabers:single_bladed_saber
[17Sept2026 09:32:55.314] [Render thread/INFO] [epxzzysabers/]: FKCRT ItemRendererMixin common
[17Sept2026 09:32:55.315] [Render thread/INFO] [epxzzysabers/]: FKCRT renderbyitem
[17Sept2026 09:32:55.315] [Render thread/INFO] [epxzzysabers/]: FKCRT PartialItemModelRenderer made for itemstacc 1 epxzzysabers:single_bladed_saber
[17Sept2026 09:32:55.321] [Render thread/INFO] [epxzzysabers/]: FKCRT ItemRendererMixin common
[17Sept2026 09:32:55.321] [Render thread/INFO] [epxzzysabers/]: FKCRT renderbyitem
[17Sept2026 09:32:55.321] [Render thread/INFO] [epxzzysabers/]: FKCRT PartialItemModelRenderer made for itemstacc 1 epxzzysabers:single_bladed_saber
[17Sept2026 09:32:55.326] [Render thread/INFO] [epxzzysabers/]: FKCRT ItemRendererMixin common
[17Sept2026 09:32:55.326] [Render thread/INFO] [epxzzysabers/]: FKCRT renderbyitem
[17Sept2026 09:32:55.326] [Render thread/INFO] [epxzzysabers/]: FKCRT PartialItemModelRenderer made for itemstacc 1 epxzzysabers:single_bladed_saber
[17Sept2026 09:32:55.330] [Render thread/INFO] [epxzzysabers/]: FKCRT ItemRendererMixin common
[17Sept2026 09:32:55.330] [Render thread/INFO] [epxzzysabers/]: FKCRT renderbyitem
[17Sept2026 09:32:55.330] [Render thread/INFO] [epxzzysabers/]: FKCRT PartialItemModelRenderer made for itemstacc 1 epxzzysabers:single_bladed_saber
[17Sept2026 09:32:55.333] [Render thread/INFO] [epxzzysabers/]: FKCRT ItemRendererMixin common
[17Sept2026 09:32:55.334] [Render thread/INFO] [epxzzysabers/]: FKCRT renderbyitem
[17Sept2026 09:32:55.334] [Render thread/INFO] [epxzzysabers/]: FKCRT PartialItemModelRenderer made for itemstacc 1 epxzzysabers:single_bladed_saber
[17Sept2026 09:32:55.338] [Render thread/INFO] [epxzzysabers/]: FKCRT ItemRendererMixin common
[17Sept2026 09:32:55.338] [Render thread/INFO] [epxzzysabers/]: FKCRT renderbyitem
[17Sept2026 09:32:55.339] [Render thread/INFO] [epxzzysabers/]: FKCRT PartialItemModelRenderer made for itemstacc 1 epxzzysabers:single_bladed_saber
[17Sept2026 09:32:55.342] [Render thread/INFO] [epxzzysabers/]: FKCRT ItemRendererMixin common
[17Sept2026 09:32:55.343] [Render thread/INFO] [epxzzysabers/]: FKCRT renderbyitem
[17Sept2026 09:32:55.343] [Render thread/INFO] [epxzzysabers/]: FKCRT PartialItemModelRenderer made for itemstacc 1 epxzzysabers:single_bladed_saber
[17Sept2026 09:32:55.347] [Render thread/INFO] [epxzzysabers/]: FKCRT ItemRendererMixin common
[17Sept2026 09:32:55.347] [Render thread/INFO] [epxzzysabers/]: FKCRT renderbyitem
[17Sept2026 09:32:55.347] [Render thread/INFO] [epxzzysabers/]: FKCRT PartialItemModelRenderer made for itemstacc 1 epxzzysabers:single_bladed_saber
[17Sept2026 09:32:55.350] [Render thread/INFO] [epxzzysabers/]: FKCRT ItemRendererMixin common
[17Sept2026 09:32:55.350] [Render thread/INFO] [epxzzysabers/]: FKCRT renderbyitem
[17Sept2026 09:32:55.351] [Render thread/INFO] [epxzzysabers/]: FKCRT PartialItemModelRenderer made for itemstacc 1 epxzzysabers:single_bladed_saber
[17Sept2026 09:32:55.357] [Render thread/INFO] [epxzzysabers/]: FKCRT ItemRendererMixin common
[17Sept2026 09:32:55.358] [Render thread/INFO] [epxzzysabers/]: FKCRT renderbyitem
[17Sept2026 09:32:55.358] [Render thread/INFO] [epxzzysabers/]: FKCRT PartialItemModelRenderer made for itemstacc 1 epxzzysabers:single_bladed_saber
[17Sept2026 09:32:55.361] [Render thread/INFO] [epxzzysabers/]: FKCRT ItemRendererMixin common
[17Sept2026 09:32:55.362] [Render thread/INFO] [epxzzysabers/]: FKCRT renderbyitem
[17Sept2026 09:32:55.362] [Render thread/INFO] [epxzzysabers/]: FKCRT PartialItemModelRenderer made for itemstacc 1 epxzzysabers:single_bladed_saber
[17Sept2026 09:32:55.366] [Render thread/INFO] [epxzzysabers/]: FKCRT ItemRendererMixin common
[17Sept2026 09:32:55.366] [Render thread/INFO] [epxzzysabers/]: FKCRT renderbyitem
[17Sept2026 09:32:55.366] [Render thread/INFO] [epxzzysabers/]: FKCRT PartialItemModelRenderer made for itemstacc 1 epxzzysabers:single_bladed_saber
[17Sept2026 09:32:55.370] [Render thread/INFO] [epxzzysabers/]: FKCRT ItemRendererMixin common
[17Sept2026 09:32:55.370] [Render thread/INFO] [epxzzysabers/]: FKCRT renderbyitem
[17Sept2026 09:32:55.370] [Render thread/INFO] [epxzzysabers/]: FKCRT PartialItemModelRenderer made for itemstacc 1 epxzzysabers:single_bladed_saber
[17Sept2026 09:32:55.376] [Render thread/INFO] [epxzzysabers/]: FKCRT ItemRendererMixin common
[17Sept2026 09:32:55.378] [Render thread/INFO] [epxzzysabers/]: FKCRT renderbyitem
[17Sept2026 09:32:55.378] [Render thread/INFO] [epxzzysabers/]: FKCRT PartialItemModelRenderer made for itemstacc 1 epxzzysabers:single_bladed_saber
[17Sept2026 09:32:55.388] [Render thread/INFO] [epxzzysabers/]: FKCRT ItemRendererMixin common
[17Sept2026 09:32:55.388] [Render thread/INFO] [epxzzysabers/]: FKCRT renderbyitem
[17Sept2026 09:32:55.388] [Render thread/INFO] [epxzzysabers/]: FKCRT PartialItemModelRenderer made for itemstacc 1 epxzzysabers:single_bladed_saber
[17Sept2026 09:32:55.392] [Render thread/INFO] [epxzzysabers/]: FKCRT ItemRendererMixin common
[17Sept2026 09:32:55.392] [Render thread/INFO] [epxzzysabers/]: FKCRT renderbyitem
[17Sept2026 09:32:55.392] [Render thread/INFO] [epxzzysabers/]: FKCRT PartialItemModelRenderer made for itemstacc 1 epxzzysabers:single_bladed_saber
[17Sept2026 09:32:55.395] [Render thread/INFO] [epxzzysabers/]: FKCRT ItemRendererMixin common
[17Sept2026 09:32:55.395] [Render thread/INFO] [epxzzysabers/]: FKCRT renderbyitem
[17Sept2026 09:32:55.395] [Render thread/INFO] [epxzzysabers/]: FKCRT PartialItemModelRenderer made for itemstacc 1 epxzzysabers:single_bladed_saber
[17Sept2026 09:32:55.400] [Render thread/INFO] [epxzzysabers/]: FKCRT ItemRendererMixin common
[17Sept2026 09:32:55.400] [Render thread/INFO] [epxzzysabers/]: FKCRT renderbyitem
[17Sept2026 09:32:55.400] [Render thread/INFO] [epxzzysabers/]: FKCRT PartialItemModelRenderer made for itemstacc 1 epxzzysabers:single_bladed_saber
[17Sept2026 09:32:55.416] [Render thread/INFO] [epxzzysabers/]: FKCRT ItemRendererMixin common
[17Sept2026 09:32:55.416] [Render thread/INFO] [epxzzysabers/]: FKCRT renderbyitem
[17Sept2026 09:32:55.416] [Render thread/INFO] [epxzzysabers/]: FKCRT PartialItemModelRenderer made for itemstacc 1 epxzzysabers:single_bladed_saber
[17Sept2026 09:32:55.419] [Render thread/INFO] [epxzzysabers/]: FKCRT ItemRendererMixin common
[17Sept2026 09:32:55.420] [Render thread/INFO] [epxzzysabers/]: FKCRT renderbyitem
[17Sept2026 09:32:55.420] [Render thread/INFO] [epxzzysabers/]: FKCRT PartialItemModelRenderer made for itemstacc 1 epxzzysabers:single_bladed_saber
[17Sept2026 09:32:55.429] [Render thread/INFO] [epxzzysabers/]: FKCRT ItemRendererMixin common
[17Sept2026 09:32:55.429] [Render thread/INFO] [epxzzysabers/]: FKCRT renderbyitem
[17Sept2026 09:32:55.429] [Render thread/INFO] [epxzzysabers/]: FKCRT PartialItemModelRenderer made for itemstacc 1 epxzzysabers:single_bladed_saber
[17Sept2026 09:32:55.443] [Render thread/INFO] [epxzzysabers/]: FKCRT ItemRendererMixin common
[17Sept2026 09:32:55.443] [Render thread/INFO] [epxzzysabers/]: FKCRT renderbyitem
[17Sept2026 09:32:55.443] [Render thread/INFO] [epxzzysabers/]: FKCRT PartialItemModelRenderer made for itemstacc 1 epxzzysabers:single_bladed_saber
[17Sept2026 09:32:55.449] [Render thread/INFO] [epxzzysabers/]: FKCRT ItemRendererMixin common
[17Sept2026 09:32:55.450] [Render thread/INFO] [epxzzysabers/]: FKCRT renderbyitem
[17Sept2026 09:32:55.450] [Render thread/INFO] [epxzzysabers/]: FKCRT PartialItemModelRenderer made for itemstacc 1 epxzzysabers:single_bladed_saber
[17Sept2026 09:32:55.466] [Render thread/INFO] [epxzzysabers/]: FKCRT ItemRendererMixin common
[17Sept2026 09:32:55.467] [Render thread/INFO] [epxzzysabers/]: FKCRT renderbyitem
[17Sept2026 09:32:55.467] [Render thread/INFO] [epxzzysabers/]: FKCRT PartialItemModelRenderer made for itemstacc 1 epxzzysabers:single_bladed_saber
[17Sept2026 09:32:55.477] [Render thread/INFO] [epxzzysabers/]: FKCRT ItemRendererMixin common
[17Sept2026 09:32:55.477] [Render thread/INFO] [epxzzysabers/]: FKCRT renderbyitem
[17Sept2026 09:32:55.478] [Render thread/INFO] [epxzzysabers/]: FKCRT PartialItemModelRenderer made for itemstacc 1 epxzzysabers:single_bladed_saber
[17Sept2026 09:32:55.494] [Render thread/INFO] [epxzzysabers/]: FKCRT ItemRendererMixin common
[17Sept2026 09:32:55.495] [Render thread/INFO] [epxzzysabers/]: FKCRT renderbyitem
[17Sept2026 09:32:55.495] [Render thread/INFO] [epxzzysabers/]: FKCRT PartialItemModelRenderer made for itemstacc 1 epxzzysabers:single_bladed_saber
[17Sept2026 09:32:55.506] [Render thread/INFO] [epxzzysabers/]: FKCRT ItemRendererMixin common
[17Sept2026 09:32:55.507] [Render thread/INFO] [epxzzysabers/]: FKCRT renderbyitem
[17Sept2026 09:32:55.507] [Render thread/INFO] [epxzzysabers/]: FKCRT PartialItemModelRenderer made for itemstacc 1 epxzzysabers:single_bladed_saber
[17Sept2026 09:32:55.522] [Render thread/INFO] [epxzzysabers/]: FKCRT ItemRendererMixin common
[17Sept2026 09:32:55.522] [Render thread/INFO] [epxzzysabers/]: FKCRT renderbyitem
[17Sept2026 09:32:55.523] [Render thread/INFO] [epxzzysabers/]: FKCRT PartialItemModelRenderer made for itemstacc 1 epxzzysabers:single_bladed_saber
[17Sept2026 09:32:55.528] [Render thread/INFO] [epxzzysabers/]: FKCRT ItemRendererMixin common
[17Sept2026 09:32:55.528] [Render thread/INFO] [epxzzysabers/]: FKCRT renderbyitem
[17Sept2026 09:32:55.529] [Render thread/INFO] [epxzzysabers/]: FKCRT PartialItemModelRenderer made for itemstacc 1 epxzzysabers:single_bladed_saber
[17Sept2026 09:32:55.540] [Render thread/INFO] [epxzzysabers/]: FKCRT ItemRendererMixin common
[17Sept2026 09:32:55.540] [Render thread/INFO] [epxzzysabers/]: FKCRT renderbyitem
[17Sept2026 09:32:55.540] [Render thread/INFO] [epxzzysabers/]: FKCRT PartialItemModelRenderer made for itemstacc 1 epxzzysabers:single_bladed_saber
[17Sept2026 09:32:55.544] [Render thread/INFO] [epxzzysabers/]: FKCRT ItemRendererMixin common
[17Sept2026 09:32:55.544] [Render thread/INFO] [epxzzysabers/]: FKCRT renderbyitem
[17Sept2026 09:32:55.544] [Render thread/INFO] [epxzzysabers/]: FKCRT PartialItemModelRenderer made for itemstacc 1 epxzzysabers:single_bladed_saber
[17Sept2026 09:32:55.549] [Render thread/INFO] [epxzzysabers/]: FKCRT ItemRendererMixin common
[17Sept2026 09:32:55.549] [Render thread/INFO] [epxzzysabers/]: FKCRT renderbyitem
[17Sept2026 09:32:55.549] [Render thread/INFO] [epxzzysabers/]: FKCRT PartialItemModelRenderer made for itemstacc 1 epxzzysabers:single_bladed_saber
[17Sept2026 09:32:55.559] [Render thread/INFO] [epxzzysabers/]: FKCRT ItemRendererMixin common
[17Sept2026 09:32:55.559] [Render thread/INFO] [epxzzysabers/]: FKCRT renderbyitem
[17Sept2026 09:32:55.559] [Render thread/INFO] [epxzzysabers/]: FKCRT PartialItemModelRenderer made for itemstacc 1 epxzzysabers:single_bladed_saber
[17Sept2026 09:32:55.563] [Render thread/INFO] [epxzzysabers/]: FKCRT ItemRendererMixin common
[17Sept2026 09:32:55.564] [Render thread/INFO] [epxzzysabers/]: FKCRT renderbyitem
[17Sept2026 09:32:55.564] [Render thread/INFO] [epxzzysabers/]: FKCRT PartialItemModelRenderer made for itemstacc 1 epxzzysabers:single_bladed_saber
[17Sept2026 09:32:55.570] [Render thread/INFO] [epxzzysabers/]: FKCRT ItemRendererMixin common
[17Sept2026 09:32:55.571] [Render thread/INFO] [epxzzysabers/]: FKCRT renderbyitem
[17Sept2026 09:32:55.571] [Render thread/INFO] [epxzzysabers/]: FKCRT PartialItemModelRenderer made for itemstacc 1 epxzzysabers:single_bladed_saber
[17Sept2026 09:32:55.575] [Render thread/INFO] [epxzzysabers/]: FKCRT ItemRendererMixin common
[17Sept2026 09:32:55.575] [Render thread/INFO] [epxzzysabers/]: FKCRT renderbyitem
[17Sept2026 09:32:55.576] [Render thread/INFO] [epxzzysabers/]: FKCRT PartialItemModelRenderer made for itemstacc 1 epxzzysabers:single_bladed_saber
[17Sept2026 09:32:55.580] [Render thread/INFO] [epxzzysabers/]: FKCRT ItemRendererMixin common
[17Sept2026 09:32:55.580] [Render thread/INFO] [epxzzysabers/]: FKCRT renderbyitem
[17Sept2026 09:32:55.580] [Render thread/INFO] [epxzzysabers/]: FKCRT PartialItemModelRenderer made for itemstacc 1 epxzzysabers:single_bladed_saber
[17Sept2026 09:32:55.584] [Render thread/INFO] [epxzzysabers/]: FKCRT ItemRendererMixin common
[17Sept2026 09:32:55.586] [Render thread/INFO] [epxzzysabers/]: FKCRT renderbyitem
[17Sept2026 09:32:55.587] [Render thread/INFO] [epxzzysabers/]: FKCRT PartialItemModelRenderer made for itemstacc 1 epxzzysabers:single_bladed_saber
[17Sept2026 09:32:55.591] [Render thread/INFO] [epxzzysabers/]: FKCRT ItemRendererMixin common
[17Sept2026 09:32:55.591] [Render thread/INFO] [epxzzysabers/]: FKCRT renderbyitem
[17Sept2026 09:32:55.591] [Render thread/INFO] [epxzzysabers/]: FKCRT PartialItemModelRenderer made for itemstacc 1 epxzzysabers:single_bladed_saber
[17Sept2026 09:32:55.595] [Render thread/INFO] [epxzzysabers/]: FKCRT ItemRendererMixin common
[17Sept2026 09:32:55.595] [Render thread/INFO] [epxzzysabers/]: FKCRT renderbyitem
[17Sept2026 09:32:55.595] [Render thread/INFO] [epxzzysabers/]: FKCRT PartialItemModelRenderer made for itemstacc 1 epxzzysabers:single_bladed_saber
[17Sept2026 09:32:55.598] [Render thread/INFO] [epxzzysabers/]: FKCRT ItemRendererMixin common
[17Sept2026 09:32:55.598] [Render thread/INFO] [epxzzysabers/]: FKCRT renderbyitem
[17Sept2026 09:32:55.598] [Render thread/INFO] [epxzzysabers/]: FKCRT PartialItemModelRenderer made for itemstacc 1 epxzzysabers:single_bladed_saber
[17Sept2026 09:32:55.608] [Render thread/INFO] [epxzzysabers/]: FKCRT ItemRendererMixin common
[17Sept2026 09:32:55.608] [Render thread/INFO] [epxzzysabers/]: FKCRT renderbyitem
[17Sept2026 09:32:55.609] [Render thread/INFO] [epxzzysabers/]: FKCRT PartialItemModelRenderer made for itemstacc 1 epxzzysabers:single_bladed_saber
[17Sept2026 09:32:55.613] [Render thread/INFO] [epxzzysabers/]: FKCRT ItemRendererMixin common
[17Sept2026 09:32:55.614] [Render thread/INFO] [epxzzysabers/]: FKCRT renderbyitem
[17Sept2026 09:32:55.614] [Render thread/INFO] [epxzzysabers/]: FKCRT PartialItemModelRenderer made for itemstacc 1 epxzzysabers:single_bladed_saber
[17Sept2026 09:32:55.620] [Render thread/INFO] [epxzzysabers/]: FKCRT ItemRendererMixin common
[17Sept2026 09:32:55.620] [Render thread/INFO] [epxzzysabers/]: FKCRT renderbyitem
[17Sept2026 09:32:55.620] [Render thread/INFO] [epxzzysabers/]: FKCRT PartialItemModelRenderer made for itemstacc 1 epxzzysabers:single_bladed_saber
[17Sept2026 09:32:55.628] [Render thread/INFO] [epxzzysabers/]: FKCRT ItemRendererMixin common
[17Sept2026 09:32:55.629] [Render thread/INFO] [epxzzysabers/]: FKCRT renderbyitem
[17Sept2026 09:32:55.629] [Render thread/INFO] [epxzzysabers/]: FKCRT PartialItemModelRenderer made for itemstacc 1 epxzzysabers:single_bladed_saber
[17Sept2026 09:32:55.645] [Render thread/INFO] [epxzzysabers/]: FKCRT ItemRendererMixin common
[17Sept2026 09:32:55.647] [Render thread/INFO] [epxzzysabers/]: FKCRT renderbyitem
[17Sept2026 09:32:55.647] [Render thread/INFO] [epxzzysabers/]: FKCRT PartialItemModelRenderer made for itemstacc 1 epxzzysabers:single_bladed_saber
[17Sept2026 09:32:55.664] [Render thread/INFO] [epxzzysabers/]: FKCRT ItemRendererMixin common
[17Sept2026 09:32:55.664] [Render thread/INFO] [epxzzysabers/]: FKCRT renderbyitem
[17Sept2026 09:32:55.665] [Render thread/INFO] [epxzzysabers/]: FKCRT PartialItemModelRenderer made for itemstacc 1 epxzzysabers:single_bladed_saber
[17Sept2026 09:32:55.670] [Render thread/INFO] [epxzzysabers/]: FKCRT ItemRendererMixin common
[17Sept2026 09:32:55.670] [Render thread/INFO] [epxzzysabers/]: FKCRT renderbyitem
[17Sept2026 09:32:55.670] [Render thread/INFO] [epxzzysabers/]: FKCRT PartialItemModelRenderer made for itemstacc 1 epxzzysabers:single_bladed_saber
[17Sept2026 09:32:55.676] [Render thread/INFO] [epxzzysabers/]: FKCRT ItemRendererMixin common
[17Sept2026 09:32:55.676] [Render thread/INFO] [epxzzysabers/]: FKCRT renderbyitem
[17Sept2026 09:32:55.676] [Render thread/INFO] [epxzzysabers/]: FKCRT PartialItemModelRenderer made for itemstacc 1 epxzzysabers:single_bladed_saber
[17Sept2026 09:32:55.697] [Render thread/INFO] [epxzzysabers/]: FKCRT ItemRendererMixin common
[17Sept2026 09:32:55.698] [Render thread/INFO] [epxzzysabers/]: FKCRT renderbyitem
[17Sept2026 09:32:55.698] [Render thread/INFO] [epxzzysabers/]: FKCRT PartialItemModelRenderer made for itemstacc 1 epxzzysabers:single_bladed_saber
[17Sept2026 09:32:55.714] [Render thread/INFO] [epxzzysabers/]: FKCRT ItemRendererMixin common
[17Sept2026 09:32:55.714] [Render thread/INFO] [epxzzysabers/]: FKCRT renderbyitem
[17Sept2026 09:32:55.714] [Render thread/INFO] [epxzzysabers/]: FKCRT PartialItemModelRenderer made for itemstacc 1 epxzzysabers:single_bladed_saber
[17Sept2026 09:32:55.715] [Render thread/INFO] [epxzzysabers/]: FKCRT ItemRendererMixin common
[17Sept2026 09:32:55.716] [Render thread/INFO] [epxzzysabers/]: FKCRT renderbyitem
[17Sept2026 09:32:55.716] [Render thread/INFO] [epxzzysabers/]: FKCRT PartialItemModelRenderer made for itemstacc 1 epxzzysabers:single_bladed_saber
[17Sept2026 09:32:55.723] [Render thread/INFO] [epxzzysabers/]: FKCRT ItemRendererMixin common
[17Sept2026 09:32:55.723] [Render thread/INFO] [epxzzysabers/]: FKCRT renderbyitem
[17Sept2026 09:32:55.723] [Render thread/INFO] [epxzzysabers/]: FKCRT PartialItemModelRenderer made for itemstacc 1 epxzzysabers:single_bladed_saber
[17Sept2026 09:32:55.724] [Render thread/INFO] [epxzzysabers/]: FKCRT ItemRendererMixin common
[17Sept2026 09:32:55.725] [Render thread/INFO] [epxzzysabers/]: FKCRT renderbyitem
[17Sept2026 09:32:55.725] [Render thread/INFO] [epxzzysabers/]: FKCRT PartialItemModelRenderer made for itemstacc 1 epxzzysabers:single_bladed_saber
[17Sept2026 09:32:55.731] [Render thread/INFO] [epxzzysabers/]: FKCRT ItemRendererMixin common
[17Sept2026 09:32:55.731] [Render thread/INFO] [epxzzysabers/]: FKCRT renderbyitem
[17Sept2026 09:32:55.731] [Render thread/INFO] [epxzzysabers/]: FKCRT PartialItemModelRenderer made for itemstacc 1 epxzzysabers:single_bladed_saber
[17Sept2026 09:32:55.731] [Render thread/INFO] [epxzzysabers/]: FKCRT ItemRendererMixin common
[17Sept2026 09:32:55.732] [Render thread/INFO] [epxzzysabers/]: FKCRT renderbyitem
[17Sept2026 09:32:55.732] [Render thread/INFO] [epxzzysabers/]: FKCRT PartialItemModelRenderer made for itemstacc 1 epxzzysabers:single_bladed_saber
[17Sept2026 09:32:55.739] [Render thread/INFO] [epxzzysabers/]: FKCRT ItemRendererMixin common
[17Sept2026 09:32:55.740] [Render thread/INFO] [epxzzysabers/]: FKCRT renderbyitem
[17Sept2026 09:32:55.740] [Render thread/INFO] [epxzzysabers/]: FKCRT PartialItemModelRenderer made for itemstacc 1 epxzzysabers:single_bladed_saber
[17Sept2026 09:32:55.740] [Render thread/INFO] [epxzzysabers/]: FKCRT ItemRendererMixin common
[17Sept2026 09:32:55.740] [Render thread/INFO] [epxzzysabers/]: FKCRT renderbyitem
[17Sept2026 09:32:55.740] [Render thread/INFO] [epxzzysabers/]: FKCRT PartialItemModelRenderer made for itemstacc 1 epxzzysabers:single_bladed_saber
[17Sept2026 09:32:55.744] [Render thread/INFO] [epxzzysabers/]: FKCRT ItemRendererMixin common
[17Sept2026 09:32:55.744] [Render thread/INFO] [epxzzysabers/]: FKCRT renderbyitem
[17Sept2026 09:32:55.744] [Render thread/INFO] [epxzzysabers/]: FKCRT PartialItemModelRenderer made for itemstacc 1 epxzzysabers:single_bladed_saber
[17Sept2026 09:32:55.744] [Render thread/INFO] [epxzzysabers/]: FKCRT ItemRendererMixin common
[17Sept2026 09:32:55.745] [Render thread/INFO] [epxzzysabers/]: FKCRT renderbyitem
[17Sept2026 09:32:55.745] [Render thread/INFO] [epxzzysabers/]: FKCRT PartialItemModelRenderer made for itemstacc 1 epxzzysabers:single_bladed_saber
[17Sept2026 09:32:55.748] [Render thread/INFO] [epxzzysabers/]: FKCRT ItemRendererMixin common
[17Sept2026 09:32:55.748] [Render thread/INFO] [epxzzysabers/]: FKCRT renderbyitem
[17Sept2026 09:32:55.748] [Render thread/INFO] [epxzzysabers/]: FKCRT PartialItemModelRenderer made for itemstacc 1 epxzzysabers:single_bladed_saber
[17Sept2026 09:32:55.748] [Render thread/INFO] [epxzzysabers/]: FKCRT ItemRendererMixin common
[17Sept2026 09:32:55.749] [Render thread/INFO] [epxzzysabers/]: FKCRT renderbyitem
[17Sept2026 09:32:55.749] [Render thread/INFO] [epxzzysabers/]: FKCRT PartialItemModelRenderer made for itemstacc 1 epxzzysabers:single_bladed_saber
[17Sept2026 09:32:55.756] [Render thread/INFO] [epxzzysabers/]: FKCRT ItemRendererMixin common
[17Sept2026 09:32:55.756] [Render thread/INFO] [epxzzysabers/]: FKCRT renderbyitem
[17Sept2026 09:32:55.757] [Render thread/INFO] [epxzzysabers/]: FKCRT PartialItemModelRenderer made for itemstacc 1 epxzzysabers:single_bladed_saber
[17Sept2026 09:32:55.757] [Render thread/INFO] [epxzzysabers/]: FKCRT ItemRendererMixin common
[17Sept2026 09:32:55.757] [Render thread/INFO] [epxzzysabers/]: FKCRT renderbyitem
[17Sept2026 09:32:55.757] [Render thread/INFO] [epxzzysabers/]: FKCRT PartialItemModelRenderer made for itemstacc 1 epxzzysabers:single_bladed_saber
[17Sept2026 09:32:55.760] [Render thread/INFO] [epxzzysabers/]: FKCRT ItemRendererMixin common
[17Sept2026 09:32:55.761] [Render thread/INFO] [epxzzysabers/]: FKCRT renderbyitem
[17Sept2026 09:32:55.761] [Render thread/INFO] [epxzzysabers/]: FKCRT PartialItemModelRenderer made for itemstacc 1 epxzzysabers:single_bladed_saber
[17Sept2026 09:32:55.761] [Render thread/INFO] [epxzzysabers/]: FKCRT ItemRendererMixin common
[17Sept2026 09:32:55.762] [Render thread/INFO] [epxzzysabers/]: FKCRT renderbyitem
[17Sept2026 09:32:55.762] [Render thread/INFO] [epxzzysabers/]: FKCRT PartialItemModelRenderer made for itemstacc 1 epxzzysabers:single_bladed_saber
[17Sept2026 09:32:55.764] [Render thread/INFO] [epxzzysabers/]: FKCRT ItemRendererMixin common
[17Sept2026 09:32:55.764] [Render thread/INFO] [epxzzysabers/]: FKCRT renderbyitem
[17Sept2026 09:32:55.764] [Render thread/INFO] [epxzzysabers/]: FKCRT PartialItemModelRenderer made for itemstacc 1 epxzzysabers:single_bladed_saber
[17Sept2026 09:32:55.765] [Render thread/INFO] [epxzzysabers/]: FKCRT ItemRendererMixin common
[17Sept2026 09:32:55.765] [Render thread/INFO] [epxzzysabers/]: FKCRT renderbyitem
[17Sept2026 09:32:55.765] [Render thread/INFO] [epxzzysabers/]: FKCRT PartialItemModelRenderer made for itemstacc 1 epxzzysabers:single_bladed_saber
[17Sept2026 09:32:55.768] [Render thread/INFO] [epxzzysabers/]: FKCRT ItemRendererMixin common
[17Sept2026 09:32:55.768] [Render thread/INFO] [epxzzysabers/]: FKCRT renderbyitem
[17Sept2026 09:32:55.768] [Render thread/INFO] [epxzzysabers/]: FKCRT PartialItemModelRenderer made for itemstacc 1 epxzzysabers:single_bladed_saber
[17Sept2026 09:32:55.769] [Render thread/INFO] [epxzzysabers/]: FKCRT ItemRendererMixin common
[17Sept2026 09:32:55.769] [Render thread/INFO] [epxzzysabers/]: FKCRT renderbyitem
[17Sept2026 09:32:55.769] [Render thread/INFO] [epxzzysabers/]: FKCRT PartialItemModelRenderer made for itemstacc 1 epxzzysabers:single_bladed_saber
[17Sept2026 09:32:55.772] [Render thread/INFO] [epxzzysabers/]: FKCRT ItemRendererMixin common
[17Sept2026 09:32:55.772] [Render thread/INFO] [epxzzysabers/]: FKCRT renderbyitem
[17Sept2026 09:32:55.772] [Render thread/INFO] [epxzzysabers/]: FKCRT PartialItemModelRenderer made for itemstacc 1 epxzzysabers:single_bladed_saber
[17Sept2026 09:32:55.772] [Render thread/INFO] [epxzzysabers/]: FKCRT ItemRendererMixin common
[17Sept2026 09:32:55.772] [Render thread/INFO] [epxzzysabers/]: FKCRT renderbyitem
[17Sept2026 09:32:55.772] [Render thread/INFO] [epxzzysabers/]: FKCRT PartialItemModelRenderer made for itemstacc 1 epxzzysabers:single_bladed_saber
[17Sept2026 09:32:55.775] [Render thread/INFO] [epxzzysabers/]: FKCRT ItemRendererMixin common
[17Sept2026 09:32:55.775] [Render thread/INFO] [epxzzysabers/]: FKCRT renderbyitem
[17Sept2026 09:32:55.775] [Render thread/INFO] [epxzzysabers/]: FKCRT PartialItemModelRenderer made for itemstacc 1 epxzzysabers:single_bladed_saber
[17Sept2026 09:32:55.775] [Render thread/INFO] [epxzzysabers/]: FKCRT ItemRendererMixin common
[17Sept2026 09:32:55.775] [Render thread/INFO] [epxzzysabers/]: FKCRT renderbyitem
[17Sept2026 09:32:55.776] [Render thread/INFO] [epxzzysabers/]: FKCRT PartialItemModelRenderer made for itemstacc 1 epxzzysabers:single_bladed_saber
[17Sept2026 09:32:55.778] [Render thread/INFO] [epxzzysabers/]: FKCRT ItemRendererMixin common
[17Sept2026 09:32:55.778] [Render thread/INFO] [epxzzysabers/]: FKCRT renderbyitem
[17Sept2026 09:32:55.778] [Render thread/INFO] [epxzzysabers/]: FKCRT PartialItemModelRenderer made for itemstacc 1 epxzzysabers:single_bladed_saber
[17Sept2026 09:32:55.779] [Render thread/INFO] [epxzzysabers/]: FKCRT ItemRendererMixin common
[17Sept2026 09:32:55.779] [Render thread/INFO] [epxzzysabers/]: FKCRT renderbyitem
[17Sept2026 09:32:55.779] [Render thread/INFO] [epxzzysabers/]: FKCRT PartialItemModelRenderer made for itemstacc 1 epxzzysabers:single_bladed_saber
[17Sept2026 09:32:55.782] [Render thread/INFO] [epxzzysabers/]: FKCRT ItemRendererMixin common
[17Sept2026 09:32:55.782] [Render thread/INFO] [epxzzysabers/]: FKCRT renderbyitem
[17Sept2026 09:32:55.782] [Render thread/INFO] [epxzzysabers/]: FKCRT PartialItemModelRenderer made for itemstacc 1 epxzzysabers:single_bladed_saber
[17Sept2026 09:32:55.783] [Render thread/INFO] [epxzzysabers/]: FKCRT ItemRendererMixin common
[17Sept2026 09:32:55.783] [Render thread/INFO] [epxzzysabers/]: FKCRT renderbyitem
[17Sept2026 09:32:55.783] [Render thread/INFO] [epxzzysabers/]: FKCRT PartialItemModelRenderer made for itemstacc 1 epxzzysabers:single_bladed_saber
[17Sept2026 09:32:55.786] [Render thread/INFO] [epxzzysabers/]: FKCRT ItemRendererMixin common
[17Sept2026 09:32:55.787] [Render thread/INFO] [epxzzysabers/]: FKCRT renderbyitem
[17Sept2026 09:32:55.787] [Render thread/INFO] [epxzzysabers/]: FKCRT PartialItemModelRenderer made for itemstacc 1 epxzzysabers:single_bladed_saber
[17Sept2026 09:32:55.787] [Render thread/INFO] [epxzzysabers/]: FKCRT ItemRendererMixin common
[17Sept2026 09:32:55.787] [Render thread/INFO] [epxzzysabers/]: FKCRT renderbyitem
[17Sept2026 09:32:55.787] [Render thread/INFO] [epxzzysabers/]: FKCRT PartialItemModelRenderer made for itemstacc 1 epxzzysabers:single_bladed_saber
[17Sept2026 09:32:55.790] [Render thread/INFO] [epxzzysabers/]: FKCRT ItemRendererMixin common
[17Sept2026 09:32:55.790] [Render thread/INFO] [epxzzysabers/]: FKCRT renderbyitem
[17Sept2026 09:32:55.790] [Render thread/INFO] [epxzzysabers/]: FKCRT PartialItemModelRenderer made for itemstacc 1 epxzzysabers:single_bladed_saber
[17Sept2026 09:32:55.790] [Render thread/INFO] [epxzzysabers/]: FKCRT ItemRendererMixin common
[17Sept2026 09:32:55.790] [Render thread/INFO] [epxzzysabers/]: FKCRT renderbyitem
[17Sept2026 09:32:55.790] [Render thread/INFO] [epxzzysabers/]: FKCRT PartialItemModelRenderer made for itemstacc 1 epxzzysabers:single_bladed_saber
[17Sept2026 09:32:55.793] [Render thread/INFO] [epxzzysabers/]: FKCRT ItemRendererMixin common
[17Sept2026 09:32:55.793] [Render thread/INFO] [epxzzysabers/]: FKCRT renderbyitem
[17Sept2026 09:32:55.793] [Render thread/INFO] [epxzzysabers/]: FKCRT PartialItemModelRenderer made for itemstacc 1 epxzzysabers:single_bladed_saber
[17Sept2026 09:32:55.794] [Render thread/INFO] [epxzzysabers/]: FKCRT ItemRendererMixin common
[17Sept2026 09:32:55.794] [Render thread/INFO] [epxzzysabers/]: FKCRT renderbyitem
[17Sept2026 09:32:55.794] [Render thread/INFO] [epxzzysabers/]: FKCRT PartialItemModelRenderer made for itemstacc 1 epxzzysabers:single_bladed_saber
[17Sept2026 09:32:55.797] [Render thread/INFO] [epxzzysabers/]: FKCRT ItemRendererMixin common
[17Sept2026 09:32:55.797] [Render thread/INFO] [epxzzysabers/]: FKCRT renderbyitem
[17Sept2026 09:32:55.797] [Render thread/INFO] [epxzzysabers/]: FKCRT PartialItemModelRenderer made for itemstacc 1 epxzzysabers:single_bladed_saber
[17Sept2026 09:32:55.798] [Render thread/INFO] [epxzzysabers/]: FKCRT ItemRendererMixin common
[17Sept2026 09:32:55.798] [Render thread/INFO] [epxzzysabers/]: FKCRT renderbyitem
[17Sept2026 09:32:55.798] [Render thread/INFO] [epxzzysabers/]: FKCRT PartialItemModelRenderer made for itemstacc 1 epxzzysabers:single_bladed_saber
[17Sept2026 09:32:55.806] [Render thread/INFO] [epxzzysabers/]: FKCRT ItemRendererMixin common
[17Sept2026 09:32:55.806] [Render thread/INFO] [epxzzysabers/]: FKCRT renderbyitem
[17Sept2026 09:32:55.806] [Render thread/INFO] [epxzzysabers/]: FKCRT PartialItemModelRenderer made for itemstacc 1 epxzzysabers:single_bladed_saber
[17Sept2026 09:32:55.807] [Render thread/INFO] [epxzzysabers/]: FKCRT ItemRendererMixin common
[17Sept2026 09:32:55.807] [Render thread/INFO] [epxzzysabers/]: FKCRT renderbyitem
[17Sept2026 09:32:55.807] [Render thread/INFO] [epxzzysabers/]: FKCRT PartialItemModelRenderer made for itemstacc 1 epxzzysabers:single_bladed_saber
[17Sept2026 09:32:55.812] [Render thread/INFO] [epxzzysabers/]: FKCRT ItemRendererMixin common
[17Sept2026 09:32:55.813] [Render thread/INFO] [epxzzysabers/]: FKCRT renderbyitem
[17Sept2026 09:32:55.813] [Render thread/INFO] [epxzzysabers/]: FKCRT PartialItemModelRenderer made for itemstacc 1 epxzzysabers:single_bladed_saber
[17Sept2026 09:32:55.814] [Render thread/INFO] [epxzzysabers/]: FKCRT ItemRendererMixin common
[17Sept2026 09:32:55.814] [Render thread/INFO] [epxzzysabers/]: FKCRT renderbyitem
[17Sept2026 09:32:55.814] [Render thread/INFO] [epxzzysabers/]: FKCRT PartialItemModelRenderer made for itemstacc 1 epxzzysabers:single_bladed_saber
[17Sept2026 09:32:55.817] [Render thread/INFO] [epxzzysabers/]: FKCRT ItemRendererMixin common
[17Sept2026 09:32:55.817] [Render thread/INFO] [epxzzysabers/]: FKCRT renderbyitem
[17Sept2026 09:32:55.817] [Render thread/INFO] [epxzzysabers/]: FKCRT PartialItemModelRenderer made for itemstacc 1 epxzzysabers:single_bladed_saber
[17Sept2026 09:32:55.818] [Render thread/INFO] [epxzzysabers/]: FKCRT ItemRendererMixin common
[17Sept2026 09:32:55.819] [Render thread/INFO] [epxzzysabers/]: FKCRT renderbyitem
[17Sept2026 09:32:55.820] [Render thread/INFO] [epxzzysabers/]: FKCRT PartialItemModelRenderer made for itemstacc 1 epxzzysabers:single_bladed_saber
[17Sept2026 09:32:55.827] [Render thread/INFO] [epxzzysabers/]: FKCRT ItemRendererMixin common
[17Sept2026 09:32:55.827] [Render thread/INFO] [epxzzysabers/]: FKCRT renderbyitem
[17Sept2026 09:32:55.827] [Render thread/INFO] [epxzzysabers/]: FKCRT PartialItemModelRenderer made for itemstacc 1 epxzzysabers:single_bladed_saber
[17Sept2026 09:32:55.828] [Render thread/INFO] [epxzzysabers/]: FKCRT ItemRendererMixin common
[17Sept2026 09:32:55.828] [Render thread/INFO] [epxzzysabers/]: FKCRT renderbyitem
[17Sept2026 09:32:55.828] [Render thread/INFO] [epxzzysabers/]: FKCRT PartialItemModelRenderer made for itemstacc 1 epxzzysabers:single_bladed_saber
[17Sept2026 09:32:55.831] [Render thread/INFO] [epxzzysabers/]: FKCRT ItemRendererMixin common
[17Sept2026 09:32:55.831] [Render thread/INFO] [epxzzysabers/]: FKCRT renderbyitem
[17Sept2026 09:32:55.831] [Render thread/INFO] [epxzzysabers/]: FKCRT PartialItemModelRenderer made for itemstacc 1 epxzzysabers:single_bladed_saber
[17Sept2026 09:32:55.832] [Render thread/INFO] [epxzzysabers/]: FKCRT ItemRendererMixin common
[17Sept2026 09:32:55.832] [Render thread/INFO] [epxzzysabers/]: FKCRT renderbyitem
[17Sept2026 09:32:55.832] [Render thread/INFO] [epxzzysabers/]: FKCRT PartialItemModelRenderer made for itemstacc 1 epxzzysabers:single_bladed_saber
[17Sept2026 09:32:55.835] [Render thread/INFO] [epxzzysabers/]: FKCRT ItemRendererMixin common
[17Sept2026 09:32:55.835] [Render thread/INFO] [epxzzysabers/]: FKCRT renderbyitem
[17Sept2026 09:32:55.835] [Render thread/INFO] [epxzzysabers/]: FKCRT PartialItemModelRenderer made for itemstacc 1 epxzzysabers:single_bladed_saber
[17Sept2026 09:32:55.836] [Render thread/INFO] [epxzzysabers/]: FKCRT ItemRendererMixin common
[17Sept2026 09:32:55.836] [Render thread/INFO] [epxzzysabers/]: FKCRT renderbyitem
[17Sept2026 09:32:55.836] [Render thread/INFO] [epxzzysabers/]: FKCRT PartialItemModelRenderer made for itemstacc 1 epxzzysabers:single_bladed_saber
[17Sept2026 09:32:55.839] [Render thread/INFO] [epxzzysabers/]: FKCRT ItemRendererMixin common
[17Sept2026 09:32:55.839] [Render thread/INFO] [epxzzysabers/]: FKCRT renderbyitem
[17Sept2026 09:32:55.839] [Render thread/INFO] [epxzzysabers/]: FKCRT PartialItemModelRenderer made for itemstacc 1 epxzzysabers:single_bladed_saber
[17Sept2026 09:32:55.840] [Render thread/INFO] [epxzzysabers/]: FKCRT ItemRendererMixin common
[17Sept2026 09:32:55.840] [Render thread/INFO] [epxzzysabers/]: FKCRT renderbyitem
[17Sept2026 09:32:55.840] [Render thread/INFO] [epxzzysabers/]: FKCRT PartialItemModelRenderer made for itemstacc 1 epxzzysabers:single_bladed_saber
[17Sept2026 09:32:55.842] [Render thread/INFO] [epxzzysabers/]: FKCRT ItemRendererMixin common
[17Sept2026 09:32:55.843] [Render thread/INFO] [epxzzysabers/]: FKCRT renderbyitem
[17Sept2026 09:32:55.843] [Render thread/INFO] [epxzzysabers/]: FKCRT PartialItemModelRenderer made for itemstacc 1 epxzzysabers:single_bladed_saber
[17Sept2026 09:32:55.843] [Render thread/INFO] [epxzzysabers/]: FKCRT ItemRendererMixin common
[17Sept2026 09:32:55.843] [Render thread/INFO] [epxzzysabers/]: FKCRT renderbyitem
[17Sept2026 09:32:55.843] [Render thread/INFO] [epxzzysabers/]: FKCRT PartialItemModelRenderer made for itemstacc 1 epxzzysabers:single_bladed_saber
[17Sept2026 09:32:55.846] [Render thread/INFO] [epxzzysabers/]: FKCRT ItemRendererMixin common
[17Sept2026 09:32:55.846] [Render thread/INFO] [epxzzysabers/]: FKCRT renderbyitem
[17Sept2026 09:32:55.846] [Render thread/INFO] [epxzzysabers/]: FKCRT PartialItemModelRenderer made for itemstacc 1 epxzzysabers:single_bladed_saber
[17Sept2026 09:32:55.847] [Render thread/INFO] [epxzzysabers/]: FKCRT ItemRendererMixin common
[17Sept2026 09:32:55.847] [Render thread/INFO] [epxzzysabers/]: FKCRT renderbyitem
[17Sept2026 09:32:55.847] [Render thread/INFO] [epxzzysabers/]: FKCRT PartialItemModelRenderer made for itemstacc 1 epxzzysabers:single_bladed_saber
[17Sept2026 09:32:55.853] [Render thread/INFO] [epxzzysabers/]: FKCRT ItemRendererMixin common
[17Sept2026 09:32:55.853] [Render thread/INFO] [epxzzysabers/]: FKCRT renderbyitem
[17Sept2026 09:32:55.853] [Render thread/INFO] [epxzzysabers/]: FKCRT PartialItemModelRenderer made for itemstacc 1 epxzzysabers:single_bladed_saber
[17Sept2026 09:32:55.854] [Render thread/INFO] [epxzzysabers/]: FKCRT ItemRendererMixin common
[17Sept2026 09:32:55.854] [Render thread/INFO] [epxzzysabers/]: FKCRT renderbyitem
[17Sept2026 09:32:55.854] [Render thread/INFO] [epxzzysabers/]: FKCRT PartialItemModelRenderer made for itemstacc 1 epxzzysabers:single_bladed_saber
[17Sept2026 09:32:55.857] [Render thread/INFO] [epxzzysabers/]: FKCRT ItemRendererMixin common
[17Sept2026 09:32:55.857] [Render thread/INFO] [epxzzysabers/]: FKCRT renderbyitem
[17Sept2026 09:32:55.857] [Render thread/INFO] [epxzzysabers/]: FKCRT PartialItemModelRenderer made for itemstacc 1 epxzzysabers:single_bladed_saber
[17Sept2026 09:32:55.858] [Render thread/INFO] [epxzzysabers/]: FKCRT ItemRendererMixin common
[17Sept2026 09:32:55.858] [Render thread/INFO] [epxzzysabers/]: FKCRT renderbyitem
[17Sept2026 09:32:55.858] [Render thread/INFO] [epxzzysabers/]: FKCRT PartialItemModelRenderer made for itemstacc 1 epxzzysabers:single_bladed_saber
[17Sept2026 09:32:55.860] [Render thread/INFO] [epxzzysabers/]: FKCRT ItemRendererMixin common
[17Sept2026 09:32:55.861] [Render thread/INFO] [epxzzysabers/]: FKCRT renderbyitem
[17Sept2026 09:32:55.861] [Render thread/INFO] [epxzzysabers/]: FKCRT PartialItemModelRenderer made for itemstacc 1 epxzzysabers:single_bladed_saber
[17Sept2026 09:32:55.861] [Render thread/INFO] [epxzzysabers/]: FKCRT ItemRendererMixin common
[17Sept2026 09:32:55.861] [Render thread/INFO] [epxzzysabers/]: FKCRT renderbyitem
[17Sept2026 09:32:55.861] [Render thread/INFO] [epxzzysabers/]: FKCRT PartialItemModelRenderer made for itemstacc 1 epxzzysabers:single_bladed_saber
[17Sept2026 09:32:55.865] [Render thread/INFO] [epxzzysabers/]: FKCRT ItemRendererMixin common
[17Sept2026 09:32:55.865] [Render thread/INFO] [epxzzysabers/]: FKCRT renderbyitem
[17Sept2026 09:32:55.865] [Render thread/INFO] [epxzzysabers/]: FKCRT PartialItemModelRenderer made for itemstacc 1 epxzzysabers:single_bladed_saber
[17Sept2026 09:32:55.866] [Render thread/INFO] [epxzzysabers/]: FKCRT ItemRendererMixin common
[17Sept2026 09:32:55.866] [Render thread/INFO] [epxzzysabers/]: FKCRT renderbyitem
[17Sept2026 09:32:55.866] [Render thread/INFO] [epxzzysabers/]: FKCRT PartialItemModelRenderer made for itemstacc 1 epxzzysabers:single_bladed_saber
[17Sept2026 09:32:55.869] [Render thread/INFO] [epxzzysabers/]: FKCRT ItemRendererMixin common
[17Sept2026 09:32:55.869] [Render thread/INFO] [epxzzysabers/]: FKCRT renderbyitem
[17Sept2026 09:32:55.869] [Render thread/INFO] [epxzzysabers/]: FKCRT PartialItemModelRenderer made for itemstacc 1 epxzzysabers:single_bladed_saber
[17Sept2026 09:32:55.870] [Render thread/INFO] [epxzzysabers/]: FKCRT ItemRendererMixin common
[17Sept2026 09:32:55.870] [Render thread/INFO] [epxzzysabers/]: FKCRT renderbyitem
[17Sept2026 09:32:55.870] [Render thread/INFO] [epxzzysabers/]: FKCRT PartialItemModelRenderer made for itemstacc 1 epxzzysabers:single_bladed_saber
[17Sept2026 09:32:55.873] [Render thread/INFO] [epxzzysabers/]: FKCRT ItemRendererMixin common
[17Sept2026 09:32:55.874] [Render thread/INFO] [epxzzysabers/]: FKCRT renderbyitem
[17Sept2026 09:32:55.874] [Render thread/INFO] [epxzzysabers/]: FKCRT PartialItemModelRenderer made for itemstacc 1 epxzzysabers:single_bladed_saber
[17Sept2026 09:32:55.874] [Render thread/INFO] [epxzzysabers/]: FKCRT ItemRendererMixin common
[17Sept2026 09:32:55.874] [Render thread/INFO] [epxzzysabers/]: FKCRT renderbyitem
[17Sept2026 09:32:55.874] [Render thread/INFO] [epxzzysabers/]: FKCRT PartialItemModelRenderer made for itemstacc 1 epxzzysabers:single_bladed_saber
[17Sept2026 09:32:55.877] [Render thread/INFO] [epxzzysabers/]: FKCRT ItemRendererMixin common
[17Sept2026 09:32:55.877] [Render thread/INFO] [epxzzysabers/]: FKCRT renderbyitem
[17Sept2026 09:32:55.877] [Render thread/INFO] [epxzzysabers/]: FKCRT PartialItemModelRenderer made for itemstacc 1 epxzzysabers:single_bladed_saber
[17Sept2026 09:32:55.877] [Render thread/INFO] [epxzzysabers/]: FKCRT ItemRendererMixin common
[17Sept2026 09:32:55.877] [Render thread/INFO] [epxzzysabers/]: FKCRT renderbyitem
[17Sept2026 09:32:55.877] [Render thread/INFO] [epxzzysabers/]: FKCRT PartialItemModelRenderer made for itemstacc 1 epxzzysabers:single_bladed_saber
[17Sept2026 09:32:55.880] [Render thread/INFO] [epxzzysabers/]: FKCRT ItemRendererMixin common
[17Sept2026 09:32:55.880] [Render thread/INFO] [epxzzysabers/]: FKCRT renderbyitem
[17Sept2026 09:32:55.880] [Render thread/INFO] [epxzzysabers/]: FKCRT PartialItemModelRenderer made for itemstacc 1 epxzzysabers:single_bladed_saber
[17Sept2026 09:32:55.881] [Render thread/INFO] [epxzzysabers/]: FKCRT ItemRendererMixin common
[17Sept2026 09:32:55.881] [Render thread/INFO] [epxzzysabers/]: FKCRT renderbyitem
[17Sept2026 09:32:55.881] [Render thread/INFO] [epxzzysabers/]: FKCRT PartialItemModelRenderer made for itemstacc 1 epxzzysabers:single_bladed_saber
[17Sept2026 09:32:55.884] [Render thread/INFO] [epxzzysabers/]: FKCRT ItemRendererMixin common
[17Sept2026 09:32:55.884] [Render thread/INFO] [epxzzysabers/]: FKCRT renderbyitem
[17Sept2026 09:32:55.884] [Render thread/INFO] [epxzzysabers/]: FKCRT PartialItemModelRenderer made for itemstacc 1 epxzzysabers:single_bladed_saber
[17Sept2026 09:32:55.885] [Render thread/INFO] [epxzzysabers/]: FKCRT ItemRendererMixin common
[17Sept2026 09:32:55.885] [Render thread/INFO] [epxzzysabers/]: FKCRT renderbyitem
[17Sept2026 09:32:55.885] [Render thread/INFO] [epxzzysabers/]: FKCRT PartialItemModelRenderer made for itemstacc 1 epxzzysabers:single_bladed_saber
[17Sept2026 09:32:55.888] [Render thread/INFO] [epxzzysabers/]: FKCRT ItemRendererMixin common
[17Sept2026 09:32:55.889] [Render thread/INFO] [epxzzysabers/]: FKCRT renderbyitem
[17Sept2026 09:32:55.889] [Render thread/INFO] [epxzzysabers/]: FKCRT PartialItemModelRenderer made for itemstacc 1 epxzzysabers:single_bladed_saber
[17Sept2026 09:32:55.889] [Render thread/INFO] [epxzzysabers/]: FKCRT ItemRendererMixin common
[17Sept2026 09:32:55.890] [Render thread/INFO] [epxzzysabers/]: FKCRT renderbyitem
[17Sept2026 09:32:55.890] [Render thread/INFO] [epxzzysabers/]: FKCRT PartialItemModelRenderer made for itemstacc 1 epxzzysabers:single_bladed_saber
[17Sept2026 09:32:55.892] [Render thread/INFO] [epxzzysabers/]: FKCRT ItemRendererMixin common
[17Sept2026 09:32:55.893] [Render thread/INFO] [epxzzysabers/]: FKCRT renderbyitem
[17Sept2026 09:32:55.893] [Render thread/INFO] [epxzzysabers/]: FKCRT PartialItemModelRenderer made for itemstacc 1 epxzzysabers:single_bladed_saber
[17Sept2026 09:32:55.893] [Render thread/INFO] [epxzzysabers/]: FKCRT ItemRendererMixin common
[17Sept2026 09:32:55.893] [Render thread/INFO] [epxzzysabers/]: FKCRT renderbyitem
[17Sept2026 09:32:55.893] [Render thread/INFO] [epxzzysabers/]: FKCRT PartialItemModelRenderer made for itemstacc 1 epxzzysabers:single_bladed_saber
[17Sept2026 09:32:55.896] [Render thread/INFO] [epxzzysabers/]: FKCRT ItemRendererMixin common
[17Sept2026 09:32:55.896] [Render thread/INFO] [epxzzysabers/]: FKCRT renderbyitem
[17Sept2026 09:32:55.896] [Render thread/INFO] [epxzzysabers/]: FKCRT PartialItemModelRenderer made for itemstacc 1 epxzzysabers:single_bladed_saber
[17Sept2026 09:32:55.897] [Render thread/INFO] [epxzzysabers/]: FKCRT ItemRendererMixin common
[17Sept2026 09:32:55.897] [Render thread/INFO] [epxzzysabers/]: FKCRT renderbyitem
[17Sept2026 09:32:55.897] [Render thread/INFO] [epxzzysabers/]: FKCRT PartialItemModelRenderer made for itemstacc 1 epxzzysabers:single_bladed_saber
[17Sept2026 09:32:55.899] [Render thread/INFO] [epxzzysabers/]: FKCRT ItemRendererMixin common
[17Sept2026 09:32:55.899] [Render thread/INFO] [epxzzysabers/]: FKCRT renderbyitem
[17Sept2026 09:32:55.900] [Render thread/INFO] [epxzzysabers/]: FKCRT PartialItemModelRenderer made for itemstacc 1 epxzzysabers:single_bladed_saber
[17Sept2026 09:32:55.900] [Render thread/INFO] [epxzzysabers/]: FKCRT ItemRendererMixin common
[17Sept2026 09:32:55.900] [Render thread/INFO] [epxzzysabers/]: FKCRT renderbyitem
[17Sept2026 09:32:55.900] [Render thread/INFO] [epxzzysabers/]: FKCRT PartialItemModelRenderer made for itemstacc 1 epxzzysabers:single_bladed_saber
[17Sept2026 09:32:55.907] [Render thread/INFO] [epxzzysabers/]: FKCRT ItemRendererMixin common
[17Sept2026 09:32:55.907] [Render thread/INFO] [epxzzysabers/]: FKCRT renderbyitem
[17Sept2026 09:32:55.907] [Render thread/INFO] [epxzzysabers/]: FKCRT PartialItemModelRenderer made for itemstacc 1 epxzzysabers:single_bladed_saber
[17Sept2026 09:32:55.908] [Render thread/INFO] [epxzzysabers/]: FKCRT ItemRendererMixin common
[17Sept2026 09:32:55.908] [Render thread/INFO] [epxzzysabers/]: FKCRT renderbyitem
[17Sept2026 09:32:55.908] [Render thread/INFO] [epxzzysabers/]: FKCRT PartialItemModelRenderer made for itemstacc 1 epxzzysabers:single_bladed_saber
[17Sept2026 09:32:55.917] [Render thread/INFO] [epxzzysabers/]: FKCRT ItemRendererMixin common
[17Sept2026 09:32:55.917] [Render thread/INFO] [epxzzysabers/]: FKCRT renderbyitem
[17Sept2026 09:32:55.917] [Render thread/INFO] [epxzzysabers/]: FKCRT PartialItemModelRenderer made for itemstacc 1 epxzzysabers:single_bladed_saber
[17Sept2026 09:32:55.920] [Render thread/INFO] [epxzzysabers/]: FKCRT ItemRendererMixin common
[17Sept2026 09:32:55.920] [Render thread/INFO] [epxzzysabers/]: FKCRT renderbyitem
[17Sept2026 09:32:55.920] [Render thread/INFO] [epxzzysabers/]: FKCRT PartialItemModelRenderer made for itemstacc 1 epxzzysabers:single_bladed_saber
[17Sept2026 09:32:55.929] [Render thread/INFO] [epxzzysabers/]: FKCRT ItemRendererMixin common
[17Sept2026 09:32:55.929] [Render thread/INFO] [epxzzysabers/]: FKCRT renderbyitem
[17Sept2026 09:32:55.932] [Render thread/INFO] [epxzzysabers/]: FKCRT PartialItemModelRenderer made for itemstacc 1 epxzzysabers:single_bladed_saber
[17Sept2026 09:32:55.932] [Render thread/INFO] [epxzzysabers/]: FKCRT ItemRendererMixin common
[17Sept2026 09:32:55.932] [Render thread/INFO] [epxzzysabers/]: FKCRT renderbyitem
[17Sept2026 09:32:55.932] [Render thread/INFO] [epxzzysabers/]: FKCRT PartialItemModelRenderer made for itemstacc 1 epxzzysabers:single_bladed_saber
[17Sept2026 09:32:55.945] [Render thread/INFO] [epxzzysabers/]: FKCRT ItemRendererMixin common
[17Sept2026 09:32:55.946] [Render thread/INFO] [epxzzysabers/]: FKCRT renderbyitem
[17Sept2026 09:32:55.946] [Render thread/INFO] [epxzzysabers/]: FKCRT PartialItemModelRenderer made for itemstacc 1 epxzzysabers:single_bladed_saber
[17Sept2026 09:32:55.947] [Render thread/INFO] [epxzzysabers/]: FKCRT ItemRendererMixin common
[17Sept2026 09:32:55.947] [Render thread/INFO] [epxzzysabers/]: FKCRT renderbyitem
[17Sept2026 09:32:55.947] [Render thread/INFO] [epxzzysabers/]: FKCRT PartialItemModelRenderer made for itemstacc 1 epxzzysabers:single_bladed_saber
[17Sept2026 09:32:55.963] [Render thread/INFO] [epxzzysabers/]: FKCRT ItemRendererMixin common
[17Sept2026 09:32:55.963] [Render thread/INFO] [epxzzysabers/]: FKCRT renderbyitem
[17Sept2026 09:32:55.963] [Render thread/INFO] [epxzzysabers/]: FKCRT PartialItemModelRenderer made for itemstacc 1 epxzzysabers:single_bladed_saber
[17Sept2026 09:32:55.964] [Render thread/INFO] [epxzzysabers/]: FKCRT ItemRendererMixin common
[17Sept2026 09:32:55.964] [Render thread/INFO] [epxzzysabers/]: FKCRT renderbyitem
[17Sept2026 09:32:55.964] [Render thread/INFO] [epxzzysabers/]: FKCRT PartialItemModelRenderer made for itemstacc 1 epxzzysabers:single_bladed_saber
[17Sept2026 09:32:55.972] [Render thread/INFO] [epxzzysabers/]: FKCRT ItemRendererMixin common
[17Sept2026 09:32:55.972] [Render thread/INFO] [epxzzysabers/]: FKCRT renderbyitem
[17Sept2026 09:32:55.972] [Render thread/INFO] [epxzzysabers/]: FKCRT PartialItemModelRenderer made for itemstacc 1 epxzzysabers:single_bladed_saber
[17Sept2026 09:32:55.973] [Render thread/INFO] [epxzzysabers/]: FKCRT ItemRendererMixin common
[17Sept2026 09:32:55.973] [Render thread/INFO] [epxzzysabers/]: FKCRT renderbyitem
[17Sept2026 09:32:55.974] [Render thread/INFO] [epxzzysabers/]: FKCRT PartialItemModelRenderer made for itemstacc 1 epxzzysabers:single_bladed_saber
[17Sept2026 09:32:55.994] [Render thread/INFO] [epxzzysabers/]: FKCRT ItemRendererMixin common
[17Sept2026 09:32:55.995] [Render thread/INFO] [epxzzysabers/]: FKCRT renderbyitem
[17Sept2026 09:32:55.995] [Render thread/INFO] [epxzzysabers/]: FKCRT PartialItemModelRenderer made for itemstacc 1 epxzzysabers:single_bladed_saber
[17Sept2026 09:32:55.996] [Render thread/INFO] [epxzzysabers/]: FKCRT ItemRendererMixin common
[17Sept2026 09:32:55.996] [Render thread/INFO] [epxzzysabers/]: FKCRT renderbyitem
[17Sept2026 09:32:55.997] [Render thread/INFO] [epxzzysabers/]: FKCRT PartialItemModelRenderer made for itemstacc 1 epxzzysabers:single_bladed_saber
[17Sept2026 09:32:56.015] [Render thread/INFO] [epxzzysabers/]: FKCRT ItemRendererMixin common
[17Sept2026 09:32:56.015] [Render thread/INFO] [epxzzysabers/]: FKCRT renderbyitem
[17Sept2026 09:32:56.015] [Render thread/INFO] [epxzzysabers/]: FKCRT PartialItemModelRenderer made for itemstacc 1 epxzzysabers:single_bladed_saber
[17Sept2026 09:32:56.016] [Render thread/INFO] [epxzzysabers/]: FKCRT ItemRendererMixin common
[17Sept2026 09:32:56.016] [Render thread/INFO] [epxzzysabers/]: FKCRT renderbyitem
[17Sept2026 09:32:56.016] [Render thread/INFO] [epxzzysabers/]: FKCRT PartialItemModelRenderer made for itemstacc 1 epxzzysabers:single_bladed_saber
[17Sept2026 09:32:56.043] [Render thread/INFO] [epxzzysabers/]: FKCRT ItemRendererMixin common
[17Sept2026 09:32:56.047] [Render thread/INFO] [epxzzysabers/]: FKCRT renderbyitem
[17Sept2026 09:32:56.047] [Render thread/INFO] [epxzzysabers/]: FKCRT PartialItemModelRenderer made for itemstacc 1 epxzzysabers:single_bladed_saber
[17Sept2026 09:32:56.056] [Render thread/INFO] [epxzzysabers/]: FKCRT ItemRendererMixin common
[17Sept2026 09:32:56.058] [Render thread/INFO] [epxzzysabers/]: FKCRT renderbyitem
[17Sept2026 09:32:56.058] [Render thread/INFO] [epxzzysabers/]: FKCRT PartialItemModelRenderer made for itemstacc 1 epxzzysabers:single_bladed_saber
[17Sept2026 09:32:56.067] [Render thread/INFO] [epxzzysabers/]: FKCRT ItemRendererMixin common
[17Sept2026 09:32:56.067] [Render thread/INFO] [epxzzysabers/]: FKCRT renderbyitem
[17Sept2026 09:32:56.067] [Render thread/INFO] [epxzzysabers/]: FKCRT PartialItemModelRenderer made for itemstacc 1 epxzzysabers:single_bladed_saber
[17Sept2026 09:32:56.070] [Render thread/INFO] [epxzzysabers/]: FKCRT ItemRendererMixin common
[17Sept2026 09:32:56.070] [Render thread/INFO] [epxzzysabers/]: FKCRT renderbyitem
[17Sept2026 09:32:56.070] [Render thread/INFO] [epxzzysabers/]: FKCRT PartialItemModelRenderer made for itemstacc 1 epxzzysabers:single_bladed_saber
[17Sept2026 09:32:56.072] [Render thread/INFO] [epxzzysabers/]: FKCRT ItemRendererMixin common
[17Sept2026 09:32:56.073] [Render thread/INFO] [epxzzysabers/]: FKCRT renderbyitem
[17Sept2026 09:32:56.073] [Render thread/INFO] [epxzzysabers/]: FKCRT PartialItemModelRenderer made for itemstacc 1 epxzzysabers:single_bladed_saber
[17Sept2026 09:32:56.073] [Render thread/INFO] [epxzzysabers/]: FKCRT ItemRendererMixin common
[17Sept2026 09:32:56.073] [Render thread/INFO] [epxzzysabers/]: FKCRT renderbyitem
[17Sept2026 09:32:56.074] [Render thread/INFO] [epxzzysabers/]: FKCRT PartialItemModelRenderer made for itemstacc 1 epxzzysabers:single_bladed_saber
[17Sept2026 09:32:56.078] [Render thread/INFO] [epxzzysabers/]: FKCRT ItemRendererMixin common
[17Sept2026 09:32:56.078] [Render thread/INFO] [epxzzysabers/]: FKCRT renderbyitem
[17Sept2026 09:32:56.078] [Render thread/INFO] [epxzzysabers/]: FKCRT PartialItemModelRenderer made for itemstacc 1 epxzzysabers:single_bladed_saber
[17Sept2026 09:32:56.078] [Render thread/INFO] [epxzzysabers/]: FKCRT ItemRendererMixin common
[17Sept2026 09:32:56.078] [Render thread/INFO] [epxzzysabers/]: FKCRT renderbyitem
[17Sept2026 09:32:56.078] [Render thread/INFO] [epxzzysabers/]: FKCRT PartialItemModelRenderer made for itemstacc 1 epxzzysabers:single_bladed_saber
[17Sept2026 09:32:56.083] [Render thread/INFO] [epxzzysabers/]: FKCRT ItemRendererMixin common
[17Sept2026 09:32:56.084] [Render thread/INFO] [epxzzysabers/]: FKCRT renderbyitem
[17Sept2026 09:32:56.084] [Render thread/INFO] [epxzzysabers/]: FKCRT PartialItemModelRenderer made for itemstacc 1 epxzzysabers:single_bladed_saber
[17Sept2026 09:32:56.085] [Render thread/INFO] [epxzzysabers/]: FKCRT ItemRendererMixin common
[17Sept2026 09:32:56.086] [Render thread/INFO] [epxzzysabers/]: FKCRT renderbyitem
[17Sept2026 09:32:56.086] [Render thread/INFO] [epxzzysabers/]: FKCRT PartialItemModelRenderer made for itemstacc 1 epxzzysabers:single_bladed_saber
[17Sept2026 09:32:56.090] [Render thread/INFO] [epxzzysabers/]: FKCRT ItemRendererMixin common
[17Sept2026 09:32:56.090] [Render thread/INFO] [epxzzysabers/]: FKCRT renderbyitem
[17Sept2026 09:32:56.090] [Render thread/INFO] [epxzzysabers/]: FKCRT PartialItemModelRenderer made for itemstacc 1 epxzzysabers:single_bladed_saber
[17Sept2026 09:32:56.091] [Render thread/INFO] [epxzzysabers/]: FKCRT ItemRendererMixin common
[17Sept2026 09:32:56.091] [Render thread/INFO] [epxzzysabers/]: FKCRT renderbyitem
[17Sept2026 09:32:56.091] [Render thread/INFO] [epxzzysabers/]: FKCRT PartialItemModelRenderer made for itemstacc 1 epxzzysabers:single_bladed_saber
[17Sept2026 09:32:56.093] [Render thread/INFO] [epxzzysabers/]: FKCRT ItemRendererMixin common
[17Sept2026 09:32:56.094] [Render thread/INFO] [epxzzysabers/]: FKCRT renderbyitem
[17Sept2026 09:32:56.094] [Render thread/INFO] [epxzzysabers/]: FKCRT PartialItemModelRenderer made for itemstacc 1 epxzzysabers:single_bladed_saber
[17Sept2026 09:32:56.094] [Render thread/INFO] [epxzzysabers/]: FKCRT ItemRendererMixin common
[17Sept2026 09:32:56.094] [Render thread/INFO] [epxzzysabers/]: FKCRT renderbyitem
[17Sept2026 09:32:56.094] [Render thread/INFO] [epxzzysabers/]: FKCRT PartialItemModelRenderer made for itemstacc 1 epxzzysabers:single_bladed_saber
[17Sept2026 09:32:56.097] [Render thread/INFO] [epxzzysabers/]: FKCRT ItemRendererMixin common
[17Sept2026 09:32:56.097] [Render thread/INFO] [epxzzysabers/]: FKCRT renderbyitem
[17Sept2026 09:32:56.097] [Render thread/INFO] [epxzzysabers/]: FKCRT PartialItemModelRenderer made for itemstacc 1 epxzzysabers:single_bladed_saber
[17Sept2026 09:32:56.098] [Render thread/INFO] [epxzzysabers/]: FKCRT ItemRendererMixin common
[17Sept2026 09:32:56.098] [Render thread/INFO] [epxzzysabers/]: FKCRT renderbyitem
[17Sept2026 09:32:56.098] [Render thread/INFO] [epxzzysabers/]: FKCRT PartialItemModelRenderer made for itemstacc 1 epxzzysabers:single_bladed_saber
[17Sept2026 09:32:56.115] [Render thread/INFO] [epxzzysabers/]: FKCRT ItemRendererMixin common
[17Sept2026 09:32:56.115] [Render thread/INFO] [epxzzysabers/]: FKCRT renderbyitem
[17Sept2026 09:32:56.116] [Render thread/INFO] [epxzzysabers/]: FKCRT PartialItemModelRenderer made for itemstacc 1 epxzzysabers:single_bladed_saber
[17Sept2026 09:32:56.117] [Render thread/INFO] [epxzzysabers/]: FKCRT ItemRendererMixin common
[17Sept2026 09:32:56.117] [Render thread/INFO] [epxzzysabers/]: FKCRT renderbyitem
[17Sept2026 09:32:56.117] [Render thread/INFO] [epxzzysabers/]: FKCRT PartialItemModelRenderer made for itemstacc 1 epxzzysabers:single_bladed_saber
[17Sept2026 09:32:56.123] [Render thread/INFO] [epxzzysabers/]: FKCRT ItemRendererMixin common
[17Sept2026 09:32:56.124] [Render thread/INFO] [epxzzysabers/]: FKCRT renderbyitem
[17Sept2026 09:32:56.124] [Render thread/INFO] [epxzzysabers/]: FKCRT PartialItemModelRenderer made for itemstacc 1 epxzzysabers:single_bladed_saber
[17Sept2026 09:32:56.125] [Render thread/INFO] [epxzzysabers/]: FKCRT ItemRendererMixin common
[17Sept2026 09:32:56.125] [Render thread/INFO] [epxzzysabers/]: FKCRT renderbyitem
[17Sept2026 09:32:56.125] [Render thread/INFO] [epxzzysabers/]: FKCRT PartialItemModelRenderer made for itemstacc 1 epxzzysabers:single_bladed_saber
[17Sept2026 09:32:56.129] [Render thread/INFO] [epxzzysabers/]: FKCRT ItemRendererMixin common
[17Sept2026 09:32:56.129] [Render thread/INFO] [epxzzysabers/]: FKCRT renderbyitem
[17Sept2026 09:32:56.130] [Render thread/INFO] [epxzzysabers/]: FKCRT PartialItemModelRenderer made for itemstacc 1 epxzzysabers:single_bladed_saber
[17Sept2026 09:32:56.131] [Render thread/INFO] [epxzzysabers/]: FKCRT ItemRendererMixin common
[17Sept2026 09:32:56.131] [Render thread/INFO] [epxzzysabers/]: FKCRT renderbyitem
[17Sept2026 09:32:56.131] [Render thread/INFO] [epxzzysabers/]: FKCRT PartialItemModelRenderer made for itemstacc 1 epxzzysabers:single_bladed_saber
[17Sept2026 09:32:56.140] [Render thread/INFO] [epxzzysabers/]: FKCRT ItemRendererMixin common
[17Sept2026 09:32:56.140] [Render thread/INFO] [epxzzysabers/]: FKCRT renderbyitem
[17Sept2026 09:32:56.140] [Render thread/INFO] [epxzzysabers/]: FKCRT PartialItemModelRenderer made for itemstacc 1 epxzzysabers:single_bladed_saber
[17Sept2026 09:32:56.141] [Render thread/INFO] [epxzzysabers/]: FKCRT ItemRendererMixin common
[17Sept2026 09:32:56.141] [Render thread/INFO] [epxzzysabers/]: FKCRT renderbyitem
[17Sept2026 09:32:56.141] [Render thread/INFO] [epxzzysabers/]: FKCRT PartialItemModelRenderer made for itemstacc 1 epxzzysabers:single_bladed_saber
[17Sept2026 09:32:56.146] [Render thread/INFO] [epxzzysabers/]: FKCRT ItemRendererMixin common
[17Sept2026 09:32:56.147] [Render thread/INFO] [epxzzysabers/]: FKCRT renderbyitem
[17Sept2026 09:32:56.147] [Render thread/INFO] [epxzzysabers/]: FKCRT PartialItemModelRenderer made for itemstacc 1 epxzzysabers:single_bladed_saber
[17Sept2026 09:32:56.147] [Render thread/INFO] [epxzzysabers/]: FKCRT ItemRendererMixin common
[17Sept2026 09:32:56.148] [Render thread/INFO] [epxzzysabers/]: FKCRT renderbyitem
[17Sept2026 09:32:56.148] [Render thread/INFO] [epxzzysabers/]: FKCRT PartialItemModelRenderer made for itemstacc 1 epxzzysabers:single_bladed_saber
[17Sept2026 09:32:56.158] [Render thread/INFO] [epxzzysabers/]: FKCRT ItemRendererMixin common
[17Sept2026 09:32:56.158] [Render thread/INFO] [epxzzysabers/]: FKCRT renderbyitem
[17Sept2026 09:32:56.159] [Render thread/INFO] [epxzzysabers/]: FKCRT PartialItemModelRenderer made for itemstacc 1 epxzzysabers:single_bladed_saber
[17Sept2026 09:32:56.159] [Render thread/INFO] [epxzzysabers/]: FKCRT ItemRendererMixin common
[17Sept2026 09:32:56.160] [Render thread/INFO] [epxzzysabers/]: FKCRT renderbyitem
[17Sept2026 09:32:56.161] [Render thread/INFO] [epxzzysabers/]: FKCRT PartialItemModelRenderer made for itemstacc 1 epxzzysabers:single_bladed_saber
[17Sept2026 09:32:56.165] [Render thread/INFO] [epxzzysabers/]: FKCRT ItemRendererMixin common
[17Sept2026 09:32:56.165] [Render thread/INFO] [epxzzysabers/]: FKCRT renderbyitem
[17Sept2026 09:32:56.165] [Render thread/INFO] [epxzzysabers/]: FKCRT PartialItemModelRenderer made for itemstacc 1 epxzzysabers:single_bladed_saber
[17Sept2026 09:32:56.167] [Render thread/INFO] [epxzzysabers/]: FKCRT ItemRendererMixin common
[17Sept2026 09:32:56.168] [Render thread/INFO] [epxzzysabers/]: FKCRT renderbyitem
[17Sept2026 09:32:56.168] [Render thread/INFO] [epxzzysabers/]: FKCRT PartialItemModelRenderer made for itemstacc 1 epxzzysabers:single_bladed_saber
[17Sept2026 09:32:56.177] [Render thread/INFO] [epxzzysabers/]: FKCRT ItemRendererMixin common
[17Sept2026 09:32:56.178] [Render thread/INFO] [epxzzysabers/]: FKCRT renderbyitem
[17Sept2026 09:32:56.178] [Render thread/INFO] [epxzzysabers/]: FKCRT PartialItemModelRenderer made for itemstacc 1 epxzzysabers:single_bladed_saber
[17Sept2026 09:32:56.178] [Render thread/INFO] [epxzzysabers/]: FKCRT ItemRendererMixin common
[17Sept2026 09:32:56.178] [Render thread/INFO] [epxzzysabers/]: FKCRT renderbyitem
[17Sept2026 09:32:56.178] [Render thread/INFO] [epxzzysabers/]: FKCRT PartialItemModelRenderer made for itemstacc 1 epxzzysabers:single_bladed_saber
[17Sept2026 09:32:56.187] [Render thread/INFO] [epxzzysabers/]: FKCRT ItemRendererMixin common
[17Sept2026 09:32:56.188] [Render thread/INFO] [epxzzysabers/]: FKCRT renderbyitem
[17Sept2026 09:32:56.189] [Render thread/INFO] [epxzzysabers/]: FKCRT PartialItemModelRenderer made for itemstacc 1 epxzzysabers:single_bladed_saber
[17Sept2026 09:32:56.190] [Render thread/INFO] [epxzzysabers/]: FKCRT ItemRendererMixin common
[17Sept2026 09:32:56.192] [Render thread/INFO] [epxzzysabers/]: FKCRT renderbyitem
[17Sept2026 09:32:56.192] [Render thread/INFO] [epxzzysabers/]: FKCRT PartialItemModelRenderer made for itemstacc 1 epxzzysabers:single_bladed_saber
[17Sept2026 09:32:56.213] [Render thread/INFO] [epxzzysabers/]: FKCRT ItemRendererMixin common
[17Sept2026 09:32:56.213] [Render thread/INFO] [epxzzysabers/]: FKCRT renderbyitem
[17Sept2026 09:32:56.214] [Render thread/INFO] [epxzzysabers/]: FKCRT PartialItemModelRenderer made for itemstacc 1 epxzzysabers:single_bladed_saber
[17Sept2026 09:32:56.214] [Render thread/INFO] [epxzzysabers/]: FKCRT ItemRendererMixin common
[17Sept2026 09:32:56.214] [Render thread/INFO] [epxzzysabers/]: FKCRT renderbyitem
[17Sept2026 09:32:56.214] [Render thread/INFO] [epxzzysabers/]: FKCRT PartialItemModelRenderer made for itemstacc 1 epxzzysabers:single_bladed_saber
[17Sept2026 09:32:56.219] [Render thread/INFO] [epxzzysabers/]: FKCRT ItemRendererMixin common
[17Sept2026 09:32:56.219] [Render thread/INFO] [epxzzysabers/]: FKCRT renderbyitem
[17Sept2026 09:32:56.220] [Render thread/INFO] [epxzzysabers/]: FKCRT PartialItemModelRenderer made for itemstacc 1 epxzzysabers:single_bladed_saber
[17Sept2026 09:32:56.221] [Render thread/INFO] [epxzzysabers/]: FKCRT ItemRendererMixin common
[17Sept2026 09:32:56.221] [Render thread/INFO] [epxzzysabers/]: FKCRT renderbyitem
[17Sept2026 09:32:56.221] [Render thread/INFO] [epxzzysabers/]: FKCRT PartialItemModelRenderer made for itemstacc 1 epxzzysabers:single_bladed_saber
[17Sept2026 09:32:56.232] [Render thread/INFO] [epxzzysabers/]: FKCRT ItemRendererMixin common
[17Sept2026 09:32:56.232] [Render thread/INFO] [epxzzysabers/]: FKCRT renderbyitem
[17Sept2026 09:32:56.233] [Render thread/INFO] [epxzzysabers/]: FKCRT PartialItemModelRenderer made for itemstacc 1 epxzzysabers:single_bladed_saber
[17Sept2026 09:32:56.234] [Render thread/INFO] [epxzzysabers/]: FKCRT ItemRendererMixin common
[17Sept2026 09:32:56.235] [Render thread/INFO] [epxzzysabers/]: FKCRT renderbyitem
[17Sept2026 09:32:56.236] [Render thread/INFO] [epxzzysabers/]: FKCRT PartialItemModelRenderer made for itemstacc 1 epxzzysabers:single_bladed_saber
[17Sept2026 09:32:56.242] [Render thread/INFO] [epxzzysabers/]: FKCRT ItemRendererMixin common
[17Sept2026 09:32:56.242] [Render thread/INFO] [epxzzysabers/]: FKCRT renderbyitem
[17Sept2026 09:32:56.243] [Render thread/INFO] [epxzzysabers/]: FKCRT PartialItemModelRenderer made for itemstacc 1 epxzzysabers:single_bladed_saber
[17Sept2026 09:32:56.243] [Render thread/INFO] [epxzzysabers/]: FKCRT ItemRendererMixin common
[17Sept2026 09:32:56.243] [Render thread/INFO] [epxzzysabers/]: FKCRT renderbyitem
[17Sept2026 09:32:56.244] [Render thread/INFO] [epxzzysabers/]: FKCRT PartialItemModelRenderer made for itemstacc 1 epxzzysabers:single_bladed_saber
[17Sept2026 09:32:56.247] [Render thread/INFO] [epxzzysabers/]: FKCRT ItemRendererMixin common
[17Sept2026 09:32:56.248] [Render thread/INFO] [epxzzysabers/]: FKCRT renderbyitem
[17Sept2026 09:32:56.248] [Render thread/INFO] [epxzzysabers/]: FKCRT PartialItemModelRenderer made for itemstacc 1 epxzzysabers:single_bladed_saber
[17Sept2026 09:32:56.248] [Render thread/INFO] [epxzzysabers/]: FKCRT ItemRendererMixin common
[17Sept2026 09:32:56.249] [Render thread/INFO] [epxzzysabers/]: FKCRT renderbyitem
[17Sept2026 09:32:56.249] [Render thread/INFO] [epxzzysabers/]: FKCRT PartialItemModelRenderer made for itemstacc 1 epxzzysabers:single_bladed_saber
[17Sept2026 09:32:56.261] [Render thread/INFO] [epxzzysabers/]: FKCRT ItemRendererMixin common
[17Sept2026 09:32:56.262] [Render thread/INFO] [epxzzysabers/]: FKCRT renderbyitem
[17Sept2026 09:32:56.262] [Render thread/INFO] [epxzzysabers/]: FKCRT PartialItemModelRenderer made for itemstacc 1 epxzzysabers:single_bladed_saber
[17Sept2026 09:32:56.262] [Render thread/INFO] [epxzzysabers/]: FKCRT ItemRendererMixin common
[17Sept2026 09:32:56.262] [Render thread/INFO] [epxzzysabers/]: FKCRT renderbyitem
[17Sept2026 09:32:56.262] [Render thread/INFO] [epxzzysabers/]: FKCRT PartialItemModelRenderer made for itemstacc 1 epxzzysabers:single_bladed_saber
[17Sept2026 09:32:56.265] [Render thread/INFO] [epxzzysabers/]: FKCRT ItemRendererMixin common
[17Sept2026 09:32:56.266] [Render thread/INFO] [epxzzysabers/]: FKCRT renderbyitem
[17Sept2026 09:32:56.266] [Render thread/INFO] [epxzzysabers/]: FKCRT PartialItemModelRenderer made for itemstacc 1 epxzzysabers:single_bladed_saber
[17Sept2026 09:32:56.266] [Render thread/INFO] [epxzzysabers/]: FKCRT ItemRendererMixin common
[17Sept2026 09:32:56.266] [Render thread/INFO] [epxzzysabers/]: FKCRT renderbyitem
[17Sept2026 09:32:56.267] [Render thread/INFO] [epxzzysabers/]: FKCRT PartialItemModelRenderer made for itemstacc 1 epxzzysabers:single_bladed_saber
[17Sept2026 09:32:56.271] [Render thread/INFO] [epxzzysabers/]: FKCRT ItemRendererMixin common
[17Sept2026 09:32:56.271] [Render thread/INFO] [epxzzysabers/]: FKCRT renderbyitem
[17Sept2026 09:32:56.271] [Render thread/INFO] [epxzzysabers/]: FKCRT PartialItemModelRenderer made for itemstacc 1 epxzzysabers:single_bladed_saber
[17Sept2026 09:32:56.272] [Render thread/INFO] [epxzzysabers/]: FKCRT ItemRendererMixin common
[17Sept2026 09:32:56.272] [Render thread/INFO] [epxzzysabers/]: FKCRT renderbyitem
[17Sept2026 09:32:56.272] [Render thread/INFO] [epxzzysabers/]: FKCRT PartialItemModelRenderer made for itemstacc 1 epxzzysabers:single_bladed_saber
[17Sept2026 09:32:56.275] [Render thread/INFO] [epxzzysabers/]: FKCRT ItemRendererMixin common
[17Sept2026 09:32:56.275] [Render thread/INFO] [epxzzysabers/]: FKCRT renderbyitem
[17Sept2026 09:32:56.275] [Render thread/INFO] [epxzzysabers/]: FKCRT PartialItemModelRenderer made for itemstacc 1 epxzzysabers:single_bladed_saber
[17Sept2026 09:32:56.275] [Render thread/INFO] [epxzzysabers/]: FKCRT ItemRendererMixin common
[17Sept2026 09:32:56.276] [Render thread/INFO] [epxzzysabers/]: FKCRT renderbyitem
[17Sept2026 09:32:56.276] [Render thread/INFO] [epxzzysabers/]: FKCRT PartialItemModelRenderer made for itemstacc 1 epxzzysabers:single_bladed_saber
[17Sept2026 09:32:56.278] [Render thread/INFO] [epxzzysabers/]: FKCRT ItemRendererMixin common
[17Sept2026 09:32:56.278] [Render thread/INFO] [epxzzysabers/]: FKCRT renderbyitem
[17Sept2026 09:32:56.278] [Render thread/INFO] [epxzzysabers/]: FKCRT PartialItemModelRenderer made for itemstacc 1 epxzzysabers:single_bladed_saber
[17Sept2026 09:32:56.278] [Render thread/INFO] [epxzzysabers/]: FKCRT ItemRendererMixin common
[17Sept2026 09:32:56.278] [Render thread/INFO] [epxzzysabers/]: FKCRT renderbyitem
[17Sept2026 09:32:56.278] [Render thread/INFO] [epxzzysabers/]: FKCRT PartialItemModelRenderer made for itemstacc 1 epxzzysabers:single_bladed_saber
[17Sept2026 09:32:56.282] [Render thread/INFO] [epxzzysabers/]: FKCRT ItemRendererMixin common
[17Sept2026 09:32:56.282] [Render thread/INFO] [epxzzysabers/]: FKCRT renderbyitem
[17Sept2026 09:32:56.282] [Render thread/INFO] [epxzzysabers/]: FKCRT PartialItemModelRenderer made for itemstacc 1 epxzzysabers:single_bladed_saber
[17Sept2026 09:32:56.282] [Render thread/INFO] [epxzzysabers/]: FKCRT ItemRendererMixin common
[17Sept2026 09:32:56.283] [Render thread/INFO] [epxzzysabers/]: FKCRT renderbyitem
[17Sept2026 09:32:56.283] [Render thread/INFO] [epxzzysabers/]: FKCRT PartialItemModelRenderer made for itemstacc 1 epxzzysabers:single_bladed_saber
[17Sept2026 09:32:56.286] [Render thread/INFO] [epxzzysabers/]: FKCRT ItemRendererMixin common
[17Sept2026 09:32:56.286] [Render thread/INFO] [epxzzysabers/]: FKCRT renderbyitem
[17Sept2026 09:32:56.286] [Render thread/INFO] [epxzzysabers/]: FKCRT PartialItemModelRenderer made for itemstacc 1 epxzzysabers:single_bladed_saber
[17Sept2026 09:32:56.287] [Render thread/INFO] [epxzzysabers/]: FKCRT ItemRendererMixin common
[17Sept2026 09:32:56.287] [Render thread/INFO] [epxzzysabers/]: FKCRT renderbyitem
[17Sept2026 09:32:56.287] [Render thread/INFO] [epxzzysabers/]: FKCRT PartialItemModelRenderer made for itemstacc 1 epxzzysabers:single_bladed_saber
[17Sept2026 09:32:56.289] [Render thread/INFO] [epxzzysabers/]: FKCRT ItemRendererMixin common
[17Sept2026 09:32:56.290] [Render thread/INFO] [epxzzysabers/]: FKCRT renderbyitem
[17Sept2026 09:32:56.290] [Render thread/INFO] [epxzzysabers/]: FKCRT PartialItemModelRenderer made for itemstacc 1 epxzzysabers:single_bladed_saber
[17Sept2026 09:32:56.290] [Render thread/INFO] [epxzzysabers/]: FKCRT ItemRendererMixin common
[17Sept2026 09:32:56.290] [Render thread/INFO] [epxzzysabers/]: FKCRT renderbyitem
[17Sept2026 09:32:56.290] [Render thread/INFO] [epxzzysabers/]: FKCRT PartialItemModelRenderer made for itemstacc 1 epxzzysabers:single_bladed_saber
[17Sept2026 09:32:56.294] [Render thread/INFO] [epxzzysabers/]: FKCRT ItemRendererMixin common
[17Sept2026 09:32:56.294] [Render thread/INFO] [epxzzysabers/]: FKCRT renderbyitem
[17Sept2026 09:32:56.294] [Render thread/INFO] [epxzzysabers/]: FKCRT PartialItemModelRenderer made for itemstacc 1 epxzzysabers:single_bladed_saber
[17Sept2026 09:32:56.295] [Render thread/INFO] [epxzzysabers/]: FKCRT ItemRendererMixin common
[17Sept2026 09:32:56.295] [Render thread/INFO] [epxzzysabers/]: FKCRT renderbyitem
[17Sept2026 09:32:56.295] [Render thread/INFO] [epxzzysabers/]: FKCRT PartialItemModelRenderer made for itemstacc 1 epxzzysabers:single_bladed_saber
[17Sept2026 09:32:56.297] [Render thread/INFO] [epxzzysabers/]: FKCRT ItemRendererMixin common
[17Sept2026 09:32:56.297] [Render thread/INFO] [epxzzysabers/]: FKCRT renderbyitem
[17Sept2026 09:32:56.298] [Render thread/INFO] [epxzzysabers/]: FKCRT PartialItemModelRenderer made for itemstacc 1 epxzzysabers:single_bladed_saber
[17Sept2026 09:32:56.298] [Render thread/INFO] [epxzzysabers/]: FKCRT ItemRendererMixin common
[17Sept2026 09:32:56.298] [Render thread/INFO] [epxzzysabers/]: FKCRT renderbyitem
[17Sept2026 09:32:56.298] [Render thread/INFO] [epxzzysabers/]: FKCRT PartialItemModelRenderer made for itemstacc 1 epxzzysabers:single_bladed_saber
[17Sept2026 09:32:56.309] [Render thread/INFO] [epxzzysabers/]: FKCRT ItemRendererMixin common
[17Sept2026 09:32:56.310] [Render thread/INFO] [epxzzysabers/]: FKCRT renderbyitem
[17Sept2026 09:32:56.310] [Render thread/INFO] [epxzzysabers/]: FKCRT PartialItemModelRenderer made for itemstacc 1 epxzzysabers:single_bladed_saber
[17Sept2026 09:32:56.310] [Render thread/INFO] [epxzzysabers/]: FKCRT ItemRendererMixin common
[17Sept2026 09:32:56.310] [Render thread/INFO] [epxzzysabers/]: FKCRT renderbyitem
[17Sept2026 09:32:56.310] [Render thread/INFO] [epxzzysabers/]: FKCRT PartialItemModelRenderer made for itemstacc 1 epxzzysabers:single_bladed_saber
[17Sept2026 09:32:56.314] [Render thread/INFO] [epxzzysabers/]: FKCRT ItemRendererMixin common
[17Sept2026 09:32:56.315] [Render thread/INFO] [epxzzysabers/]: FKCRT renderbyitem
[17Sept2026 09:32:56.315] [Render thread/INFO] [epxzzysabers/]: FKCRT PartialItemModelRenderer made for itemstacc 1 epxzzysabers:single_bladed_saber
[17Sept2026 09:32:56.315] [Render thread/INFO] [epxzzysabers/]: FKCRT ItemRendererMixin common
[17Sept2026 09:32:56.315] [Render thread/INFO] [epxzzysabers/]: FKCRT renderbyitem
[17Sept2026 09:32:56.315] [Render thread/INFO] [epxzzysabers/]: FKCRT PartialItemModelRenderer made for itemstacc 1 epxzzysabers:single_bladed_saber
[17Sept2026 09:32:56.322] [Render thread/INFO] [epxzzysabers/]: FKCRT ItemRendererMixin common
[17Sept2026 09:32:56.322] [Render thread/INFO] [epxzzysabers/]: FKCRT renderbyitem
[17Sept2026 09:32:56.322] [Render thread/INFO] [epxzzysabers/]: FKCRT PartialItemModelRenderer made for itemstacc 1 epxzzysabers:single_bladed_saber
[17Sept2026 09:32:56.322] [Render thread/INFO] [epxzzysabers/]: FKCRT ItemRendererMixin common
[17Sept2026 09:32:56.322] [Render thread/INFO] [epxzzysabers/]: FKCRT renderbyitem
[17Sept2026 09:32:56.322] [Render thread/INFO] [epxzzysabers/]: FKCRT PartialItemModelRenderer made for itemstacc 1 epxzzysabers:single_bladed_saber
[17Sept2026 09:32:56.327] [Render thread/INFO] [epxzzysabers/]: FKCRT ItemRendererMixin common
[17Sept2026 09:32:56.327] [Render thread/INFO] [epxzzysabers/]: FKCRT renderbyitem
[17Sept2026 09:32:56.327] [Render thread/INFO] [epxzzysabers/]: FKCRT PartialItemModelRenderer made for itemstacc 1 epxzzysabers:single_bladed_saber
[17Sept2026 09:32:56.328] [Render thread/INFO] [epxzzysabers/]: FKCRT ItemRendererMixin common
[17Sept2026 09:32:56.328] [Render thread/INFO] [epxzzysabers/]: FKCRT renderbyitem
[17Sept2026 09:32:56.328] [Render thread/INFO] [epxzzysabers/]: FKCRT PartialItemModelRenderer made for itemstacc 1 epxzzysabers:single_bladed_saber
[17Sept2026 09:32:56.332] [Render thread/INFO] [epxzzysabers/]: FKCRT ItemRendererMixin common
[17Sept2026 09:32:56.332] [Render thread/INFO] [epxzzysabers/]: FKCRT renderbyitem
[17Sept2026 09:32:56.334] [Render thread/INFO] [epxzzysabers/]: FKCRT PartialItemModelRenderer made for itemstacc 1 epxzzysabers:single_bladed_saber
[17Sept2026 09:32:56.335] [Render thread/INFO] [epxzzysabers/]: FKCRT ItemRendererMixin common
[17Sept2026 09:32:56.335] [Render thread/INFO] [epxzzysabers/]: FKCRT renderbyitem
[17Sept2026 09:32:56.335] [Render thread/INFO] [epxzzysabers/]: FKCRT PartialItemModelRenderer made for itemstacc 1 epxzzysabers:single_bladed_saber
[17Sept2026 09:32:56.344] [Render thread/INFO] [epxzzysabers/]: FKCRT ItemRendererMixin common
[17Sept2026 09:32:56.344] [Render thread/INFO] [epxzzysabers/]: FKCRT renderbyitem
[17Sept2026 09:32:56.344] [Render thread/INFO] [epxzzysabers/]: FKCRT PartialItemModelRenderer made for itemstacc 1 epxzzysabers:single_bladed_saber
[17Sept2026 09:32:56.345] [Render thread/INFO] [epxzzysabers/]: FKCRT ItemRendererMixin common
[17Sept2026 09:32:56.345] [Render thread/INFO] [epxzzysabers/]: FKCRT renderbyitem
[17Sept2026 09:32:56.345] [Render thread/INFO] [epxzzysabers/]: FKCRT PartialItemModelRenderer made for itemstacc 1 epxzzysabers:single_bladed_saber
[17Sept2026 09:32:56.348] [Render thread/INFO] [epxzzysabers/]: FKCRT ItemRendererMixin common
[17Sept2026 09:32:56.348] [Render thread/INFO] [epxzzysabers/]: FKCRT renderbyitem
[17Sept2026 09:32:56.348] [Render thread/INFO] [epxzzysabers/]: FKCRT PartialItemModelRenderer made for itemstacc 1 epxzzysabers:single_bladed_saber
[17Sept2026 09:32:56.349] [Render thread/INFO] [epxzzysabers/]: FKCRT ItemRendererMixin common
[17Sept2026 09:32:56.349] [Render thread/INFO] [epxzzysabers/]: FKCRT renderbyitem
[17Sept2026 09:32:56.349] [Render thread/INFO] [epxzzysabers/]: FKCRT PartialItemModelRenderer made for itemstacc 1 epxzzysabers:single_bladed_saber
[17Sept2026 09:32:56.357] [Render thread/INFO] [epxzzysabers/]: FKCRT ItemRendererMixin common
[17Sept2026 09:32:56.357] [Render thread/INFO] [epxzzysabers/]: FKCRT renderbyitem
[17Sept2026 09:32:56.357] [Render thread/INFO] [epxzzysabers/]: FKCRT PartialItemModelRenderer made for itemstacc 1 epxzzysabers:single_bladed_saber
[17Sept2026 09:32:56.357] [Render thread/INFO] [epxzzysabers/]: FKCRT ItemRendererMixin common
[17Sept2026 09:32:56.357] [Render thread/INFO] [epxzzysabers/]: FKCRT renderbyitem
[17Sept2026 09:32:56.357] [Render thread/INFO] [epxzzysabers/]: FKCRT PartialItemModelRenderer made for itemstacc 1 epxzzysabers:single_bladed_saber
[17Sept2026 09:32:56.360] [Render thread/INFO] [epxzzysabers/]: FKCRT ItemRendererMixin common
[17Sept2026 09:32:56.360] [Render thread/INFO] [epxzzysabers/]: FKCRT renderbyitem
[17Sept2026 09:32:56.360] [Render thread/INFO] [epxzzysabers/]: FKCRT PartialItemModelRenderer made for itemstacc 1 epxzzysabers:single_bladed_saber
[17Sept2026 09:32:56.361] [Render thread/INFO] [epxzzysabers/]: FKCRT ItemRendererMixin common
[17Sept2026 09:32:56.361] [Render thread/INFO] [epxzzysabers/]: FKCRT renderbyitem
[17Sept2026 09:32:56.361] [Render thread/INFO] [epxzzysabers/]: FKCRT PartialItemModelRenderer made for itemstacc 1 epxzzysabers:single_bladed_saber
[17Sept2026 09:32:56.364] [Render thread/INFO] [epxzzysabers/]: FKCRT ItemRendererMixin common
[17Sept2026 09:32:56.364] [Render thread/INFO] [epxzzysabers/]: FKCRT renderbyitem
[17Sept2026 09:32:56.364] [Render thread/INFO] [epxzzysabers/]: FKCRT PartialItemModelRenderer made for itemstacc 1 epxzzysabers:single_bladed_saber
[17Sept2026 09:32:56.365] [Render thread/INFO] [epxzzysabers/]: FKCRT ItemRendererMixin common
[17Sept2026 09:32:56.365] [Render thread/INFO] [epxzzysabers/]: FKCRT renderbyitem
[17Sept2026 09:32:56.365] [Render thread/INFO] [epxzzysabers/]: FKCRT PartialItemModelRenderer made for itemstacc 1 epxzzysabers:single_bladed_saber
[17Sept2026 09:32:56.370] [Render thread/INFO] [epxzzysabers/]: FKCRT ItemRendererMixin common
[17Sept2026 09:32:56.370] [Render thread/INFO] [epxzzysabers/]: FKCRT renderbyitem
[17Sept2026 09:32:56.370] [Render thread/INFO] [epxzzysabers/]: FKCRT PartialItemModelRenderer made for itemstacc 1 epxzzysabers:single_bladed_saber
[17Sept2026 09:32:56.371] [Render thread/INFO] [epxzzysabers/]: FKCRT ItemRendererMixin common
[17Sept2026 09:32:56.371] [Render thread/INFO] [epxzzysabers/]: FKCRT renderbyitem
[17Sept2026 09:32:56.371] [Render thread/INFO] [epxzzysabers/]: FKCRT PartialItemModelRenderer made for itemstacc 1 epxzzysabers:single_bladed_saber
[17Sept2026 09:32:56.375] [Render thread/INFO] [epxzzysabers/]: FKCRT ItemRendererMixin common
[17Sept2026 09:32:56.375] [Render thread/INFO] [epxzzysabers/]: FKCRT renderbyitem
[17Sept2026 09:32:56.375] [Render thread/INFO] [epxzzysabers/]: FKCRT PartialItemModelRenderer made for itemstacc 1 epxzzysabers:single_bladed_saber
[17Sept2026 09:32:56.376] [Render thread/INFO] [epxzzysabers/]: FKCRT ItemRendererMixin common
[17Sept2026 09:32:56.376] [Render thread/INFO] [epxzzysabers/]: FKCRT renderbyitem
[17Sept2026 09:32:56.376] [Render thread/INFO] [epxzzysabers/]: FKCRT PartialItemModelRenderer made for itemstacc 1 epxzzysabers:single_bladed_saber
[17Sept2026 09:32:56.380] [Render thread/INFO] [epxzzysabers/]: FKCRT ItemRendererMixin common
[17Sept2026 09:32:56.380] [Render thread/INFO] [epxzzysabers/]: FKCRT renderbyitem
[17Sept2026 09:32:56.380] [Render thread/INFO] [epxzzysabers/]: FKCRT PartialItemModelRenderer made for itemstacc 1 epxzzysabers:single_bladed_saber
[17Sept2026 09:32:56.381] [Render thread/INFO] [epxzzysabers/]: FKCRT ItemRendererMixin common
[17Sept2026 09:32:56.381] [Render thread/INFO] [epxzzysabers/]: FKCRT renderbyitem
[17Sept2026 09:32:56.381] [Render thread/INFO] [epxzzysabers/]: FKCRT PartialItemModelRenderer made for itemstacc 1 epxzzysabers:single_bladed_saber
[17Sept2026 09:32:56.386] [Render thread/INFO] [epxzzysabers/]: FKCRT ItemRendererMixin common
[17Sept2026 09:32:56.387] [Render thread/INFO] [epxzzysabers/]: FKCRT renderbyitem
[17Sept2026 09:32:56.387] [Render thread/INFO] [epxzzysabers/]: FKCRT PartialItemModelRenderer made for itemstacc 1 epxzzysabers:single_bladed_saber
[17Sept2026 09:32:56.388] [Render thread/INFO] [epxzzysabers/]: FKCRT ItemRendererMixin common
[17Sept2026 09:32:56.389] [Render thread/INFO] [epxzzysabers/]: FKCRT renderbyitem
[17Sept2026 09:32:56.389] [Render thread/INFO] [epxzzysabers/]: FKCRT PartialItemModelRenderer made for itemstacc 1 epxzzysabers:single_bladed_saber
[17Sept2026 09:32:56.393] [Render thread/INFO] [epxzzysabers/]: FKCRT ItemRendererMixin common
[17Sept2026 09:32:56.393] [Render thread/INFO] [epxzzysabers/]: FKCRT renderbyitem
[17Sept2026 09:32:56.393] [Render thread/INFO] [epxzzysabers/]: FKCRT PartialItemModelRenderer made for itemstacc 1 epxzzysabers:single_bladed_saber
[17Sept2026 09:32:56.394] [Render thread/INFO] [epxzzysabers/]: FKCRT ItemRendererMixin common
[17Sept2026 09:32:56.394] [Render thread/INFO] [epxzzysabers/]: FKCRT renderbyitem
[17Sept2026 09:32:56.394] [Render thread/INFO] [epxzzysabers/]: FKCRT PartialItemModelRenderer made for itemstacc 1 epxzzysabers:single_bladed_saber
[17Sept2026 09:32:56.396] [Render thread/INFO] [epxzzysabers/]: FKCRT ItemRendererMixin common
[17Sept2026 09:32:56.397] [Render thread/INFO] [epxzzysabers/]: FKCRT renderbyitem
[17Sept2026 09:32:56.397] [Render thread/INFO] [epxzzysabers/]: FKCRT PartialItemModelRenderer made for itemstacc 1 epxzzysabers:single_bladed_saber
[17Sept2026 09:32:56.397] [Render thread/INFO] [epxzzysabers/]: FKCRT ItemRendererMixin common
[17Sept2026 09:32:56.397] [Render thread/INFO] [epxzzysabers/]: FKCRT renderbyitem
[17Sept2026 09:32:56.397] [Render thread/INFO] [epxzzysabers/]: FKCRT PartialItemModelRenderer made for itemstacc 1 epxzzysabers:single_bladed_saber
[17Sept2026 09:32:56.406] [Render thread/INFO] [epxzzysabers/]: FKCRT ItemRendererMixin common
[17Sept2026 09:32:56.406] [Render thread/INFO] [epxzzysabers/]: FKCRT renderbyitem
[17Sept2026 09:32:56.406] [Render thread/INFO] [epxzzysabers/]: FKCRT PartialItemModelRenderer made for itemstacc 1 epxzzysabers:single_bladed_saber
[17Sept2026 09:32:56.407] [Render thread/INFO] [epxzzysabers/]: FKCRT ItemRendererMixin common
[17Sept2026 09:32:56.407] [Render thread/INFO] [epxzzysabers/]: FKCRT renderbyitem
[17Sept2026 09:32:56.408] [Render thread/INFO] [epxzzysabers/]: FKCRT PartialItemModelRenderer made for itemstacc 1 epxzzysabers:single_bladed_saber
[17Sept2026 09:32:56.416] [Render thread/INFO] [epxzzysabers/]: FKCRT ItemRendererMixin common
[17Sept2026 09:32:56.416] [Render thread/INFO] [epxzzysabers/]: FKCRT renderbyitem
[17Sept2026 09:32:56.416] [Render thread/INFO] [epxzzysabers/]: FKCRT PartialItemModelRenderer made for itemstacc 1 epxzzysabers:single_bladed_saber
[17Sept2026 09:32:56.419] [Render thread/INFO] [epxzzysabers/]: FKCRT ItemRendererMixin common
[17Sept2026 09:32:56.419] [Render thread/INFO] [epxzzysabers/]: FKCRT renderbyitem
[17Sept2026 09:32:56.419] [Render thread/INFO] [epxzzysabers/]: FKCRT PartialItemModelRenderer made for itemstacc 1 epxzzysabers:single_bladed_saber
[17Sept2026 09:32:56.426] [Render thread/INFO] [epxzzysabers/]: FKCRT ItemRendererMixin common
[17Sept2026 09:32:56.426] [Render thread/INFO] [epxzzysabers/]: FKCRT renderbyitem
[17Sept2026 09:32:56.426] [Render thread/INFO] [epxzzysabers/]: FKCRT PartialItemModelRenderer made for itemstacc 1 epxzzysabers:single_bladed_saber
[17Sept2026 09:32:56.427] [Render thread/INFO] [epxzzysabers/]: FKCRT ItemRendererMixin common
[17Sept2026 09:32:56.427] [Render thread/INFO] [epxzzysabers/]: FKCRT renderbyitem
[17Sept2026 09:32:56.427] [Render thread/INFO] [epxzzysabers/]: FKCRT PartialItemModelRenderer made for itemstacc 1 epxzzysabers:single_bladed_saber
[17Sept2026 09:32:56.430] [Render thread/INFO] [epxzzysabers/]: FKCRT ItemRendererMixin common
[17Sept2026 09:32:56.432] [Render thread/INFO] [epxzzysabers/]: FKCRT renderbyitem
[17Sept2026 09:32:56.432] [Render thread/INFO] [epxzzysabers/]: FKCRT PartialItemModelRenderer made for itemstacc 1 epxzzysabers:single_bladed_saber
[17Sept2026 09:32:56.435] [Render thread/INFO] [epxzzysabers/]: FKCRT ItemRendererMixin common
[17Sept2026 09:32:56.436] [Render thread/INFO] [epxzzysabers/]: FKCRT renderbyitem
[17Sept2026 09:32:56.436] [Render thread/INFO] [epxzzysabers/]: FKCRT PartialItemModelRenderer made for itemstacc 1 epxzzysabers:single_bladed_saber
[17Sept2026 09:32:56.445] [Render thread/INFO] [epxzzysabers/]: FKCRT ItemRendererMixin common
[17Sept2026 09:32:56.446] [Render thread/INFO] [epxzzysabers/]: FKCRT renderbyitem
[17Sept2026 09:32:56.446] [Render thread/INFO] [epxzzysabers/]: FKCRT PartialItemModelRenderer made for itemstacc 1 epxzzysabers:single_bladed_saber
[17Sept2026 09:32:56.446] [Render thread/INFO] [epxzzysabers/]: FKCRT ItemRendererMixin common
[17Sept2026 09:32:56.446] [Render thread/INFO] [epxzzysabers/]: FKCRT renderbyitem
[17Sept2026 09:32:56.446] [Render thread/INFO] [epxzzysabers/]: FKCRT PartialItemModelRenderer made for itemstacc 1 epxzzysabers:single_bladed_saber
[17Sept2026 09:32:56.458] [Render thread/INFO] [epxzzysabers/]: FKCRT ItemRendererMixin common
[17Sept2026 09:32:56.458] [Render thread/INFO] [epxzzysabers/]: FKCRT renderbyitem
[17Sept2026 09:32:56.458] [Render thread/INFO] [epxzzysabers/]: FKCRT PartialItemModelRenderer made for itemstacc 1 epxzzysabers:single_bladed_saber
[17Sept2026 09:32:56.459] [Render thread/INFO] [epxzzysabers/]: FKCRT ItemRendererMixin common
[17Sept2026 09:32:56.459] [Render thread/INFO] [epxzzysabers/]: FKCRT renderbyitem
[17Sept2026 09:32:56.459] [Render thread/INFO] [epxzzysabers/]: FKCRT PartialItemModelRenderer made for itemstacc 1 epxzzysabers:single_bladed_saber
[17Sept2026 09:32:56.462] [Render thread/INFO] [epxzzysabers/]: FKCRT ItemRendererMixin common
[17Sept2026 09:32:56.463] [Render thread/INFO] [epxzzysabers/]: FKCRT renderbyitem
[17Sept2026 09:32:56.465] [Render thread/INFO] [epxzzysabers/]: FKCRT PartialItemModelRenderer made for itemstacc 1 epxzzysabers:single_bladed_saber
[17Sept2026 09:32:56.466] [Render thread/INFO] [epxzzysabers/]: FKCRT ItemRendererMixin common
[17Sept2026 09:32:56.466] [Render thread/INFO] [epxzzysabers/]: FKCRT renderbyitem
[17Sept2026 09:32:56.466] [Render thread/INFO] [epxzzysabers/]: FKCRT PartialItemModelRenderer made for itemstacc 1 epxzzysabers:single_bladed_saber
[17Sept2026 09:32:56.474] [Render thread/INFO] [epxzzysabers/]: FKCRT ItemRendererMixin common
[17Sept2026 09:32:56.475] [Render thread/INFO] [epxzzysabers/]: FKCRT renderbyitem
[17Sept2026 09:32:56.475] [Render thread/INFO] [epxzzysabers/]: FKCRT PartialItemModelRenderer made for itemstacc 1 epxzzysabers:single_bladed_saber
[17Sept2026 09:32:56.476] [Render thread/INFO] [epxzzysabers/]: FKCRT ItemRendererMixin common
[17Sept2026 09:32:56.476] [Render thread/INFO] [epxzzysabers/]: FKCRT renderbyitem
[17Sept2026 09:32:56.476] [Render thread/INFO] [epxzzysabers/]: FKCRT PartialItemModelRenderer made for itemstacc 1 epxzzysabers:single_bladed_saber
[17Sept2026 09:32:56.480] [Render thread/INFO] [epxzzysabers/]: FKCRT ItemRendererMixin common
[17Sept2026 09:32:56.481] [Render thread/INFO] [epxzzysabers/]: FKCRT renderbyitem
[17Sept2026 09:32:56.481] [Render thread/INFO] [epxzzysabers/]: FKCRT PartialItemModelRenderer made for itemstacc 1 epxzzysabers:single_bladed_saber
[17Sept2026 09:32:56.482] [Render thread/INFO] [epxzzysabers/]: FKCRT ItemRendererMixin common
[17Sept2026 09:32:56.483] [Render thread/INFO] [epxzzysabers/]: FKCRT renderbyitem
[17Sept2026 09:32:56.483] [Render thread/INFO] [epxzzysabers/]: FKCRT PartialItemModelRenderer made for itemstacc 1 epxzzysabers:single_bladed_saber
[17Sept2026 09:32:56.495] [Render thread/INFO] [epxzzysabers/]: FKCRT ItemRendererMixin common
[17Sept2026 09:32:56.496] [Render thread/INFO] [epxzzysabers/]: FKCRT renderbyitem
[17Sept2026 09:32:56.496] [Render thread/INFO] [epxzzysabers/]: FKCRT PartialItemModelRenderer made for itemstacc 1 epxzzysabers:single_bladed_saber
[17Sept2026 09:32:56.498] [Render thread/INFO] [epxzzysabers/]: FKCRT ItemRendererMixin common
[17Sept2026 09:32:56.498] [Render thread/INFO] [epxzzysabers/]: FKCRT renderbyitem
[17Sept2026 09:32:56.498] [Render thread/INFO] [epxzzysabers/]: FKCRT PartialItemModelRenderer made for itemstacc 1 epxzzysabers:single_bladed_saber
[17Sept2026 09:32:56.508] [Render thread/INFO] [epxzzysabers/]: FKCRT ItemRendererMixin common
[17Sept2026 09:32:56.508] [Render thread/INFO] [epxzzysabers/]: FKCRT renderbyitem
[17Sept2026 09:32:56.508] [Render thread/INFO] [epxzzysabers/]: FKCRT PartialItemModelRenderer made for itemstacc 1 epxzzysabers:single_bladed_saber
[17Sept2026 09:32:56.509] [Render thread/INFO] [epxzzysabers/]: FKCRT ItemRendererMixin common
[17Sept2026 09:32:56.509] [Render thread/INFO] [epxzzysabers/]: FKCRT renderbyitem
[17Sept2026 09:32:56.509] [Render thread/INFO] [epxzzysabers/]: FKCRT PartialItemModelRenderer made for itemstacc 1 epxzzysabers:single_bladed_saber
[17Sept2026 09:32:56.516] [Render thread/INFO] [epxzzysabers/]: FKCRT ItemRendererMixin common
[17Sept2026 09:32:56.516] [Render thread/INFO] [epxzzysabers/]: FKCRT renderbyitem
[17Sept2026 09:32:56.516] [Render thread/INFO] [epxzzysabers/]: FKCRT PartialItemModelRenderer made for itemstacc 1 epxzzysabers:single_bladed_saber
[17Sept2026 09:32:56.517] [Render thread/INFO] [epxzzysabers/]: FKCRT ItemRendererMixin common
[17Sept2026 09:32:56.518] [Render thread/INFO] [epxzzysabers/]: FKCRT renderbyitem
[17Sept2026 09:32:56.518] [Render thread/INFO] [epxzzysabers/]: FKCRT PartialItemModelRenderer made for itemstacc 1 epxzzysabers:single_bladed_saber
[17Sept2026 09:32:56.522] [Render thread/INFO] [epxzzysabers/]: FKCRT ItemRendererMixin common
[17Sept2026 09:32:56.523] [Render thread/INFO] [epxzzysabers/]: FKCRT renderbyitem
[17Sept2026 09:32:56.523] [Render thread/INFO] [epxzzysabers/]: FKCRT PartialItemModelRenderer made for itemstacc 1 epxzzysabers:single_bladed_saber
[17Sept2026 09:32:56.524] [Render thread/INFO] [epxzzysabers/]: FKCRT ItemRendererMixin common
[17Sept2026 09:32:56.524] [Render thread/INFO] [epxzzysabers/]: FKCRT renderbyitem
[17Sept2026 09:32:56.524] [Render thread/INFO] [epxzzysabers/]: FKCRT PartialItemModelRenderer made for itemstacc 1 epxzzysabers:single_bladed_saber
[17Sept2026 09:32:56.528] [Render thread/INFO] [epxzzysabers/]: FKCRT ItemRendererMixin common
[17Sept2026 09:32:56.528] [Render thread/INFO] [epxzzysabers/]: FKCRT renderbyitem
[17Sept2026 09:32:56.529] [Render thread/INFO] [epxzzysabers/]: FKCRT PartialItemModelRenderer made for itemstacc 1 epxzzysabers:single_bladed_saber
[17Sept2026 09:32:56.529] [Render thread/INFO] [epxzzysabers/]: FKCRT ItemRendererMixin common
[17Sept2026 09:32:56.530] [Render thread/INFO] [epxzzysabers/]: FKCRT renderbyitem
[17Sept2026 09:32:56.530] [Render thread/INFO] [epxzzysabers/]: FKCRT PartialItemModelRenderer made for itemstacc 1 epxzzysabers:single_bladed_saber
[17Sept2026 09:32:56.535] [Render thread/INFO] [epxzzysabers/]: FKCRT ItemRendererMixin common
[17Sept2026 09:32:56.538] [Render thread/INFO] [epxzzysabers/]: FKCRT renderbyitem
[17Sept2026 09:32:56.539] [Render thread/INFO] [epxzzysabers/]: FKCRT PartialItemModelRenderer made for itemstacc 1 epxzzysabers:single_bladed_saber
[17Sept2026 09:32:56.540] [Render thread/INFO] [epxzzysabers/]: FKCRT ItemRendererMixin common
[17Sept2026 09:32:56.540] [Render thread/INFO] [epxzzysabers/]: FKCRT renderbyitem
[17Sept2026 09:32:56.540] [Render thread/INFO] [epxzzysabers/]: FKCRT PartialItemModelRenderer made for itemstacc 1 epxzzysabers:single_bladed_saber
[17Sept2026 09:32:56.543] [Render thread/INFO] [epxzzysabers/]: FKCRT ItemRendererMixin common
[17Sept2026 09:32:56.544] [Render thread/INFO] [epxzzysabers/]: FKCRT renderbyitem
[17Sept2026 09:32:56.544] [Render thread/INFO] [epxzzysabers/]: FKCRT PartialItemModelRenderer made for itemstacc 1 epxzzysabers:single_bladed_saber
[17Sept2026 09:32:56.545] [Render thread/INFO] [epxzzysabers/]: FKCRT ItemRendererMixin common
[17Sept2026 09:32:56.545] [Render thread/INFO] [epxzzysabers/]: FKCRT renderbyitem
[17Sept2026 09:32:56.545] [Render thread/INFO] [epxzzysabers/]: FKCRT PartialItemModelRenderer made for itemstacc 1 epxzzysabers:single_bladed_saber
[17Sept2026 09:32:56.550] [Render thread/INFO] [epxzzysabers/]: FKCRT ItemRendererMixin common
[17Sept2026 09:32:56.550] [Render thread/INFO] [epxzzysabers/]: FKCRT renderbyitem
[17Sept2026 09:32:56.550] [Render thread/INFO] [epxzzysabers/]: FKCRT PartialItemModelRenderer made for itemstacc 1 epxzzysabers:single_bladed_saber
[17Sept2026 09:32:56.551] [Render thread/INFO] [epxzzysabers/]: FKCRT ItemRendererMixin common
[17Sept2026 09:32:56.551] [Render thread/INFO] [epxzzysabers/]: FKCRT renderbyitem
[17Sept2026 09:32:56.551] [Render thread/INFO] [epxzzysabers/]: FKCRT PartialItemModelRenderer made for itemstacc 1 epxzzysabers:single_bladed_saber
[17Sept2026 09:32:56.563] [Render thread/INFO] [epxzzysabers/]: FKCRT ItemRendererMixin common
[17Sept2026 09:32:56.563] [Render thread/INFO] [epxzzysabers/]: FKCRT renderbyitem
[17Sept2026 09:32:56.563] [Render thread/INFO] [epxzzysabers/]: FKCRT PartialItemModelRenderer made for itemstacc 1 epxzzysabers:single_bladed_saber
[17Sept2026 09:32:56.565] [Render thread/INFO] [epxzzysabers/]: FKCRT ItemRendererMixin common
[17Sept2026 09:32:56.566] [Render thread/INFO] [epxzzysabers/]: FKCRT renderbyitem
[17Sept2026 09:32:56.566] [Render thread/INFO] [epxzzysabers/]: FKCRT PartialItemModelRenderer made for itemstacc 1 epxzzysabers:single_bladed_saber
[17Sept2026 09:32:56.570] [Render thread/INFO] [epxzzysabers/]: FKCRT ItemRendererMixin common
[17Sept2026 09:32:56.571] [Render thread/INFO] [epxzzysabers/]: FKCRT renderbyitem
[17Sept2026 09:32:56.571] [Render thread/INFO] [epxzzysabers/]: FKCRT PartialItemModelRenderer made for itemstacc 1 epxzzysabers:single_bladed_saber
[17Sept2026 09:32:56.572] [Render thread/INFO] [epxzzysabers/]: FKCRT ItemRendererMixin common
[17Sept2026 09:32:56.573] [Render thread/INFO] [epxzzysabers/]: FKCRT renderbyitem
[17Sept2026 09:32:56.573] [Render thread/INFO] [epxzzysabers/]: FKCRT PartialItemModelRenderer made for itemstacc 1 epxzzysabers:single_bladed_saber
[17Sept2026 09:32:56.578] [Render thread/INFO] [epxzzysabers/]: FKCRT ItemRendererMixin common
[17Sept2026 09:32:56.578] [Render thread/INFO] [epxzzysabers/]: FKCRT renderbyitem
[17Sept2026 09:32:56.578] [Render thread/INFO] [epxzzysabers/]: FKCRT PartialItemModelRenderer made for itemstacc 1 epxzzysabers:single_bladed_saber
[17Sept2026 09:32:56.579] [Render thread/INFO] [epxzzysabers/]: FKCRT ItemRendererMixin common
[17Sept2026 09:32:56.579] [Render thread/INFO] [epxzzysabers/]: FKCRT renderbyitem
[17Sept2026 09:32:56.579] [Render thread/INFO] [epxzzysabers/]: FKCRT PartialItemModelRenderer made for itemstacc 1 epxzzysabers:single_bladed_saber
[17Sept2026 09:32:56.583] [Render thread/INFO] [epxzzysabers/]: FKCRT ItemRendererMixin common
[17Sept2026 09:32:56.584] [Render thread/INFO] [epxzzysabers/]: FKCRT renderbyitem
[17Sept2026 09:32:56.584] [Render thread/INFO] [epxzzysabers/]: FKCRT PartialItemModelRenderer made for itemstacc 1 epxzzysabers:single_bladed_saber
[17Sept2026 09:32:56.585] [Render thread/INFO] [epxzzysabers/]: FKCRT ItemRendererMixin common
[17Sept2026 09:32:56.585] [Render thread/INFO] [epxzzysabers/]: FKCRT renderbyitem
[17Sept2026 09:32:56.585] [Render thread/INFO] [epxzzysabers/]: FKCRT PartialItemModelRenderer made for itemstacc 1 epxzzysabers:single_bladed_saber
[17Sept2026 09:32:56.589] [Render thread/INFO] [epxzzysabers/]: FKCRT ItemRendererMixin common
[17Sept2026 09:32:56.589] [Render thread/INFO] [epxzzysabers/]: FKCRT renderbyitem
[17Sept2026 09:32:56.589] [Render thread/INFO] [epxzzysabers/]: FKCRT PartialItemModelRenderer made for itemstacc 1 epxzzysabers:single_bladed_saber
[17Sept2026 09:32:56.590] [Render thread/INFO] [epxzzysabers/]: FKCRT ItemRendererMixin common
[17Sept2026 09:32:56.590] [Render thread/INFO] [epxzzysabers/]: FKCRT renderbyitem
[17Sept2026 09:32:56.590] [Render thread/INFO] [epxzzysabers/]: FKCRT PartialItemModelRenderer made for itemstacc 1 epxzzysabers:single_bladed_saber
[17Sept2026 09:32:56.594] [Render thread/INFO] [epxzzysabers/]: FKCRT ItemRendererMixin common
[17Sept2026 09:32:56.594] [Render thread/INFO] [epxzzysabers/]: FKCRT renderbyitem
[17Sept2026 09:32:56.595] [Render thread/INFO] [epxzzysabers/]: FKCRT PartialItemModelRenderer made for itemstacc 1 epxzzysabers:single_bladed_saber
[17Sept2026 09:32:56.595] [Render thread/INFO] [epxzzysabers/]: FKCRT ItemRendererMixin common
[17Sept2026 09:32:56.595] [Render thread/INFO] [epxzzysabers/]: FKCRT renderbyitem
[17Sept2026 09:32:56.595] [Render thread/INFO] [epxzzysabers/]: FKCRT PartialItemModelRenderer made for itemstacc 1 epxzzysabers:single_bladed_saber
[17Sept2026 09:32:56.600] [Render thread/INFO] [epxzzysabers/]: FKCRT ItemRendererMixin common
[17Sept2026 09:32:56.600] [Render thread/INFO] [epxzzysabers/]: FKCRT renderbyitem
[17Sept2026 09:32:56.600] [Render thread/INFO] [epxzzysabers/]: FKCRT PartialItemModelRenderer made for itemstacc 1 epxzzysabers:single_bladed_saber
[17Sept2026 09:32:56.600] [Render thread/INFO] [epxzzysabers/]: FKCRT ItemRendererMixin common
[17Sept2026 09:32:56.600] [Render thread/INFO] [epxzzysabers/]: FKCRT renderbyitem
[17Sept2026 09:32:56.600] [Render thread/INFO] [epxzzysabers/]: FKCRT PartialItemModelRenderer made for itemstacc 1 epxzzysabers:single_bladed_saber
[17Sept2026 09:32:56.609] [Render thread/INFO] [epxzzysabers/]: FKCRT ItemRendererMixin common
[17Sept2026 09:32:56.609] [Render thread/INFO] [epxzzysabers/]: FKCRT renderbyitem
[17Sept2026 09:32:56.610] [Render thread/INFO] [epxzzysabers/]: FKCRT PartialItemModelRenderer made for itemstacc 1 epxzzysabers:single_bladed_saber
[17Sept2026 09:32:56.610] [Render thread/INFO] [epxzzysabers/]: FKCRT ItemRendererMixin common
[17Sept2026 09:32:56.610] [Render thread/INFO] [epxzzysabers/]: FKCRT renderbyitem
[17Sept2026 09:32:56.610] [Render thread/INFO] [epxzzysabers/]: FKCRT PartialItemModelRenderer made for itemstacc 1 epxzzysabers:single_bladed_saber
[17Sept2026 09:32:56.614] [Render thread/INFO] [epxzzysabers/]: FKCRT ItemRendererMixin common
[17Sept2026 09:32:56.615] [Render thread/INFO] [epxzzysabers/]: FKCRT renderbyitem
[17Sept2026 09:32:56.615] [Render thread/INFO] [epxzzysabers/]: FKCRT PartialItemModelRenderer made for itemstacc 1 epxzzysabers:single_bladed_saber
[17Sept2026 09:32:56.616] [Render thread/INFO] [epxzzysabers/]: FKCRT ItemRendererMixin common
[17Sept2026 09:32:56.616] [Render thread/INFO] [epxzzysabers/]: FKCRT renderbyitem
[17Sept2026 09:32:56.616] [Render thread/INFO] [epxzzysabers/]: FKCRT PartialItemModelRenderer made for itemstacc 1 epxzzysabers:single_bladed_saber
[17Sept2026 09:32:56.619] [Render thread/INFO] [epxzzysabers/]: FKCRT ItemRendererMixin common
[17Sept2026 09:32:56.619] [Render thread/INFO] [epxzzysabers/]: FKCRT renderbyitem
[17Sept2026 09:32:56.620] [Render thread/INFO] [epxzzysabers/]: FKCRT PartialItemModelRenderer made for itemstacc 1 epxzzysabers:single_bladed_saber
[17Sept2026 09:32:56.620] [Render thread/INFO] [epxzzysabers/]: FKCRT ItemRendererMixin common
[17Sept2026 09:32:56.620] [Render thread/INFO] [epxzzysabers/]: FKCRT renderbyitem
[17Sept2026 09:32:56.620] [Render thread/INFO] [epxzzysabers/]: FKCRT PartialItemModelRenderer made for itemstacc 1 epxzzysabers:single_bladed_saber
[17Sept2026 09:32:56.624] [Render thread/INFO] [epxzzysabers/]: FKCRT ItemRendererMixin common
[17Sept2026 09:32:56.624] [Render thread/INFO] [epxzzysabers/]: FKCRT renderbyitem
[17Sept2026 09:32:56.624] [Render thread/INFO] [epxzzysabers/]: FKCRT PartialItemModelRenderer made for itemstacc 1 epxzzysabers:single_bladed_saber
[17Sept2026 09:32:56.625] [Render thread/INFO] [epxzzysabers/]: FKCRT ItemRendererMixin common
[17Sept2026 09:32:56.625] [Render thread/INFO] [epxzzysabers/]: FKCRT renderbyitem
[17Sept2026 09:32:56.626] [Render thread/INFO] [epxzzysabers/]: FKCRT PartialItemModelRenderer made for itemstacc 1 epxzzysabers:single_bladed_saber
[17Sept2026 09:32:56.630] [Render thread/INFO] [epxzzysabers/]: FKCRT ItemRendererMixin common
[17Sept2026 09:32:56.630] [Render thread/INFO] [epxzzysabers/]: FKCRT renderbyitem
[17Sept2026 09:32:56.630] [Render thread/INFO] [epxzzysabers/]: FKCRT PartialItemModelRenderer made for itemstacc 1 epxzzysabers:single_bladed_saber
[17Sept2026 09:32:56.631] [Render thread/INFO] [epxzzysabers/]: FKCRT ItemRendererMixin common
[17Sept2026 09:32:56.631] [Render thread/INFO] [epxzzysabers/]: FKCRT renderbyitem
[17Sept2026 09:32:56.631] [Render thread/INFO] [epxzzysabers/]: FKCRT PartialItemModelRenderer made for itemstacc 1 epxzzysabers:single_bladed_saber
[17Sept2026 09:32:56.636] [Render thread/INFO] [epxzzysabers/]: FKCRT ItemRendererMixin common
[17Sept2026 09:32:56.637] [Render thread/INFO] [epxzzysabers/]: FKCRT renderbyitem
[17Sept2026 09:32:56.637] [Render thread/INFO] [epxzzysabers/]: FKCRT PartialItemModelRenderer made for itemstacc 1 epxzzysabers:single_bladed_saber
[17Sept2026 09:32:56.638] [Render thread/INFO] [epxzzysabers/]: FKCRT ItemRendererMixin common
[17Sept2026 09:32:56.638] [Render thread/INFO] [epxzzysabers/]: FKCRT renderbyitem
[17Sept2026 09:32:56.638] [Render thread/INFO] [epxzzysabers/]: FKCRT PartialItemModelRenderer made for itemstacc 1 epxzzysabers:single_bladed_saber
[17Sept2026 09:32:56.645] [Render thread/INFO] [epxzzysabers/]: FKCRT ItemRendererMixin common
[17Sept2026 09:32:56.645] [Render thread/INFO] [epxzzysabers/]: FKCRT renderbyitem
[17Sept2026 09:32:56.645] [Render thread/INFO] [epxzzysabers/]: FKCRT PartialItemModelRenderer made for itemstacc 1 epxzzysabers:single_bladed_saber
[17Sept2026 09:32:56.647] [Render thread/INFO] [epxzzysabers/]: FKCRT ItemRendererMixin common
[17Sept2026 09:32:56.647] [Render thread/INFO] [epxzzysabers/]: FKCRT renderbyitem
[17Sept2026 09:32:56.647] [Render thread/INFO] [epxzzysabers/]: FKCRT PartialItemModelRenderer made for itemstacc 1 epxzzysabers:single_bladed_saber
[17Sept2026 09:32:56.677] [Render thread/INFO] [epxzzysabers/]: FKCRT ItemRendererMixin common
[17Sept2026 09:32:56.677] [Render thread/INFO] [epxzzysabers/]: FKCRT renderbyitem
[17Sept2026 09:32:56.677] [Render thread/INFO] [epxzzysabers/]: FKCRT PartialItemModelRenderer made for itemstacc 1 epxzzysabers:single_bladed_saber
[17Sept2026 09:32:56.677] [Render thread/INFO] [epxzzysabers/]: FKCRT ItemRendererMixin common
[17Sept2026 09:32:56.678] [Render thread/INFO] [epxzzysabers/]: FKCRT renderbyitem
[17Sept2026 09:32:56.680] [Render thread/INFO] [epxzzysabers/]: FKCRT PartialItemModelRenderer made for itemstacc 1 epxzzysabers:single_bladed_saber
[17Sept2026 09:32:56.699] [Render thread/INFO] [epxzzysabers/]: FKCRT ItemRendererMixin common
[17Sept2026 09:32:56.699] [Render thread/INFO] [epxzzysabers/]: FKCRT renderbyitem
[17Sept2026 09:32:56.699] [Render thread/INFO] [epxzzysabers/]: FKCRT PartialItemModelRenderer made for itemstacc 1 epxzzysabers:single_bladed_saber
[17Sept2026 09:32:56.700] [Render thread/INFO] [epxzzysabers/]: FKCRT ItemRendererMixin common
[17Sept2026 09:32:56.700] [Render thread/INFO] [epxzzysabers/]: FKCRT renderbyitem
[17Sept2026 09:32:56.700] [Render thread/INFO] [epxzzysabers/]: FKCRT PartialItemModelRenderer made for itemstacc 1 epxzzysabers:single_bladed_saber
[17Sept2026 09:32:56.723] [Render thread/INFO] [epxzzysabers/]: FKCRT ItemRendererMixin common
[17Sept2026 09:32:56.723] [Render thread/INFO] [epxzzysabers/]: FKCRT renderbyitem
[17Sept2026 09:32:56.723] [Render thread/INFO] [epxzzysabers/]: FKCRT PartialItemModelRenderer made for itemstacc 1 epxzzysabers:single_bladed_saber
[17Sept2026 09:32:56.724] [Render thread/INFO] [epxzzysabers/]: FKCRT ItemRendererMixin common
[17Sept2026 09:32:56.725] [Render thread/INFO] [epxzzysabers/]: FKCRT renderbyitem
[17Sept2026 09:32:56.725] [Render thread/INFO] [epxzzysabers/]: FKCRT PartialItemModelRenderer made for itemstacc 1 epxzzysabers:single_bladed_saber
[17Sept2026 09:32:56.729] [Render thread/INFO] [epxzzysabers/]: FKCRT ItemRendererMixin common
[17Sept2026 09:32:56.729] [Render thread/INFO] [epxzzysabers/]: FKCRT renderbyitem
[17Sept2026 09:32:56.729] [Render thread/INFO] [epxzzysabers/]: FKCRT PartialItemModelRenderer made for itemstacc 1 epxzzysabers:single_bladed_saber
[17Sept2026 09:32:56.732] [Render thread/INFO] [epxzzysabers/]: FKCRT ItemRendererMixin common
[17Sept2026 09:32:56.734] [Render thread/INFO] [epxzzysabers/]: FKCRT renderbyitem
[17Sept2026 09:32:56.735] [Render thread/INFO] [epxzzysabers/]: FKCRT PartialItemModelRenderer made for itemstacc 1 epxzzysabers:single_bladed_saber
[17Sept2026 09:32:56.739] [Render thread/INFO] [epxzzysabers/]: FKCRT ItemRendererMixin common
[17Sept2026 09:32:56.741] [Render thread/INFO] [epxzzysabers/]: FKCRT renderbyitem
[17Sept2026 09:32:56.742] [Render thread/INFO] [epxzzysabers/]: FKCRT PartialItemModelRenderer made for itemstacc 1 epxzzysabers:single_bladed_saber
[17Sept2026 09:32:56.743] [Render thread/INFO] [epxzzysabers/]: FKCRT ItemRendererMixin common
[17Sept2026 09:32:56.743] [Render thread/INFO] [epxzzysabers/]: FKCRT renderbyitem
[17Sept2026 09:32:56.743] [Render thread/INFO] [epxzzysabers/]: FKCRT PartialItemModelRenderer made for itemstacc 1 epxzzysabers:single_bladed_saber
[17Sept2026 09:32:56.745] [Render thread/INFO] [epxzzysabers/]: FKCRT ItemRendererMixin common
[17Sept2026 09:32:56.746] [Render thread/INFO] [epxzzysabers/]: FKCRT renderbyitem
[17Sept2026 09:32:56.746] [Render thread/INFO] [epxzzysabers/]: FKCRT PartialItemModelRenderer made for itemstacc 1 epxzzysabers:single_bladed_saber
[17Sept2026 09:32:56.746] [Render thread/INFO] [epxzzysabers/]: FKCRT ItemRendererMixin common
[17Sept2026 09:32:56.746] [Render thread/INFO] [epxzzysabers/]: FKCRT renderbyitem
[17Sept2026 09:32:56.746] [Render thread/INFO] [epxzzysabers/]: FKCRT PartialItemModelRenderer made for itemstacc 1 epxzzysabers:single_bladed_saber
[17Sept2026 09:32:56.749] [Render thread/INFO] [epxzzysabers/]: FKCRT ItemRendererMixin common
[17Sept2026 09:32:56.749] [Render thread/INFO] [epxzzysabers/]: FKCRT renderbyitem
[17Sept2026 09:32:56.749] [Render thread/INFO] [epxzzysabers/]: FKCRT PartialItemModelRenderer made for itemstacc 1 epxzzysabers:single_bladed_saber
[17Sept2026 09:32:56.749] [Render thread/INFO] [epxzzysabers/]: FKCRT ItemRendererMixin common
[17Sept2026 09:32:56.750] [Render thread/INFO] [epxzzysabers/]: FKCRT renderbyitem
[17Sept2026 09:32:56.750] [Render thread/INFO] [epxzzysabers/]: FKCRT PartialItemModelRenderer made for itemstacc 1 epxzzysabers:single_bladed_saber
[17Sept2026 09:32:56.757] [Render thread/INFO] [epxzzysabers/]: FKCRT ItemRendererMixin common
[17Sept2026 09:32:56.757] [Render thread/INFO] [epxzzysabers/]: FKCRT renderbyitem
[17Sept2026 09:32:56.757] [Render thread/INFO] [epxzzysabers/]: FKCRT PartialItemModelRenderer made for itemstacc 1 epxzzysabers:single_bladed_saber
[17Sept2026 09:32:56.757] [Render thread/INFO] [epxzzysabers/]: FKCRT ItemRendererMixin common
[17Sept2026 09:32:56.757] [Render thread/INFO] [epxzzysabers/]: FKCRT renderbyitem
[17Sept2026 09:32:56.757] [Render thread/INFO] [epxzzysabers/]: FKCRT PartialItemModelRenderer made for itemstacc 1 epxzzysabers:single_bladed_saber
[17Sept2026 09:32:56.760] [Render thread/INFO] [epxzzysabers/]: FKCRT ItemRendererMixin common
[17Sept2026 09:32:56.760] [Render thread/INFO] [epxzzysabers/]: FKCRT renderbyitem
[17Sept2026 09:32:56.760] [Render thread/INFO] [epxzzysabers/]: FKCRT PartialItemModelRenderer made for itemstacc 1 epxzzysabers:single_bladed_saber
[17Sept2026 09:32:56.760] [Render thread/INFO] [epxzzysabers/]: FKCRT ItemRendererMixin common
[17Sept2026 09:32:56.760] [Render thread/INFO] [epxzzysabers/]: FKCRT renderbyitem
[17Sept2026 09:32:56.760] [Render thread/INFO] [epxzzysabers/]: FKCRT PartialItemModelRenderer made for itemstacc 1 epxzzysabers:single_bladed_saber
[17Sept2026 09:32:56.762] [Render thread/INFO] [epxzzysabers/]: FKCRT ItemRendererMixin common
[17Sept2026 09:32:56.763] [Render thread/INFO] [epxzzysabers/]: FKCRT renderbyitem
[17Sept2026 09:32:56.763] [Render thread/INFO] [epxzzysabers/]: FKCRT PartialItemModelRenderer made for itemstacc 1 epxzzysabers:single_bladed_saber
[17Sept2026 09:32:56.763] [Render thread/INFO] [epxzzysabers/]: FKCRT ItemRendererMixin common
[17Sept2026 09:32:56.764] [Render thread/INFO] [epxzzysabers/]: FKCRT renderbyitem
[17Sept2026 09:32:56.764] [Render thread/INFO] [epxzzysabers/]: FKCRT PartialItemModelRenderer made for itemstacc 1 epxzzysabers:single_bladed_saber
[17Sept2026 09:32:56.766] [Render thread/INFO] [epxzzysabers/]: FKCRT ItemRendererMixin common
[17Sept2026 09:32:56.766] [Render thread/INFO] [epxzzysabers/]: FKCRT renderbyitem
[17Sept2026 09:32:56.766] [Render thread/INFO] [epxzzysabers/]: FKCRT PartialItemModelRenderer made for itemstacc 1 epxzzysabers:single_bladed_saber
[17Sept2026 09:32:56.767] [Render thread/INFO] [epxzzysabers/]: FKCRT ItemRendererMixin common
[17Sept2026 09:32:56.767] [Render thread/INFO] [epxzzysabers/]: FKCRT renderbyitem
[17Sept2026 09:32:56.767] [Render thread/INFO] [epxzzysabers/]: FKCRT PartialItemModelRenderer made for itemstacc 1 epxzzysabers:single_bladed_saber
[17Sept2026 09:32:56.769] [Render thread/INFO] [epxzzysabers/]: FKCRT ItemRendererMixin common
[17Sept2026 09:32:56.769] [Render thread/INFO] [epxzzysabers/]: FKCRT renderbyitem
[17Sept2026 09:32:56.769] [Render thread/INFO] [epxzzysabers/]: FKCRT PartialItemModelRenderer made for itemstacc 1 epxzzysabers:single_bladed_saber
[17Sept2026 09:32:56.770] [Render thread/INFO] [epxzzysabers/]: FKCRT ItemRendererMixin common
[17Sept2026 09:32:56.770] [Render thread/INFO] [epxzzysabers/]: FKCRT renderbyitem
[17Sept2026 09:32:56.770] [Render thread/INFO] [epxzzysabers/]: FKCRT PartialItemModelRenderer made for itemstacc 1 epxzzysabers:single_bladed_saber
[17Sept2026 09:32:56.772] [Render thread/INFO] [epxzzysabers/]: FKCRT ItemRendererMixin common
[17Sept2026 09:32:56.772] [Render thread/INFO] [epxzzysabers/]: FKCRT renderbyitem
[17Sept2026 09:32:56.772] [Render thread/INFO] [epxzzysabers/]: FKCRT PartialItemModelRenderer made for itemstacc 1 epxzzysabers:single_bladed_saber
[17Sept2026 09:32:56.772] [Render thread/INFO] [epxzzysabers/]: FKCRT ItemRendererMixin common
[17Sept2026 09:32:56.773] [Render thread/INFO] [epxzzysabers/]: FKCRT renderbyitem
[17Sept2026 09:32:56.773] [Render thread/INFO] [epxzzysabers/]: FKCRT PartialItemModelRenderer made for itemstacc 1 epxzzysabers:single_bladed_saber
[17Sept2026 09:32:56.774] [Render thread/INFO] [epxzzysabers/]: FKCRT ItemRendererMixin common
[17Sept2026 09:32:56.775] [Render thread/INFO] [epxzzysabers/]: FKCRT renderbyitem
[17Sept2026 09:32:56.775] [Render thread/INFO] [epxzzysabers/]: FKCRT PartialItemModelRenderer made for itemstacc 1 epxzzysabers:single_bladed_saber
[17Sept2026 09:32:56.775] [Render thread/INFO] [epxzzysabers/]: FKCRT ItemRendererMixin common
[17Sept2026 09:32:56.775] [Render thread/INFO] [epxzzysabers/]: FKCRT renderbyitem
[17Sept2026 09:32:56.775] [Render thread/INFO] [epxzzysabers/]: FKCRT PartialItemModelRenderer made for itemstacc 1 epxzzysabers:single_bladed_saber
[17Sept2026 09:32:56.778] [Render thread/INFO] [epxzzysabers/]: FKCRT ItemRendererMixin common
[17Sept2026 09:32:56.778] [Render thread/INFO] [epxzzysabers/]: FKCRT renderbyitem
[17Sept2026 09:32:56.778] [Render thread/INFO] [epxzzysabers/]: FKCRT PartialItemModelRenderer made for itemstacc 1 epxzzysabers:single_bladed_saber
[17Sept2026 09:32:56.778] [Render thread/INFO] [epxzzysabers/]: FKCRT ItemRendererMixin common
[17Sept2026 09:32:56.778] [Render thread/INFO] [epxzzysabers/]: FKCRT renderbyitem
[17Sept2026 09:32:56.778] [Render thread/INFO] [epxzzysabers/]: FKCRT PartialItemModelRenderer made for itemstacc 1 epxzzysabers:single_bladed_saber
[17Sept2026 09:32:56.781] [Render thread/INFO] [epxzzysabers/]: FKCRT ItemRendererMixin common
[17Sept2026 09:32:56.782] [Render thread/INFO] [epxzzysabers/]: FKCRT renderbyitem
[17Sept2026 09:32:56.782] [Render thread/INFO] [epxzzysabers/]: FKCRT PartialItemModelRenderer made for itemstacc 1 epxzzysabers:single_bladed_saber
[17Sept2026 09:32:56.782] [Render thread/INFO] [epxzzysabers/]: FKCRT ItemRendererMixin common
[17Sept2026 09:32:56.782] [Render thread/INFO] [epxzzysabers/]: FKCRT renderbyitem
[17Sept2026 09:32:56.782] [Render thread/INFO] [epxzzysabers/]: FKCRT PartialItemModelRenderer made for itemstacc 1 epxzzysabers:single_bladed_saber
[17Sept2026 09:32:56.784] [Render thread/INFO] [epxzzysabers/]: FKCRT ItemRendererMixin common
[17Sept2026 09:32:56.785] [Render thread/INFO] [epxzzysabers/]: FKCRT renderbyitem
[17Sept2026 09:32:56.785] [Render thread/INFO] [epxzzysabers/]: FKCRT PartialItemModelRenderer made for itemstacc 1 epxzzysabers:single_bladed_saber
[17Sept2026 09:32:56.786] [Render thread/INFO] [epxzzysabers/]: FKCRT ItemRendererMixin common
[17Sept2026 09:32:56.786] [Render thread/INFO] [epxzzysabers/]: FKCRT renderbyitem
[17Sept2026 09:32:56.786] [Render thread/INFO] [epxzzysabers/]: FKCRT PartialItemModelRenderer made for itemstacc 1 epxzzysabers:single_bladed_saber
[17Sept2026 09:32:56.788] [Render thread/INFO] [epxzzysabers/]: FKCRT ItemRendererMixin common
[17Sept2026 09:32:56.789] [Render thread/INFO] [epxzzysabers/]: FKCRT renderbyitem
[17Sept2026 09:32:56.789] [Render thread/INFO] [epxzzysabers/]: FKCRT PartialItemModelRenderer made for itemstacc 1 epxzzysabers:single_bladed_saber
[17Sept2026 09:32:56.789] [Render thread/INFO] [epxzzysabers/]: FKCRT ItemRendererMixin common
[17Sept2026 09:32:56.789] [Render thread/INFO] [epxzzysabers/]: FKCRT renderbyitem
[17Sept2026 09:32:56.789] [Render thread/INFO] [epxzzysabers/]: FKCRT PartialItemModelRenderer made for itemstacc 1 epxzzysabers:single_bladed_saber
[17Sept2026 09:32:56.791] [Render thread/INFO] [epxzzysabers/]: FKCRT ItemRendererMixin common
[17Sept2026 09:32:56.791] [Render thread/INFO] [epxzzysabers/]: FKCRT renderbyitem
[17Sept2026 09:32:56.791] [Render thread/INFO] [epxzzysabers/]: FKCRT PartialItemModelRenderer made for itemstacc 1 epxzzysabers:single_bladed_saber
[17Sept2026 09:32:56.791] [Render thread/INFO] [epxzzysabers/]: FKCRT ItemRendererMixin common
[17Sept2026 09:32:56.791] [Render thread/INFO] [epxzzysabers/]: FKCRT renderbyitem
[17Sept2026 09:32:56.791] [Render thread/INFO] [epxzzysabers/]: FKCRT PartialItemModelRenderer made for itemstacc 1 epxzzysabers:single_bladed_saber
[17Sept2026 09:32:56.793] [Render thread/INFO] [epxzzysabers/]: FKCRT ItemRendererMixin common
[17Sept2026 09:32:56.793] [Render thread/INFO] [epxzzysabers/]: FKCRT renderbyitem
[17Sept2026 09:32:56.793] [Render thread/INFO] [epxzzysabers/]: FKCRT PartialItemModelRenderer made for itemstacc 1 epxzzysabers:single_bladed_saber
[17Sept2026 09:32:56.794] [Render thread/INFO] [epxzzysabers/]: FKCRT ItemRendererMixin common
[17Sept2026 09:32:56.794] [Render thread/INFO] [epxzzysabers/]: FKCRT renderbyitem
[17Sept2026 09:32:56.794] [Render thread/INFO] [epxzzysabers/]: FKCRT PartialItemModelRenderer made for itemstacc 1 epxzzysabers:single_bladed_saber
[17Sept2026 09:32:56.796] [Render thread/INFO] [epxzzysabers/]: FKCRT ItemRendererMixin common
[17Sept2026 09:32:56.796] [Render thread/INFO] [epxzzysabers/]: FKCRT renderbyitem
[17Sept2026 09:32:56.796] [Render thread/INFO] [epxzzysabers/]: FKCRT PartialItemModelRenderer made for itemstacc 1 epxzzysabers:single_bladed_saber
[17Sept2026 09:32:56.796] [Render thread/INFO] [epxzzysabers/]: FKCRT ItemRendererMixin common
[17Sept2026 09:32:56.796] [Render thread/INFO] [epxzzysabers/]: FKCRT renderbyitem
[17Sept2026 09:32:56.796] [Render thread/INFO] [epxzzysabers/]: FKCRT PartialItemModelRenderer made for itemstacc 1 epxzzysabers:single_bladed_saber
[17Sept2026 09:32:56.799] [Render thread/INFO] [epxzzysabers/]: FKCRT ItemRendererMixin common
[17Sept2026 09:32:56.799] [Render thread/INFO] [epxzzysabers/]: FKCRT renderbyitem
[17Sept2026 09:32:56.799] [Render thread/INFO] [epxzzysabers/]: FKCRT PartialItemModelRenderer made for itemstacc 1 epxzzysabers:single_bladed_saber
[17Sept2026 09:32:56.799] [Render thread/INFO] [epxzzysabers/]: FKCRT ItemRendererMixin common
[17Sept2026 09:32:56.799] [Render thread/INFO] [epxzzysabers/]: FKCRT renderbyitem
[17Sept2026 09:32:56.799] [Render thread/INFO] [epxzzysabers/]: FKCRT PartialItemModelRenderer made for itemstacc 1 epxzzysabers:single_bladed_saber
[17Sept2026 09:32:56.805] [Render thread/INFO] [epxzzysabers/]: FKCRT ItemRendererMixin common
[17Sept2026 09:32:56.805] [Render thread/INFO] [epxzzysabers/]: FKCRT renderbyitem
[17Sept2026 09:32:56.805] [Render thread/INFO] [epxzzysabers/]: FKCRT PartialItemModelRenderer made for itemstacc 1 epxzzysabers:single_bladed_saber
[17Sept2026 09:32:56.806] [Render thread/INFO] [epxzzysabers/]: FKCRT ItemRendererMixin common
[17Sept2026 09:32:56.806] [Render thread/INFO] [epxzzysabers/]: FKCRT renderbyitem
[17Sept2026 09:32:56.806] [Render thread/INFO] [epxzzysabers/]: FKCRT PartialItemModelRenderer made for itemstacc 1 epxzzysabers:single_bladed_saber
[17Sept2026 09:32:56.810] [Render thread/INFO] [epxzzysabers/]: FKCRT ItemRendererMixin common
[17Sept2026 09:32:56.810] [Render thread/INFO] [epxzzysabers/]: FKCRT renderbyitem
[17Sept2026 09:32:56.810] [Render thread/INFO] [epxzzysabers/]: FKCRT PartialItemModelRenderer made for itemstacc 1 epxzzysabers:single_bladed_saber
[17Sept2026 09:32:56.811] [Render thread/INFO] [epxzzysabers/]: FKCRT ItemRendererMixin common
[17Sept2026 09:32:56.811] [Render thread/INFO] [epxzzysabers/]: FKCRT renderbyitem
[17Sept2026 09:32:56.811] [Render thread/INFO] [epxzzysabers/]: FKCRT PartialItemModelRenderer made for itemstacc 1 epxzzysabers:single_bladed_saber
[17Sept2026 09:32:56.815] [Render thread/INFO] [epxzzysabers/]: FKCRT ItemRendererMixin common
[17Sept2026 09:32:56.815] [Render thread/INFO] [epxzzysabers/]: FKCRT renderbyitem
[17Sept2026 09:32:56.815] [Render thread/INFO] [epxzzysabers/]: FKCRT PartialItemModelRenderer made for itemstacc 1 epxzzysabers:single_bladed_saber
[17Sept2026 09:32:56.816] [Render thread/INFO] [epxzzysabers/]: FKCRT ItemRendererMixin common
[17Sept2026 09:32:56.816] [Render thread/INFO] [epxzzysabers/]: FKCRT renderbyitem
[17Sept2026 09:32:56.816] [Render thread/INFO] [epxzzysabers/]: FKCRT PartialItemModelRenderer made for itemstacc 1 epxzzysabers:single_bladed_saber
[17Sept2026 09:32:56.820] [Render thread/INFO] [epxzzysabers/]: FKCRT ItemRendererMixin common
[17Sept2026 09:32:56.820] [Render thread/INFO] [epxzzysabers/]: FKCRT renderbyitem
[17Sept2026 09:32:56.821] [Render thread/INFO] [epxzzysabers/]: FKCRT PartialItemModelRenderer made for itemstacc 1 epxzzysabers:single_bladed_saber
[17Sept2026 09:32:56.821] [Render thread/INFO] [epxzzysabers/]: FKCRT ItemRendererMixin common
[17Sept2026 09:32:56.822] [Render thread/INFO] [epxzzysabers/]: FKCRT renderbyitem
[17Sept2026 09:32:56.822] [Render thread/INFO] [epxzzysabers/]: FKCRT PartialItemModelRenderer made for itemstacc 1 epxzzysabers:single_bladed_saber
[17Sept2026 09:32:56.825] [Render thread/INFO] [epxzzysabers/]: FKCRT ItemRendererMixin common
[17Sept2026 09:32:56.825] [Render thread/INFO] [epxzzysabers/]: FKCRT renderbyitem
[17Sept2026 09:32:56.825] [Render thread/INFO] [epxzzysabers/]: FKCRT PartialItemModelRenderer made for itemstacc 1 epxzzysabers:single_bladed_saber
[17Sept2026 09:32:56.826] [Render thread/INFO] [epxzzysabers/]: FKCRT ItemRendererMixin common
[17Sept2026 09:32:56.826] [Render thread/INFO] [epxzzysabers/]: FKCRT renderbyitem
[17Sept2026 09:32:56.826] [Render thread/INFO] [epxzzysabers/]: FKCRT PartialItemModelRenderer made for itemstacc 1 epxzzysabers:single_bladed_saber
[17Sept2026 09:32:56.829] [Render thread/INFO] [epxzzysabers/]: FKCRT ItemRendererMixin common
[17Sept2026 09:32:56.830] [Render thread/INFO] [epxzzysabers/]: FKCRT renderbyitem
[17Sept2026 09:32:56.830] [Render thread/INFO] [epxzzysabers/]: FKCRT PartialItemModelRenderer made for itemstacc 1 epxzzysabers:single_bladed_saber
[17Sept2026 09:32:56.830] [Render thread/INFO] [epxzzysabers/]: FKCRT ItemRendererMixin common
[17Sept2026 09:32:56.830] [Render thread/INFO] [epxzzysabers/]: FKCRT renderbyitem
[17Sept2026 09:32:56.830] [Render thread/INFO] [epxzzysabers/]: FKCRT PartialItemModelRenderer made for itemstacc 1 epxzzysabers:single_bladed_saber
[17Sept2026 09:32:56.833] [Render thread/INFO] [epxzzysabers/]: FKCRT ItemRendererMixin common
[17Sept2026 09:32:56.833] [Render thread/INFO] [epxzzysabers/]: FKCRT renderbyitem
[17Sept2026 09:32:56.833] [Render thread/INFO] [epxzzysabers/]: FKCRT PartialItemModelRenderer made for itemstacc 1 epxzzysabers:single_bladed_saber
[17Sept2026 09:32:56.834] [Render thread/INFO] [epxzzysabers/]: FKCRT ItemRendererMixin common
[17Sept2026 09:32:56.834] [Render thread/INFO] [epxzzysabers/]: FKCRT renderbyitem
[17Sept2026 09:32:56.835] [Render thread/INFO] [epxzzysabers/]: FKCRT PartialItemModelRenderer made for itemstacc 1 epxzzysabers:single_bladed_saber
[17Sept2026 09:32:56.842] [Render thread/INFO] [epxzzysabers/]: FKCRT ItemRendererMixin common
[17Sept2026 09:32:56.842] [Render thread/INFO] [epxzzysabers/]: FKCRT renderbyitem
[17Sept2026 09:32:56.842] [Render thread/INFO] [epxzzysabers/]: FKCRT PartialItemModelRenderer made for itemstacc 1 epxzzysabers:single_bladed_saber
[17Sept2026 09:32:56.843] [Render thread/INFO] [epxzzysabers/]: FKCRT ItemRendererMixin common
[17Sept2026 09:32:56.843] [Render thread/INFO] [epxzzysabers/]: FKCRT renderbyitem
[17Sept2026 09:32:56.843] [Render thread/INFO] [epxzzysabers/]: FKCRT PartialItemModelRenderer made for itemstacc 1 epxzzysabers:single_bladed_saber
[17Sept2026 09:32:56.847] [Render thread/INFO] [epxzzysabers/]: FKCRT ItemRendererMixin common
[17Sept2026 09:32:56.848] [Render thread/INFO] [epxzzysabers/]: FKCRT renderbyitem
[17Sept2026 09:32:56.848] [Render thread/INFO] [epxzzysabers/]: FKCRT PartialItemModelRenderer made for itemstacc 1 epxzzysabers:single_bladed_saber
[17Sept2026 09:32:56.849] [Render thread/INFO] [epxzzysabers/]: FKCRT ItemRendererMixin common
[17Sept2026 09:32:56.850] [Render thread/INFO] [epxzzysabers/]: FKCRT renderbyitem
[17Sept2026 09:32:56.850] [Render thread/INFO] [epxzzysabers/]: FKCRT PartialItemModelRenderer made for itemstacc 1 epxzzysabers:single_bladed_saber
[17Sept2026 09:32:56.859] [Render thread/INFO] [epxzzysabers/]: FKCRT ItemRendererMixin common
[17Sept2026 09:32:56.859] [Render thread/INFO] [epxzzysabers/]: FKCRT renderbyitem
[17Sept2026 09:32:56.859] [Render thread/INFO] [epxzzysabers/]: FKCRT PartialItemModelRenderer made for itemstacc 1 epxzzysabers:single_bladed_saber
[17Sept2026 09:32:56.860] [Render thread/INFO] [epxzzysabers/]: FKCRT ItemRendererMixin common
[17Sept2026 09:32:56.860] [Render thread/INFO] [epxzzysabers/]: FKCRT renderbyitem
[17Sept2026 09:32:56.860] [Render thread/INFO] [epxzzysabers/]: FKCRT PartialItemModelRenderer made for itemstacc 1 epxzzysabers:single_bladed_saber
[17Sept2026 09:32:56.863] [Render thread/INFO] [epxzzysabers/]: FKCRT ItemRendererMixin common
[17Sept2026 09:32:56.863] [Render thread/INFO] [epxzzysabers/]: FKCRT renderbyitem
[17Sept2026 09:32:56.864] [Render thread/INFO] [epxzzysabers/]: FKCRT PartialItemModelRenderer made for itemstacc 1 epxzzysabers:single_bladed_saber
[17Sept2026 09:32:56.864] [Render thread/INFO] [epxzzysabers/]: FKCRT ItemRendererMixin common
[17Sept2026 09:32:56.864] [Render thread/INFO] [epxzzysabers/]: FKCRT renderbyitem
[17Sept2026 09:32:56.864] [Render thread/INFO] [epxzzysabers/]: FKCRT PartialItemModelRenderer made for itemstacc 1 epxzzysabers:single_bladed_saber
[17Sept2026 09:32:56.870] [Render thread/INFO] [epxzzysabers/]: FKCRT ItemRendererMixin common
[17Sept2026 09:32:56.871] [Render thread/INFO] [epxzzysabers/]: FKCRT renderbyitem
[17Sept2026 09:32:56.871] [Render thread/INFO] [epxzzysabers/]: FKCRT PartialItemModelRenderer made for itemstacc 1 epxzzysabers:single_bladed_saber
[17Sept2026 09:32:56.873] [Render thread/INFO] [epxzzysabers/]: FKCRT ItemRendererMixin common
[17Sept2026 09:32:56.873] [Render thread/INFO] [epxzzysabers/]: FKCRT renderbyitem
[17Sept2026 09:32:56.873] [Render thread/INFO] [epxzzysabers/]: FKCRT PartialItemModelRenderer made for itemstacc 1 epxzzysabers:single_bladed_saber
[17Sept2026 09:32:56.877] [Render thread/INFO] [epxzzysabers/]: FKCRT ItemRendererMixin common
[17Sept2026 09:32:56.878] [Render thread/INFO] [epxzzysabers/]: FKCRT renderbyitem
[17Sept2026 09:32:56.878] [Render thread/INFO] [epxzzysabers/]: FKCRT PartialItemModelRenderer made for itemstacc 1 epxzzysabers:single_bladed_saber
[17Sept2026 09:32:56.879] [Render thread/INFO] [epxzzysabers/]: FKCRT ItemRendererMixin common
[17Sept2026 09:32:56.879] [Render thread/INFO] [epxzzysabers/]: FKCRT renderbyitem
[17Sept2026 09:32:56.879] [Render thread/INFO] [epxzzysabers/]: FKCRT PartialItemModelRenderer made for itemstacc 1 epxzzysabers:single_bladed_saber
[17Sept2026 09:32:56.883] [Server thread/INFO] [net.minecraft.client.server.IntegratedServer/]: Saving and pausing game...
[17Sept2026 09:32:56.885] [Render thread/INFO] [epxzzysabers/]: FKCRT ItemRendererMixin common
[17Sept2026 09:32:56.885] [Render thread/INFO] [epxzzysabers/]: FKCRT renderbyitem
[17Sept2026 09:32:56.885] [Render thread/INFO] [epxzzysabers/]: FKCRT PartialItemModelRenderer made for itemstacc 1 epxzzysabers:single_bladed_saber
[17Sept2026 09:32:56.886] [Render thread/INFO] [epxzzysabers/]: FKCRT ItemRendererMixin common
[17Sept2026 09:32:56.886] [Render thread/INFO] [epxzzysabers/]: FKCRT renderbyitem
[17Sept2026 09:32:56.886] [Render thread/INFO] [epxzzysabers/]: FKCRT PartialItemModelRenderer made for itemstacc 1 epxzzysabers:single_bladed_saber
[17Sept2026 09:32:56.891] [Render thread/INFO] [epxzzysabers/]: FKCRT ItemRendererMixin common
[17Sept2026 09:32:56.892] [Render thread/INFO] [epxzzysabers/]: FKCRT renderbyitem
[17Sept2026 09:32:56.892] [Render thread/INFO] [epxzzysabers/]: FKCRT PartialItemModelRenderer made for itemstacc 1 epxzzysabers:single_bladed_saber
[17Sept2026 09:32:56.892] [Render thread/INFO] [epxzzysabers/]: FKCRT ItemRendererMixin common
[17Sept2026 09:32:56.893] [Render thread/INFO] [epxzzysabers/]: FKCRT renderbyitem
[17Sept2026 09:32:56.893] [Render thread/INFO] [epxzzysabers/]: FKCRT PartialItemModelRenderer made for itemstacc 1 epxzzysabers:single_bladed_saber
[17Sept2026 09:32:56.896] [Render thread/INFO] [epxzzysabers/]: FKCRT ItemRendererMixin common
[17Sept2026 09:32:56.896] [Render thread/INFO] [epxzzysabers/]: FKCRT renderbyitem
[17Sept2026 09:32:56.897] [Render thread/INFO] [epxzzysabers/]: FKCRT PartialItemModelRenderer made for itemstacc 1 epxzzysabers:single_bladed_saber
[17Sept2026 09:32:56.897] [Render thread/INFO] [epxzzysabers/]: FKCRT ItemRendererMixin common
[17Sept2026 09:32:56.898] [Render thread/INFO] [epxzzysabers/]: FKCRT renderbyitem
[17Sept2026 09:32:56.898] [Render thread/INFO] [epxzzysabers/]: FKCRT PartialItemModelRenderer made for itemstacc 1 epxzzysabers:single_bladed_saber
[17Sept2026 09:32:56.906] [Render thread/INFO] [epxzzysabers/]: FKCRT ItemRendererMixin common
[17Sept2026 09:32:56.906] [Render thread/INFO] [epxzzysabers/]: FKCRT renderbyitem
[17Sept2026 09:32:56.906] [Render thread/INFO] [epxzzysabers/]: FKCRT PartialItemModelRenderer made for itemstacc 1 epxzzysabers:single_bladed_saber
[17Sept2026 09:32:56.907] [Render thread/INFO] [epxzzysabers/]: FKCRT ItemRendererMixin common
[17Sept2026 09:32:56.907] [Render thread/INFO] [epxzzysabers/]: FKCRT renderbyitem
[17Sept2026 09:32:56.907] [Render thread/INFO] [epxzzysabers/]: FKCRT PartialItemModelRenderer made for itemstacc 1 epxzzysabers:single_bladed_saber
[17Sept2026 09:32:56.912] [Render thread/INFO] [epxzzysabers/]: FKCRT ItemRendererMixin common
[17Sept2026 09:32:56.912] [Render thread/INFO] [epxzzysabers/]: FKCRT renderbyitem
[17Sept2026 09:32:56.912] [Render thread/INFO] [epxzzysabers/]: FKCRT PartialItemModelRenderer made for itemstacc 1 epxzzysabers:single_bladed_saber
[17Sept2026 09:32:56.912] [Render thread/INFO] [epxzzysabers/]: FKCRT ItemRendererMixin common
[17Sept2026 09:32:56.913] [Render thread/INFO] [epxzzysabers/]: FKCRT renderbyitem
[17Sept2026 09:32:56.913] [Render thread/INFO] [epxzzysabers/]: FKCRT PartialItemModelRenderer made for itemstacc 1 epxzzysabers:single_bladed_saber
[17Sept2026 09:32:56.918] [Render thread/INFO] [epxzzysabers/]: FKCRT ItemRendererMixin common
[17Sept2026 09:32:56.920] [Render thread/INFO] [epxzzysabers/]: FKCRT renderbyitem
[17Sept2026 09:32:56.920] [Render thread/INFO] [epxzzysabers/]: FKCRT PartialItemModelRenderer made for itemstacc 1 epxzzysabers:single_bladed_saber
[17Sept2026 09:32:56.922] [Render thread/INFO] [epxzzysabers/]: FKCRT ItemRendererMixin common
[17Sept2026 09:32:56.922] [Render thread/INFO] [epxzzysabers/]: FKCRT renderbyitem
[17Sept2026 09:32:56.922] [Render thread/INFO] [epxzzysabers/]: FKCRT PartialItemModelRenderer made for itemstacc 1 epxzzysabers:single_bladed_saber
[17Sept2026 09:32:56.928] [Render thread/INFO] [epxzzysabers/]: FKCRT ItemRendererMixin common
[17Sept2026 09:32:56.928] [Render thread/INFO] [epxzzysabers/]: FKCRT renderbyitem
[17Sept2026 09:32:56.928] [Server thread/INFO] [net.minecraft.server.MinecraftServer/]: Saving chunks for level 'ServerLevel[test]'/minecraft:overworld
[17Sept2026 09:32:56.928] [Render thread/INFO] [epxzzysabers/]: FKCRT PartialItemModelRenderer made for itemstacc 1 epxzzysabers:single_bladed_saber
[17Sept2026 09:32:56.929] [Render thread/INFO] [epxzzysabers/]: FKCRT ItemRendererMixin common
[17Sept2026 09:32:56.929] [Render thread/INFO] [epxzzysabers/]: FKCRT renderbyitem
[17Sept2026 09:32:56.929] [Render thread/INFO] [epxzzysabers/]: FKCRT PartialItemModelRenderer made for itemstacc 1 epxzzysabers:single_bladed_saber
[17Sept2026 09:32:56.932] [Render thread/INFO] [epxzzysabers/]: FKCRT ItemRendererMixin common
[17Sept2026 09:32:56.933] [Render thread/INFO] [epxzzysabers/]: FKCRT renderbyitem
[17Sept2026 09:32:56.933] [Render thread/INFO] [epxzzysabers/]: FKCRT PartialItemModelRenderer made for itemstacc 1 epxzzysabers:single_bladed_saber
[17Sept2026 09:32:56.935] [Render thread/INFO] [epxzzysabers/]: FKCRT ItemRendererMixin common
[17Sept2026 09:32:56.935] [Render thread/INFO] [epxzzysabers/]: FKCRT renderbyitem
[17Sept2026 09:32:56.935] [Render thread/INFO] [epxzzysabers/]: FKCRT PartialItemModelRenderer made for itemstacc 1 epxzzysabers:single_bladed_saber
[17Sept2026 09:32:56.942] [Render thread/INFO] [epxzzysabers/]: FKCRT ItemRendererMixin common
[17Sept2026 09:32:56.942] [Render thread/INFO] [epxzzysabers/]: FKCRT renderbyitem
[17Sept2026 09:32:56.942] [Render thread/INFO] [epxzzysabers/]: FKCRT PartialItemModelRenderer made for itemstacc 1 epxzzysabers:single_bladed_saber
[17Sept2026 09:32:56.943] [Render thread/INFO] [epxzzysabers/]: FKCRT ItemRendererMixin common
[17Sept2026 09:32:56.943] [Render thread/INFO] [epxzzysabers/]: FKCRT renderbyitem
[17Sept2026 09:32:56.943] [Render thread/INFO] [epxzzysabers/]: FKCRT PartialItemModelRenderer made for itemstacc 1 epxzzysabers:single_bladed_saber
[17Sept2026 09:32:56.946] [Server thread/INFO] [net.minecraft.server.MinecraftServer/]: Saving chunks for level 'ServerLevel[test]'/minecraft:the_nether
[17Sept2026 09:32:56.947] [Render thread/INFO] [epxzzysabers/]: FKCRT ItemRendererMixin common
[17Sept2026 09:32:56.948] [Render thread/INFO] [epxzzysabers/]: FKCRT renderbyitem
[17Sept2026 09:32:56.948] [Render thread/INFO] [epxzzysabers/]: FKCRT PartialItemModelRenderer made for itemstacc 1 epxzzysabers:single_bladed_saber
[17Sept2026 09:32:56.949] [Render thread/INFO] [epxzzysabers/]: FKCRT ItemRendererMixin common
[17Sept2026 09:32:56.949] [Render thread/INFO] [epxzzysabers/]: FKCRT renderbyitem
[17Sept2026 09:32:56.949] [Render thread/INFO] [epxzzysabers/]: FKCRT PartialItemModelRenderer made for itemstacc 1 epxzzysabers:single_bladed_saber
[17Sept2026 09:32:56.957] [Render thread/INFO] [epxzzysabers/]: FKCRT ItemRendererMixin common
[17Sept2026 09:32:56.957] [Render thread/INFO] [epxzzysabers/]: FKCRT renderbyitem
[17Sept2026 09:32:56.957] [Render thread/INFO] [epxzzysabers/]: FKCRT PartialItemModelRenderer made for itemstacc 1 epxzzysabers:single_bladed_saber
[17Sept2026 09:32:56.958] [Render thread/INFO] [epxzzysabers/]: FKCRT ItemRendererMixin common
[17Sept2026 09:32:56.958] [Render thread/INFO] [epxzzysabers/]: FKCRT renderbyitem
[17Sept2026 09:32:56.958] [Render thread/INFO] [epxzzysabers/]: FKCRT PartialItemModelRenderer made for itemstacc 1 epxzzysabers:single_bladed_saber
[17Sept2026 09:32:56.961] [Render thread/INFO] [epxzzysabers/]: FKCRT ItemRendererMixin common
[17Sept2026 09:32:56.961] [Server thread/INFO] [net.minecraft.server.MinecraftServer/]: Saving chunks for level 'ServerLevel[test]'/minecraft:the_end
[17Sept2026 09:32:56.961] [Render thread/INFO] [epxzzysabers/]: FKCRT renderbyitem
[17Sept2026 09:32:56.961] [Render thread/INFO] [epxzzysabers/]: FKCRT PartialItemModelRenderer made for itemstacc 1 epxzzysabers:single_bladed_saber
[17Sept2026 09:32:56.962] [Render thread/INFO] [epxzzysabers/]: FKCRT ItemRendererMixin common
[17Sept2026 09:32:56.963] [Render thread/INFO] [epxzzysabers/]: FKCRT renderbyitem
[17Sept2026 09:32:56.963] [Render thread/INFO] [epxzzysabers/]: FKCRT PartialItemModelRenderer made for itemstacc 1 epxzzysabers:single_bladed_saber
[17Sept2026 09:32:56.965] [Render thread/INFO] [epxzzysabers/]: FKCRT ItemRendererMixin common
[17Sept2026 09:32:56.967] [Render thread/INFO] [epxzzysabers/]: FKCRT renderbyitem
[17Sept2026 09:32:56.969] [Render thread/INFO] [epxzzysabers/]: FKCRT PartialItemModelRenderer made for itemstacc 1 epxzzysabers:single_bladed_saber
[17Sept2026 09:32:56.970] [Render thread/INFO] [epxzzysabers/]: FKCRT ItemRendererMixin common
[17Sept2026 09:32:56.970] [Render thread/INFO] [epxzzysabers/]: FKCRT renderbyitem
[17Sept2026 09:32:56.970] [Render thread/INFO] [epxzzysabers/]: FKCRT PartialItemModelRenderer made for itemstacc 1 epxzzysabers:single_bladed_saber
[17Sept2026 09:32:56.973] [Render thread/INFO] [epxzzysabers/]: FKCRT ItemRendererMixin common
[17Sept2026 09:32:56.974] [Render thread/INFO] [epxzzysabers/]: FKCRT renderbyitem
[17Sept2026 09:32:56.974] [Render thread/INFO] [epxzzysabers/]: FKCRT PartialItemModelRenderer made for itemstacc 1 epxzzysabers:single_bladed_saber
[17Sept2026 09:32:56.974] [Render thread/INFO] [epxzzysabers/]: FKCRT ItemRendererMixin common
[17Sept2026 09:32:56.974] [Render thread/INFO] [epxzzysabers/]: FKCRT renderbyitem
[17Sept2026 09:32:56.974] [Render thread/INFO] [epxzzysabers/]: FKCRT PartialItemModelRenderer made for itemstacc 1 epxzzysabers:single_bladed_saber
[17Sept2026 09:32:56.977] [Render thread/INFO] [epxzzysabers/]: FKCRT ItemRendererMixin common
[17Sept2026 09:32:56.977] [Render thread/INFO] [epxzzysabers/]: FKCRT renderbyitem
[17Sept2026 09:32:56.977] [Render thread/INFO] [epxzzysabers/]: FKCRT PartialItemModelRenderer made for itemstacc 1 epxzzysabers:single_bladed_saber
[17Sept2026 09:32:56.977] [Server thread/DEBUG] [net.minecraftforge.common.ForgeHooks/WP]: Gathering id map for writing to world save test
[17Sept2026 09:32:56.978] [Render thread/INFO] [epxzzysabers/]: FKCRT ItemRendererMixin common
[17Sept2026 09:32:56.978] [Render thread/INFO] [epxzzysabers/]: FKCRT renderbyitem
[17Sept2026 09:32:56.978] [Render thread/INFO] [epxzzysabers/]: FKCRT PartialItemModelRenderer made for itemstacc 1 epxzzysabers:single_bladed_saber
[17Sept2026 09:32:56.981] [Render thread/INFO] [epxzzysabers/]: FKCRT ItemRendererMixin common
[17Sept2026 09:32:56.981] [Render thread/INFO] [epxzzysabers/]: FKCRT renderbyitem
[17Sept2026 09:32:56.982] [Render thread/INFO] [epxzzysabers/]: FKCRT PartialItemModelRenderer made for itemstacc 1 epxzzysabers:single_bladed_saber
[17Sept2026 09:32:56.983] [Render thread/INFO] [epxzzysabers/]: FKCRT ItemRendererMixin common
[17Sept2026 09:32:56.983] [Render thread/INFO] [epxzzysabers/]: FKCRT renderbyitem
[17Sept2026 09:32:56.983] [Render thread/INFO] [epxzzysabers/]: FKCRT PartialItemModelRenderer made for itemstacc 1 epxzzysabers:single_bladed_saber
[17Sept2026 09:32:56.986] [Server thread/DEBUG] [net.minecraftforge.common.ForgeHooks/WP]: ID Map collection complete test
[17Sept2026 09:32:56.988] [Render thread/INFO] [epxzzysabers/]: FKCRT ItemRendererMixin common
[17Sept2026 09:32:56.988] [Render thread/INFO] [epxzzysabers/]: FKCRT renderbyitem
[17Sept2026 09:32:56.988] [Render thread/INFO] [epxzzysabers/]: FKCRT PartialItemModelRenderer made for itemstacc 1 epxzzysabers:single_bladed_saber
[17Sept2026 09:32:56.988] [Render thread/INFO] [epxzzysabers/]: FKCRT ItemRendererMixin common
[17Sept2026 09:32:56.988] [Render thread/INFO] [epxzzysabers/]: FKCRT renderbyitem
[17Sept2026 09:32:56.988] [Render thread/INFO] [epxzzysabers/]: FKCRT PartialItemModelRenderer made for itemstacc 1 epxzzysabers:single_bladed_saber
[17Sept2026 09:32:56.991] [Render thread/INFO] [epxzzysabers/]: FKCRT ItemRendererMixin common
[17Sept2026 09:32:56.991] [Render thread/INFO] [epxzzysabers/]: FKCRT renderbyitem
[17Sept2026 09:32:56.992] [Render thread/INFO] [epxzzysabers/]: FKCRT PartialItemModelRenderer made for itemstacc 1 epxzzysabers:single_bladed_saber
[17Sept2026 09:32:56.992] [Render thread/INFO] [epxzzysabers/]: FKCRT ItemRendererMixin common
[17Sept2026 09:32:56.992] [Render thread/INFO] [epxzzysabers/]: FKCRT renderbyitem
[17Sept2026 09:32:56.992] [Render thread/INFO] [epxzzysabers/]: FKCRT PartialItemModelRenderer made for itemstacc 1 epxzzysabers:single_bladed_saber
[17Sept2026 09:32:56.995] [Render thread/INFO] [epxzzysabers/]: FKCRT ItemRendererMixin common
[17Sept2026 09:32:56.996] [Render thread/INFO] [epxzzysabers/]: FKCRT renderbyitem
[17Sept2026 09:32:56.996] [Render thread/INFO] [epxzzysabers/]: FKCRT PartialItemModelRenderer made for itemstacc 1 epxzzysabers:single_bladed_saber
[17Sept2026 09:32:56.996] [Render thread/INFO] [epxzzysabers/]: FKCRT ItemRendererMixin common
[17Sept2026 09:32:56.997] [Render thread/INFO] [epxzzysabers/]: FKCRT renderbyitem
[17Sept2026 09:32:56.997] [Render thread/INFO] [epxzzysabers/]: FKCRT PartialItemModelRenderer made for itemstacc 1 epxzzysabers:single_bladed_saber
[17Sept2026 09:32:57.002] [Render thread/INFO] [epxzzysabers/]: FKCRT ItemRendererMixin common
[17Sept2026 09:32:57.002] [Render thread/INFO] [epxzzysabers/]: FKCRT renderbyitem
[17Sept2026 09:32:57.002] [Render thread/INFO] [epxzzysabers/]: FKCRT PartialItemModelRenderer made for itemstacc 1 epxzzysabers:single_bladed_saber
[17Sept2026 09:32:57.003] [Render thread/INFO] [epxzzysabers/]: FKCRT ItemRendererMixin common
[17Sept2026 09:32:57.003] [Render thread/INFO] [epxzzysabers/]: FKCRT renderbyitem
[17Sept2026 09:32:57.003] [Render thread/INFO] [epxzzysabers/]: FKCRT PartialItemModelRenderer made for itemstacc 1 epxzzysabers:single_bladed_saber
[17Sept2026 09:32:57.010] [Render thread/INFO] [epxzzysabers/]: FKCRT ItemRendererMixin common
[17Sept2026 09:32:57.011] [Render thread/INFO] [epxzzysabers/]: FKCRT renderbyitem
[17Sept2026 09:32:57.011] [Render thread/INFO] [epxzzysabers/]: FKCRT PartialItemModelRenderer made for itemstacc 1 epxzzysabers:single_bladed_saber
[17Sept2026 09:32:57.011] [Render thread/INFO] [epxzzysabers/]: FKCRT ItemRendererMixin common
[17Sept2026 09:32:57.011] [Render thread/INFO] [epxzzysabers/]: FKCRT renderbyitem
[17Sept2026 09:32:57.011] [Render thread/INFO] [epxzzysabers/]: FKCRT PartialItemModelRenderer made for itemstacc 1 epxzzysabers:single_bladed_saber
[17Sept2026 09:32:57.015] [Render thread/INFO] [epxzzysabers/]: FKCRT ItemRendererMixin common
[17Sept2026 09:32:57.015] [Render thread/INFO] [epxzzysabers/]: FKCRT renderbyitem
[17Sept2026 09:32:57.015] [Render thread/INFO] [epxzzysabers/]: FKCRT PartialItemModelRenderer made for itemstacc 1 epxzzysabers:single_bladed_saber
[17Sept2026 09:32:57.017] [Render thread/INFO] [epxzzysabers/]: FKCRT ItemRendererMixin common
[17Sept2026 09:32:57.017] [Render thread/INFO] [epxzzysabers/]: FKCRT renderbyitem
[17Sept2026 09:32:57.017] [Render thread/INFO] [epxzzysabers/]: FKCRT PartialItemModelRenderer made for itemstacc 1 epxzzysabers:single_bladed_saber
[17Sept2026 09:32:57.022] [Render thread/INFO] [epxzzysabers/]: FKCRT ItemRendererMixin common
[17Sept2026 09:32:57.023] [Render thread/INFO] [epxzzysabers/]: FKCRT renderbyitem
[17Sept2026 09:32:57.023] [Render thread/INFO] [epxzzysabers/]: FKCRT PartialItemModelRenderer made for itemstacc 1 epxzzysabers:single_bladed_saber
[17Sept2026 09:32:57.023] [Render thread/INFO] [epxzzysabers/]: FKCRT ItemRendererMixin common
[17Sept2026 09:32:57.023] [Render thread/INFO] [epxzzysabers/]: FKCRT renderbyitem
[17Sept2026 09:32:57.023] [Render thread/INFO] [epxzzysabers/]: FKCRT PartialItemModelRenderer made for itemstacc 1 epxzzysabers:single_bladed_saber
[17Sept2026 09:32:57.026] [Render thread/INFO] [epxzzysabers/]: FKCRT ItemRendererMixin common
[17Sept2026 09:32:57.026] [Render thread/INFO] [epxzzysabers/]: FKCRT renderbyitem
[17Sept2026 09:32:57.027] [Render thread/INFO] [epxzzysabers/]: FKCRT PartialItemModelRenderer made for itemstacc 1 epxzzysabers:single_bladed_saber
[17Sept2026 09:32:57.027] [Render thread/INFO] [epxzzysabers/]: FKCRT ItemRendererMixin common
[17Sept2026 09:32:57.028] [Render thread/INFO] [epxzzysabers/]: FKCRT renderbyitem
[17Sept2026 09:32:57.028] [Render thread/INFO] [epxzzysabers/]: FKCRT PartialItemModelRenderer made for itemstacc 1 epxzzysabers:single_bladed_saber
[17Sept2026 09:32:57.030] [Render thread/INFO] [epxzzysabers/]: FKCRT ItemRendererMixin common
[17Sept2026 09:32:57.031] [Render thread/INFO] [epxzzysabers/]: FKCRT renderbyitem
[17Sept2026 09:32:57.031] [Render thread/INFO] [epxzzysabers/]: FKCRT PartialItemModelRenderer made for itemstacc 1 epxzzysabers:single_bladed_saber
[17Sept2026 09:32:57.031] [Render thread/INFO] [epxzzysabers/]: FKCRT ItemRendererMixin common
[17Sept2026 09:32:57.031] [Render thread/INFO] [epxzzysabers/]: FKCRT renderbyitem
[17Sept2026 09:32:57.031] [Render thread/INFO] [epxzzysabers/]: FKCRT PartialItemModelRenderer made for itemstacc 1 epxzzysabers:single_bladed_saber
[17Sept2026 09:32:57.033] [Render thread/INFO] [epxzzysabers/]: FKCRT ItemRendererMixin common
[17Sept2026 09:32:57.034] [Render thread/INFO] [epxzzysabers/]: FKCRT renderbyitem
[17Sept2026 09:32:57.034] [Render thread/INFO] [epxzzysabers/]: FKCRT PartialItemModelRenderer made for itemstacc 1 epxzzysabers:single_bladed_saber
[17Sept2026 09:32:57.034] [Render thread/INFO] [epxzzysabers/]: FKCRT ItemRendererMixin common
[17Sept2026 09:32:57.035] [Render thread/INFO] [epxzzysabers/]: FKCRT renderbyitem
[17Sept2026 09:32:57.035] [Render thread/INFO] [epxzzysabers/]: FKCRT PartialItemModelRenderer made for itemstacc 1 epxzzysabers:single_bladed_saber
[17Sept2026 09:32:57.038] [Render thread/INFO] [epxzzysabers/]: FKCRT ItemRendererMixin common
[17Sept2026 09:32:57.039] [Render thread/INFO] [epxzzysabers/]: FKCRT renderbyitem
[17Sept2026 09:32:57.039] [Render thread/INFO] [epxzzysabers/]: FKCRT PartialItemModelRenderer made for itemstacc 1 epxzzysabers:single_bladed_saber
[17Sept2026 09:32:57.039] [Render thread/INFO] [epxzzysabers/]: FKCRT ItemRendererMixin common
[17Sept2026 09:32:57.039] [Render thread/INFO] [epxzzysabers/]: FKCRT renderbyitem
[17Sept2026 09:32:57.039] [Render thread/INFO] [epxzzysabers/]: FKCRT PartialItemModelRenderer made for itemstacc 1 epxzzysabers:single_bladed_saber
[17Sept2026 09:32:57.042] [Render thread/INFO] [epxzzysabers/]: FKCRT ItemRendererMixin common
[17Sept2026 09:32:57.042] [Render thread/INFO] [epxzzysabers/]: FKCRT renderbyitem
[17Sept2026 09:32:57.042] [Render thread/INFO] [epxzzysabers/]: FKCRT PartialItemModelRenderer made for itemstacc 1 epxzzysabers:single_bladed_saber
[17Sept2026 09:32:57.042] [Render thread/INFO] [epxzzysabers/]: FKCRT ItemRendererMixin common
[17Sept2026 09:32:57.043] [Render thread/INFO] [epxzzysabers/]: FKCRT renderbyitem
[17Sept2026 09:32:57.043] [Render thread/INFO] [epxzzysabers/]: FKCRT PartialItemModelRenderer made for itemstacc 1 epxzzysabers:single_bladed_saber
[17Sept2026 09:32:57.046] [Render thread/INFO] [epxzzysabers/]: FKCRT ItemRendererMixin common
[17Sept2026 09:32:57.046] [Render thread/INFO] [epxzzysabers/]: FKCRT renderbyitem
[17Sept2026 09:32:57.046] [Render thread/INFO] [epxzzysabers/]: FKCRT PartialItemModelRenderer made for itemstacc 1 epxzzysabers:single_bladed_saber
[17Sept2026 09:32:57.046] [Render thread/INFO] [epxzzysabers/]: FKCRT ItemRendererMixin common
[17Sept2026 09:32:57.047] [Render thread/INFO] [epxzzysabers/]: FKCRT renderbyitem
[17Sept2026 09:32:57.047] [Render thread/INFO] [epxzzysabers/]: FKCRT PartialItemModelRenderer made for itemstacc 1 epxzzysabers:single_bladed_saber
[17Sept2026 09:32:57.051] [Render thread/INFO] [epxzzysabers/]: FKCRT ItemRendererMixin common
[17Sept2026 09:32:57.051] [Render thread/INFO] [epxzzysabers/]: FKCRT renderbyitem
[17Sept2026 09:32:57.051] [Render thread/INFO] [epxzzysabers/]: FKCRT PartialItemModelRenderer made for itemstacc 1 epxzzysabers:single_bladed_saber
[17Sept2026 09:32:57.052] [Render thread/INFO] [epxzzysabers/]: FKCRT ItemRendererMixin common
[17Sept2026 09:32:57.052] [Render thread/INFO] [epxzzysabers/]: FKCRT renderbyitem
[17Sept2026 09:32:57.052] [Render thread/INFO] [epxzzysabers/]: FKCRT PartialItemModelRenderer made for itemstacc 1 epxzzysabers:single_bladed_saber
[17Sept2026 09:32:57.055] [Render thread/INFO] [epxzzysabers/]: FKCRT ItemRendererMixin common
[17Sept2026 09:32:57.055] [Render thread/INFO] [epxzzysabers/]: FKCRT renderbyitem
[17Sept2026 09:32:57.056] [Render thread/INFO] [epxzzysabers/]: FKCRT PartialItemModelRenderer made for itemstacc 1 epxzzysabers:single_bladed_saber
[17Sept2026 09:32:57.056] [Render thread/INFO] [epxzzysabers/]: FKCRT ItemRendererMixin common
[17Sept2026 09:32:57.056] [Render thread/INFO] [epxzzysabers/]: FKCRT renderbyitem
[17Sept2026 09:32:57.056] [Render thread/INFO] [epxzzysabers/]: FKCRT PartialItemModelRenderer made for itemstacc 1 epxzzysabers:single_bladed_saber
[17Sept2026 09:32:57.059] [Render thread/INFO] [epxzzysabers/]: FKCRT ItemRendererMixin common
[17Sept2026 09:32:57.059] [Render thread/INFO] [epxzzysabers/]: FKCRT renderbyitem
[17Sept2026 09:32:57.059] [Render thread/INFO] [epxzzysabers/]: FKCRT PartialItemModelRenderer made for itemstacc 1 epxzzysabers:single_bladed_saber
[17Sept2026 09:32:57.059] [Render thread/INFO] [epxzzysabers/]: FKCRT ItemRendererMixin common
[17Sept2026 09:32:57.059] [Render thread/INFO] [epxzzysabers/]: FKCRT renderbyitem
[17Sept2026 09:32:57.059] [Render thread/INFO] [epxzzysabers/]: FKCRT PartialItemModelRenderer made for itemstacc 1 epxzzysabers:single_bladed_saber
[17Sept2026 09:32:57.062] [Render thread/INFO] [epxzzysabers/]: FKCRT ItemRendererMixin common
[17Sept2026 09:32:57.062] [Render thread/INFO] [epxzzysabers/]: FKCRT renderbyitem
[17Sept2026 09:32:57.063] [Render thread/INFO] [epxzzysabers/]: FKCRT PartialItemModelRenderer made for itemstacc 1 epxzzysabers:single_bladed_saber
[17Sept2026 09:32:57.064] [Render thread/INFO] [epxzzysabers/]: FKCRT ItemRendererMixin common
[17Sept2026 09:32:57.064] [Render thread/INFO] [epxzzysabers/]: FKCRT renderbyitem
[17Sept2026 09:32:57.064] [Render thread/INFO] [epxzzysabers/]: FKCRT PartialItemModelRenderer made for itemstacc 1 epxzzysabers:single_bladed_saber
[17Sept2026 09:32:57.066] [Render thread/INFO] [epxzzysabers/]: FKCRT ItemRendererMixin common
[17Sept2026 09:32:57.066] [Render thread/INFO] [epxzzysabers/]: FKCRT renderbyitem
[17Sept2026 09:32:57.067] [Render thread/INFO] [epxzzysabers/]: FKCRT PartialItemModelRenderer made for itemstacc 1 epxzzysabers:single_bladed_saber
[17Sept2026 09:32:57.067] [Render thread/INFO] [epxzzysabers/]: FKCRT ItemRendererMixin common
[17Sept2026 09:32:57.067] [Render thread/INFO] [epxzzysabers/]: FKCRT renderbyitem
[17Sept2026 09:32:57.068] [Render thread/INFO] [epxzzysabers/]: FKCRT PartialItemModelRenderer made for itemstacc 1 epxzzysabers:single_bladed_saber
[17Sept2026 09:32:57.072] [Render thread/INFO] [epxzzysabers/]: FKCRT ItemRendererMixin common
[17Sept2026 09:32:57.072] [Render thread/INFO] [epxzzysabers/]: FKCRT renderbyitem
[17Sept2026 09:32:57.072] [Render thread/INFO] [epxzzysabers/]: FKCRT PartialItemModelRenderer made for itemstacc 1 epxzzysabers:single_bladed_saber
[17Sept2026 09:32:57.073] [Render thread/INFO] [epxzzysabers/]: FKCRT ItemRendererMixin common
[17Sept2026 09:32:57.073] [Render thread/INFO] [epxzzysabers/]: FKCRT renderbyitem
[17Sept2026 09:32:57.073] [Render thread/INFO] [epxzzysabers/]: FKCRT PartialItemModelRenderer made for itemstacc 1 epxzzysabers:single_bladed_saber
[17Sept2026 09:32:57.075] [Render thread/INFO] [epxzzysabers/]: FKCRT ItemRendererMixin common
[17Sept2026 09:32:57.075] [Render thread/INFO] [epxzzysabers/]: FKCRT renderbyitem
[17Sept2026 09:32:57.075] [Render thread/INFO] [epxzzysabers/]: FKCRT PartialItemModelRenderer made for itemstacc 1 epxzzysabers:single_bladed_saber
[17Sept2026 09:32:57.076] [Render thread/INFO] [epxzzysabers/]: FKCRT ItemRendererMixin common
[17Sept2026 09:32:57.076] [Render thread/INFO] [epxzzysabers/]: FKCRT renderbyitem
[17Sept2026 09:32:57.076] [Render thread/INFO] [epxzzysabers/]: FKCRT PartialItemModelRenderer made for itemstacc 1 epxzzysabers:single_bladed_saber
[17Sept2026 09:32:57.079] [Render thread/INFO] [epxzzysabers/]: FKCRT ItemRendererMixin common
[17Sept2026 09:32:57.079] [Render thread/INFO] [epxzzysabers/]: FKCRT renderbyitem
[17Sept2026 09:32:57.079] [Render thread/INFO] [epxzzysabers/]: FKCRT PartialItemModelRenderer made for itemstacc 1 epxzzysabers:single_bladed_saber
[17Sept2026 09:32:57.079] [Render thread/INFO] [epxzzysabers/]: FKCRT ItemRendererMixin common
[17Sept2026 09:32:57.079] [Render thread/INFO] [epxzzysabers/]: FKCRT renderbyitem
[17Sept2026 09:32:57.079] [Render thread/INFO] [epxzzysabers/]: FKCRT PartialItemModelRenderer made for itemstacc 1 epxzzysabers:single_bladed_saber
[17Sept2026 09:32:57.082] [Render thread/INFO] [epxzzysabers/]: FKCRT ItemRendererMixin common
[17Sept2026 09:32:57.082] [Render thread/INFO] [epxzzysabers/]: FKCRT renderbyitem
[17Sept2026 09:32:57.082] [Render thread/INFO] [epxzzysabers/]: FKCRT PartialItemModelRenderer made for itemstacc 1 epxzzysabers:single_bladed_saber
[17Sept2026 09:32:57.082] [Render thread/INFO] [epxzzysabers/]: FKCRT ItemRendererMixin common
[17Sept2026 09:32:57.082] [Render thread/INFO] [epxzzysabers/]: FKCRT renderbyitem
[17Sept2026 09:32:57.082] [Render thread/INFO] [epxzzysabers/]: FKCRT PartialItemModelRenderer made for itemstacc 1 epxzzysabers:single_bladed_saber
[17Sept2026 09:32:57.085] [Render thread/INFO] [epxzzysabers/]: FKCRT ItemRendererMixin common
[17Sept2026 09:32:57.085] [Render thread/INFO] [epxzzysabers/]: FKCRT renderbyitem
[17Sept2026 09:32:57.085] [Render thread/INFO] [epxzzysabers/]: FKCRT PartialItemModelRenderer made for itemstacc 1 epxzzysabers:single_bladed_saber
[17Sept2026 09:32:57.085] [Render thread/INFO] [epxzzysabers/]: FKCRT ItemRendererMixin common
[17Sept2026 09:32:57.086] [Render thread/INFO] [epxzzysabers/]: FKCRT renderbyitem
[17Sept2026 09:32:57.086] [Render thread/INFO] [epxzzysabers/]: FKCRT PartialItemModelRenderer made for itemstacc 1 epxzzysabers:single_bladed_saber
[17Sept2026 09:32:57.089] [Render thread/INFO] [epxzzysabers/]: FKCRT ItemRendererMixin common
[17Sept2026 09:32:57.089] [Render thread/INFO] [epxzzysabers/]: FKCRT renderbyitem
[17Sept2026 09:32:57.089] [Render thread/INFO] [epxzzysabers/]: FKCRT PartialItemModelRenderer made for itemstacc 1 epxzzysabers:single_bladed_saber
[17Sept2026 09:32:57.090] [Render thread/INFO] [epxzzysabers/]: FKCRT ItemRendererMixin common
[17Sept2026 09:32:57.090] [Render thread/INFO] [epxzzysabers/]: FKCRT renderbyitem
[17Sept2026 09:32:57.090] [Render thread/INFO] [epxzzysabers/]: FKCRT PartialItemModelRenderer made for itemstacc 1 epxzzysabers:single_bladed_saber
[17Sept2026 09:32:57.092] [Render thread/INFO] [epxzzysabers/]: FKCRT ItemRendererMixin common
[17Sept2026 09:32:57.092] [Render thread/INFO] [epxzzysabers/]: FKCRT renderbyitem
[17Sept2026 09:32:57.092] [Render thread/INFO] [epxzzysabers/]: FKCRT PartialItemModelRenderer made for itemstacc 1 epxzzysabers:single_bladed_saber
[17Sept2026 09:32:57.093] [Render thread/INFO] [epxzzysabers/]: FKCRT ItemRendererMixin common
[17Sept2026 09:32:57.093] [Render thread/INFO] [epxzzysabers/]: FKCRT renderbyitem
[17Sept2026 09:32:57.093] [Render thread/INFO] [epxzzysabers/]: FKCRT PartialItemModelRenderer made for itemstacc 1 epxzzysabers:single_bladed_saber
[17Sept2026 09:32:57.096] [Render thread/INFO] [epxzzysabers/]: FKCRT ItemRendererMixin common
[17Sept2026 09:32:57.096] [Render thread/INFO] [epxzzysabers/]: FKCRT renderbyitem
[17Sept2026 09:32:57.096] [Render thread/INFO] [epxzzysabers/]: FKCRT PartialItemModelRenderer made for itemstacc 1 epxzzysabers:single_bladed_saber
[17Sept2026 09:32:57.096] [Render thread/INFO] [epxzzysabers/]: FKCRT ItemRendererMixin common
[17Sept2026 09:32:57.096] [Render thread/INFO] [epxzzysabers/]: FKCRT renderbyitem
[17Sept2026 09:32:57.097] [Render thread/INFO] [epxzzysabers/]: FKCRT PartialItemModelRenderer made for itemstacc 1 epxzzysabers:single_bladed_saber
[17Sept2026 09:32:57.100] [Render thread/INFO] [epxzzysabers/]: FKCRT ItemRendererMixin common
[17Sept2026 09:32:57.100] [Render thread/INFO] [epxzzysabers/]: FKCRT renderbyitem
[17Sept2026 09:32:57.100] [Render thread/INFO] [epxzzysabers/]: FKCRT PartialItemModelRenderer made for itemstacc 1 epxzzysabers:single_bladed_saber
[17Sept2026 09:32:57.101] [Render thread/INFO] [epxzzysabers/]: FKCRT ItemRendererMixin common
[17Sept2026 09:32:57.101] [Render thread/INFO] [epxzzysabers/]: FKCRT renderbyitem
[17Sept2026 09:32:57.101] [Render thread/INFO] [epxzzysabers/]: FKCRT PartialItemModelRenderer made for itemstacc 1 epxzzysabers:single_bladed_saber
[17Sept2026 09:32:57.103] [Render thread/INFO] [epxzzysabers/]: FKCRT ItemRendererMixin common
[17Sept2026 09:32:57.103] [Render thread/INFO] [epxzzysabers/]: FKCRT renderbyitem
[17Sept2026 09:32:57.103] [Render thread/INFO] [epxzzysabers/]: FKCRT PartialItemModelRenderer made for itemstacc 1 epxzzysabers:single_bladed_saber
[17Sept2026 09:32:57.104] [Render thread/INFO] [epxzzysabers/]: FKCRT ItemRendererMixin common
[17Sept2026 09:32:57.104] [Render thread/INFO] [epxzzysabers/]: FKCRT renderbyitem
[17Sept2026 09:32:57.104] [Render thread/INFO] [epxzzysabers/]: FKCRT PartialItemModelRenderer made for itemstacc 1 epxzzysabers:single_bladed_saber
[17Sept2026 09:32:57.109] [Render thread/INFO] [epxzzysabers/]: FKCRT ItemRendererMixin common
[17Sept2026 09:32:57.109] [Render thread/INFO] [epxzzysabers/]: FKCRT renderbyitem
[17Sept2026 09:32:57.109] [Render thread/INFO] [epxzzysabers/]: FKCRT PartialItemModelRenderer made for itemstacc 1 epxzzysabers:single_bladed_saber
[17Sept2026 09:32:57.110] [Render thread/INFO] [epxzzysabers/]: FKCRT ItemRendererMixin common
[17Sept2026 09:32:57.110] [Render thread/INFO] [epxzzysabers/]: FKCRT renderbyitem
[17Sept2026 09:32:57.110] [Render thread/INFO] [epxzzysabers/]: FKCRT PartialItemModelRenderer made for itemstacc 1 epxzzysabers:single_bladed_saber
[17Sept2026 09:32:57.113] [Render thread/INFO] [epxzzysabers/]: FKCRT ItemRendererMixin common
[17Sept2026 09:32:57.113] [Render thread/INFO] [epxzzysabers/]: FKCRT renderbyitem
[17Sept2026 09:32:57.113] [Render thread/INFO] [epxzzysabers/]: FKCRT PartialItemModelRenderer made for itemstacc 1 epxzzysabers:single_bladed_saber
[17Sept2026 09:32:57.114] [Render thread/INFO] [epxzzysabers/]: FKCRT ItemRendererMixin common
[17Sept2026 09:32:57.114] [Render thread/INFO] [epxzzysabers/]: FKCRT renderbyitem
[17Sept2026 09:32:57.114] [Render thread/INFO] [epxzzysabers/]: FKCRT PartialItemModelRenderer made for itemstacc 1 epxzzysabers:single_bladed_saber
[17Sept2026 09:32:57.118] [Render thread/INFO] [epxzzysabers/]: FKCRT ItemRendererMixin common
[17Sept2026 09:32:57.118] [Render thread/INFO] [epxzzysabers/]: FKCRT renderbyitem
[17Sept2026 09:32:57.118] [Render thread/INFO] [epxzzysabers/]: FKCRT PartialItemModelRenderer made for itemstacc 1 epxzzysabers:single_bladed_saber
[17Sept2026 09:32:57.119] [Render thread/INFO] [epxzzysabers/]: FKCRT ItemRendererMixin common
[17Sept2026 09:32:57.120] [Render thread/INFO] [epxzzysabers/]: FKCRT renderbyitem
[17Sept2026 09:32:57.120] [Render thread/INFO] [epxzzysabers/]: FKCRT PartialItemModelRenderer made for itemstacc 1 epxzzysabers:single_bladed_saber
[17Sept2026 09:32:57.123] [Render thread/INFO] [epxzzysabers/]: FKCRT ItemRendererMixin common
[17Sept2026 09:32:57.124] [Render thread/INFO] [epxzzysabers/]: FKCRT renderbyitem
[17Sept2026 09:32:57.124] [Render thread/INFO] [epxzzysabers/]: FKCRT PartialItemModelRenderer made for itemstacc 1 epxzzysabers:single_bladed_saber
[17Sept2026 09:32:57.125] [Render thread/INFO] [epxzzysabers/]: FKCRT ItemRendererMixin common
[17Sept2026 09:32:57.125] [Render thread/INFO] [epxzzysabers/]: FKCRT renderbyitem
[17Sept2026 09:32:57.125] [Render thread/INFO] [epxzzysabers/]: FKCRT PartialItemModelRenderer made for itemstacc 1 epxzzysabers:single_bladed_saber
[17Sept2026 09:32:57.128] [Render thread/INFO] [epxzzysabers/]: FKCRT ItemRendererMixin common
[17Sept2026 09:32:57.129] [Render thread/INFO] [epxzzysabers/]: FKCRT renderbyitem
[17Sept2026 09:32:57.129] [Render thread/INFO] [epxzzysabers/]: FKCRT PartialItemModelRenderer made for itemstacc 1 epxzzysabers:single_bladed_saber
[17Sept2026 09:32:57.129] [Render thread/INFO] [epxzzysabers/]: FKCRT ItemRendererMixin common
[17Sept2026 09:32:57.129] [Render thread/INFO] [epxzzysabers/]: FKCRT renderbyitem
[17Sept2026 09:32:57.129] [Render thread/INFO] [epxzzysabers/]: FKCRT PartialItemModelRenderer made for itemstacc 1 epxzzysabers:single_bladed_saber
[17Sept2026 09:32:57.132] [Render thread/INFO] [epxzzysabers/]: FKCRT ItemRendererMixin common
[17Sept2026 09:32:57.132] [Render thread/INFO] [epxzzysabers/]: FKCRT renderbyitem
[17Sept2026 09:32:57.132] [Render thread/INFO] [epxzzysabers/]: FKCRT PartialItemModelRenderer made for itemstacc 1 epxzzysabers:single_bladed_saber
[17Sept2026 09:32:57.133] [Render thread/INFO] [epxzzysabers/]: FKCRT ItemRendererMixin common
[17Sept2026 09:32:57.133] [Render thread/INFO] [epxzzysabers/]: FKCRT renderbyitem
[17Sept2026 09:32:57.133] [Render thread/INFO] [epxzzysabers/]: FKCRT PartialItemModelRenderer made for itemstacc 1 epxzzysabers:single_bladed_saber
[17Sept2026 09:32:57.136] [Render thread/INFO] [epxzzysabers/]: FKCRT ItemRendererMixin common
[17Sept2026 09:32:57.137] [Render thread/INFO] [epxzzysabers/]: FKCRT renderbyitem
[17Sept2026 09:32:57.137] [Render thread/INFO] [epxzzysabers/]: FKCRT PartialItemModelRenderer made for itemstacc 1 epxzzysabers:single_bladed_saber
[17Sept2026 09:32:57.138] [Render thread/INFO] [epxzzysabers/]: FKCRT ItemRendererMixin common
[17Sept2026 09:32:57.139] [Render thread/INFO] [epxzzysabers/]: FKCRT renderbyitem
[17Sept2026 09:32:57.139] [Render thread/INFO] [epxzzysabers/]: FKCRT PartialItemModelRenderer made for itemstacc 1 epxzzysabers:single_bladed_saber
[17Sept2026 09:32:57.142] [Render thread/INFO] [epxzzysabers/]: FKCRT ItemRendererMixin common
[17Sept2026 09:32:57.142] [Render thread/INFO] [epxzzysabers/]: FKCRT renderbyitem
[17Sept2026 09:32:57.142] [Render thread/INFO] [epxzzysabers/]: FKCRT PartialItemModelRenderer made for itemstacc 1 epxzzysabers:single_bladed_saber
[17Sept2026 09:32:57.143] [Render thread/INFO] [epxzzysabers/]: FKCRT ItemRendererMixin common
[17Sept2026 09:32:57.143] [Render thread/INFO] [epxzzysabers/]: FKCRT renderbyitem
[17Sept2026 09:32:57.143] [Render thread/INFO] [epxzzysabers/]: FKCRT PartialItemModelRenderer made for itemstacc 1 epxzzysabers:single_bladed_saber
[17Sept2026 09:32:57.148] [Render thread/INFO] [epxzzysabers/]: FKCRT ItemRendererMixin common
[17Sept2026 09:32:57.149] [Render thread/INFO] [epxzzysabers/]: FKCRT renderbyitem
[17Sept2026 09:32:57.149] [Render thread/INFO] [epxzzysabers/]: FKCRT PartialItemModelRenderer made for itemstacc 1 epxzzysabers:single_bladed_saber
[17Sept2026 09:32:57.149] [Render thread/INFO] [epxzzysabers/]: FKCRT ItemRendererMixin common
[17Sept2026 09:32:57.149] [Render thread/INFO] [epxzzysabers/]: FKCRT renderbyitem
[17Sept2026 09:32:57.149] [Render thread/INFO] [epxzzysabers/]: FKCRT PartialItemModelRenderer made for itemstacc 1 epxzzysabers:single_bladed_saber
[17Sept2026 09:32:57.155] [Render thread/INFO] [epxzzysabers/]: FKCRT ItemRendererMixin common
[17Sept2026 09:32:57.156] [Render thread/INFO] [epxzzysabers/]: FKCRT renderbyitem
[17Sept2026 09:32:57.156] [Render thread/INFO] [epxzzysabers/]: FKCRT PartialItemModelRenderer made for itemstacc 1 epxzzysabers:single_bladed_saber
[17Sept2026 09:32:57.157] [Render thread/INFO] [epxzzysabers/]: FKCRT ItemRendererMixin common
[17Sept2026 09:32:57.157] [Render thread/INFO] [epxzzysabers/]: FKCRT renderbyitem
[17Sept2026 09:32:57.157] [Render thread/INFO] [epxzzysabers/]: FKCRT PartialItemModelRenderer made for itemstacc 1 epxzzysabers:single_bladed_saber
[17Sept2026 09:32:57.160] [Render thread/INFO] [epxzzysabers/]: FKCRT ItemRendererMixin common
[17Sept2026 09:32:57.161] [Render thread/INFO] [epxzzysabers/]: FKCRT renderbyitem
[17Sept2026 09:32:57.161] [Render thread/INFO] [epxzzysabers/]: FKCRT PartialItemModelRenderer made for itemstacc 1 epxzzysabers:single_bladed_saber
[17Sept2026 09:32:57.161] [Render thread/INFO] [epxzzysabers/]: FKCRT ItemRendererMixin common
[17Sept2026 09:32:57.161] [Render thread/INFO] [epxzzysabers/]: FKCRT renderbyitem
[17Sept2026 09:32:57.161] [Render thread/INFO] [epxzzysabers/]: FKCRT PartialItemModelRenderer made for itemstacc 1 epxzzysabers:single_bladed_saber
[17Sept2026 09:32:57.165] [Render thread/INFO] [epxzzysabers/]: FKCRT ItemRendererMixin common
[17Sept2026 09:32:57.165] [Render thread/INFO] [epxzzysabers/]: FKCRT renderbyitem
[17Sept2026 09:32:57.165] [Render thread/INFO] [epxzzysabers/]: FKCRT PartialItemModelRenderer made for itemstacc 1 epxzzysabers:single_bladed_saber
[17Sept2026 09:32:57.166] [Render thread/INFO] [epxzzysabers/]: FKCRT ItemRendererMixin common
[17Sept2026 09:32:57.166] [Render thread/INFO] [epxzzysabers/]: FKCRT renderbyitem
[17Sept2026 09:32:57.166] [Render thread/INFO] [epxzzysabers/]: FKCRT PartialItemModelRenderer made for itemstacc 1 epxzzysabers:single_bladed_saber
[17Sept2026 09:32:57.171] [Render thread/INFO] [epxzzysabers/]: FKCRT ItemRendererMixin common
[17Sept2026 09:32:57.171] [Render thread/INFO] [epxzzysabers/]: FKCRT renderbyitem
[17Sept2026 09:32:57.171] [Render thread/INFO] [epxzzysabers/]: FKCRT PartialItemModelRenderer made for itemstacc 1 epxzzysabers:single_bladed_saber
[17Sept2026 09:32:57.171] [Render thread/INFO] [epxzzysabers/]: FKCRT ItemRendererMixin common
[17Sept2026 09:32:57.172] [Render thread/INFO] [epxzzysabers/]: FKCRT renderbyitem
[17Sept2026 09:32:57.172] [Render thread/INFO] [epxzzysabers/]: FKCRT PartialItemModelRenderer made for itemstacc 1 epxzzysabers:single_bladed_saber
[17Sept2026 09:32:57.177] [Render thread/INFO] [epxzzysabers/]: FKCRT ItemRendererMixin common
[17Sept2026 09:32:57.177] [Render thread/INFO] [epxzzysabers/]: FKCRT renderbyitem
[17Sept2026 09:32:57.178] [Render thread/INFO] [epxzzysabers/]: FKCRT PartialItemModelRenderer made for itemstacc 1 epxzzysabers:single_bladed_saber
[17Sept2026 09:32:57.178] [Render thread/INFO] [epxzzysabers/]: FKCRT ItemRendererMixin common
[17Sept2026 09:32:57.179] [Render thread/INFO] [epxzzysabers/]: FKCRT renderbyitem
[17Sept2026 09:32:57.179] [Render thread/INFO] [epxzzysabers/]: FKCRT PartialItemModelRenderer made for itemstacc 1 epxzzysabers:single_bladed_saber
[17Sept2026 09:32:57.182] [Render thread/INFO] [epxzzysabers/]: FKCRT ItemRendererMixin common
[17Sept2026 09:32:57.183] [Render thread/INFO] [epxzzysabers/]: FKCRT renderbyitem
[17Sept2026 09:32:57.183] [Render thread/INFO] [epxzzysabers/]: FKCRT PartialItemModelRenderer made for itemstacc 1 epxzzysabers:single_bladed_saber
[17Sept2026 09:32:57.183] [Render thread/INFO] [epxzzysabers/]: FKCRT ItemRendererMixin common
[17Sept2026 09:32:57.184] [Render thread/INFO] [epxzzysabers/]: FKCRT renderbyitem
[17Sept2026 09:32:57.184] [Render thread/INFO] [epxzzysabers/]: FKCRT PartialItemModelRenderer made for itemstacc 1 epxzzysabers:single_bladed_saber
[17Sept2026 09:32:57.187] [Render thread/INFO] [epxzzysabers/]: FKCRT ItemRendererMixin common
[17Sept2026 09:32:57.187] [Render thread/INFO] [epxzzysabers/]: FKCRT renderbyitem
[17Sept2026 09:32:57.187] [Render thread/INFO] [epxzzysabers/]: FKCRT PartialItemModelRenderer made for itemstacc 1 epxzzysabers:single_bladed_saber
[17Sept2026 09:32:57.188] [Render thread/INFO] [epxzzysabers/]: FKCRT ItemRendererMixin common
[17Sept2026 09:32:57.188] [Render thread/INFO] [epxzzysabers/]: FKCRT renderbyitem
[17Sept2026 09:32:57.188] [Render thread/INFO] [epxzzysabers/]: FKCRT PartialItemModelRenderer made for itemstacc 1 epxzzysabers:single_bladed_saber
[17Sept2026 09:32:57.194] [Render thread/INFO] [epxzzysabers/]: FKCRT ItemRendererMixin common
[17Sept2026 09:32:57.195] [Render thread/INFO] [epxzzysabers/]: FKCRT renderbyitem
[17Sept2026 09:32:57.195] [Render thread/INFO] [epxzzysabers/]: FKCRT PartialItemModelRenderer made for itemstacc 1 epxzzysabers:single_bladed_saber
[17Sept2026 09:32:57.196] [Render thread/INFO] [epxzzysabers/]: FKCRT ItemRendererMixin common
[17Sept2026 09:32:57.196] [Render thread/INFO] [epxzzysabers/]: FKCRT renderbyitem
[17Sept2026 09:32:57.196] [Render thread/INFO] [epxzzysabers/]: FKCRT PartialItemModelRenderer made for itemstacc 1 epxzzysabers:single_bladed_saber
[17Sept2026 09:32:57.202] [Render thread/INFO] [epxzzysabers/]: FKCRT ItemRendererMixin common
[17Sept2026 09:32:57.203] [Render thread/INFO] [epxzzysabers/]: FKCRT renderbyitem
[17Sept2026 09:32:57.203] [Render thread/INFO] [epxzzysabers/]: FKCRT PartialItemModelRenderer made for itemstacc 1 epxzzysabers:single_bladed_saber
[17Sept2026 09:32:57.204] [Render thread/INFO] [epxzzysabers/]: FKCRT ItemRendererMixin common
[17Sept2026 09:32:57.204] [Render thread/INFO] [epxzzysabers/]: FKCRT renderbyitem
[17Sept2026 09:32:57.204] [Render thread/INFO] [epxzzysabers/]: FKCRT PartialItemModelRenderer made for itemstacc 1 epxzzysabers:single_bladed_saber
[17Sept2026 09:32:57.207] [Render thread/INFO] [epxzzysabers/]: FKCRT ItemRendererMixin common
[17Sept2026 09:32:57.208] [Render thread/INFO] [epxzzysabers/]: FKCRT renderbyitem
[17Sept2026 09:32:57.208] [Render thread/INFO] [epxzzysabers/]: FKCRT PartialItemModelRenderer made for itemstacc 1 epxzzysabers:single_bladed_saber
[17Sept2026 09:32:57.208] [Render thread/INFO] [epxzzysabers/]: FKCRT ItemRendererMixin common
[17Sept2026 09:32:57.208] [Render thread/INFO] [epxzzysabers/]: FKCRT renderbyitem
[17Sept2026 09:32:57.208] [Render thread/INFO] [epxzzysabers/]: FKCRT PartialItemModelRenderer made for itemstacc 1 epxzzysabers:single_bladed_saber
[17Sept2026 09:32:57.213] [Render thread/INFO] [epxzzysabers/]: FKCRT ItemRendererMixin common
[17Sept2026 09:32:57.213] [Render thread/INFO] [epxzzysabers/]: FKCRT renderbyitem
[17Sept2026 09:32:57.213] [Render thread/INFO] [epxzzysabers/]: FKCRT PartialItemModelRenderer made for itemstacc 1 epxzzysabers:single_bladed_saber
[17Sept2026 09:32:57.214] [Render thread/INFO] [epxzzysabers/]: FKCRT ItemRendererMixin common
[17Sept2026 09:32:57.214] [Render thread/INFO] [epxzzysabers/]: FKCRT renderbyitem
[17Sept2026 09:32:57.214] [Render thread/INFO] [epxzzysabers/]: FKCRT PartialItemModelRenderer made for itemstacc 1 epxzzysabers:single_bladed_saber
[17Sept2026 09:32:57.217] [Render thread/INFO] [epxzzysabers/]: FKCRT ItemRendererMixin common
[17Sept2026 09:32:57.217] [Render thread/INFO] [epxzzysabers/]: FKCRT renderbyitem
[17Sept2026 09:32:57.218] [Render thread/INFO] [epxzzysabers/]: FKCRT PartialItemModelRenderer made for itemstacc 1 epxzzysabers:single_bladed_saber
[17Sept2026 09:32:57.218] [Render thread/INFO] [epxzzysabers/]: FKCRT ItemRendererMixin common
[17Sept2026 09:32:57.218] [Render thread/INFO] [epxzzysabers/]: FKCRT renderbyitem
[17Sept2026 09:32:57.219] [Render thread/INFO] [epxzzysabers/]: FKCRT PartialItemModelRenderer made for itemstacc 1 epxzzysabers:single_bladed_saber
[17Sept2026 09:32:57.224] [Render thread/INFO] [epxzzysabers/]: FKCRT ItemRendererMixin common
[17Sept2026 09:32:57.224] [Render thread/INFO] [epxzzysabers/]: FKCRT renderbyitem
[17Sept2026 09:32:57.224] [Render thread/INFO] [epxzzysabers/]: FKCRT PartialItemModelRenderer made for itemstacc 1 epxzzysabers:single_bladed_saber
[17Sept2026 09:32:57.225] [Render thread/INFO] [epxzzysabers/]: FKCRT ItemRendererMixin common
[17Sept2026 09:32:57.225] [Render thread/INFO] [epxzzysabers/]: FKCRT renderbyitem
[17Sept2026 09:32:57.225] [Render thread/INFO] [epxzzysabers/]: FKCRT PartialItemModelRenderer made for itemstacc 1 epxzzysabers:single_bladed_saber
[17Sept2026 09:32:57.228] [Render thread/INFO] [epxzzysabers/]: FKCRT ItemRendererMixin common
[17Sept2026 09:32:57.229] [Render thread/INFO] [epxzzysabers/]: FKCRT renderbyitem
[17Sept2026 09:32:57.229] [Render thread/INFO] [epxzzysabers/]: FKCRT PartialItemModelRenderer made for itemstacc 1 epxzzysabers:single_bladed_saber
[17Sept2026 09:32:57.230] [Render thread/INFO] [epxzzysabers/]: FKCRT ItemRendererMixin common
[17Sept2026 09:32:57.230] [Render thread/INFO] [epxzzysabers/]: FKCRT renderbyitem
[17Sept2026 09:32:57.230] [Render thread/INFO] [epxzzysabers/]: FKCRT PartialItemModelRenderer made for itemstacc 1 epxzzysabers:single_bladed_saber
[17Sept2026 09:32:57.234] [Render thread/INFO] [epxzzysabers/]: FKCRT ItemRendererMixin common
[17Sept2026 09:32:57.234] [Render thread/INFO] [epxzzysabers/]: FKCRT renderbyitem
[17Sept2026 09:32:57.234] [Render thread/INFO] [epxzzysabers/]: FKCRT PartialItemModelRenderer made for itemstacc 1 epxzzysabers:single_bladed_saber
[17Sept2026 09:32:57.235] [Render thread/INFO] [epxzzysabers/]: FKCRT ItemRendererMixin common
[17Sept2026 09:32:57.235] [Render thread/INFO] [epxzzysabers/]: FKCRT renderbyitem
[17Sept2026 09:32:57.235] [Render thread/INFO] [epxzzysabers/]: FKCRT PartialItemModelRenderer made for itemstacc 1 epxzzysabers:single_bladed_saber
[17Sept2026 09:32:57.239] [Render thread/INFO] [epxzzysabers/]: FKCRT ItemRendererMixin common
[17Sept2026 09:32:57.239] [Render thread/INFO] [epxzzysabers/]: FKCRT renderbyitem
[17Sept2026 09:32:57.240] [Render thread/INFO] [epxzzysabers/]: FKCRT PartialItemModelRenderer made for itemstacc 1 epxzzysabers:single_bladed_saber
[17Sept2026 09:32:57.240] [Render thread/INFO] [epxzzysabers/]: FKCRT ItemRendererMixin common
[17Sept2026 09:32:57.240] [Render thread/INFO] [epxzzysabers/]: FKCRT renderbyitem
[17Sept2026 09:32:57.240] [Render thread/INFO] [epxzzysabers/]: FKCRT PartialItemModelRenderer made for itemstacc 1 epxzzysabers:single_bladed_saber
[17Sept2026 09:32:57.244] [Render thread/INFO] [epxzzysabers/]: FKCRT ItemRendererMixin common
[17Sept2026 09:32:57.244] [Render thread/INFO] [epxzzysabers/]: FKCRT renderbyitem
[17Sept2026 09:32:57.244] [Render thread/INFO] [epxzzysabers/]: FKCRT PartialItemModelRenderer made for itemstacc 1 epxzzysabers:single_bladed_saber
[17Sept2026 09:32:57.245] [Render thread/INFO] [epxzzysabers/]: FKCRT ItemRendererMixin common
[17Sept2026 09:32:57.245] [Render thread/INFO] [epxzzysabers/]: FKCRT renderbyitem
[17Sept2026 09:32:57.245] [Render thread/INFO] [epxzzysabers/]: FKCRT PartialItemModelRenderer made for itemstacc 1 epxzzysabers:single_bladed_saber
[17Sept2026 09:32:57.252] [Render thread/INFO] [epxzzysabers/]: FKCRT ItemRendererMixin common
[17Sept2026 09:32:57.252] [Render thread/INFO] [epxzzysabers/]: FKCRT renderbyitem
[17Sept2026 09:32:57.253] [Render thread/INFO] [epxzzysabers/]: FKCRT PartialItemModelRenderer made for itemstacc 1 epxzzysabers:single_bladed_saber
[17Sept2026 09:32:57.254] [Render thread/INFO] [epxzzysabers/]: FKCRT ItemRendererMixin common
[17Sept2026 09:32:57.255] [Render thread/INFO] [epxzzysabers/]: FKCRT renderbyitem
[17Sept2026 09:32:57.255] [Render thread/INFO] [epxzzysabers/]: FKCRT PartialItemModelRenderer made for itemstacc 1 epxzzysabers:single_bladed_saber
[17Sept2026 09:32:57.257] [Render thread/INFO] [epxzzysabers/]: FKCRT ItemRendererMixin common
[17Sept2026 09:32:57.258] [Render thread/INFO] [epxzzysabers/]: FKCRT renderbyitem
[17Sept2026 09:32:57.258] [Render thread/INFO] [epxzzysabers/]: FKCRT PartialItemModelRenderer made for itemstacc 1 epxzzysabers:single_bladed_saber
[17Sept2026 09:32:57.258] [Render thread/INFO] [epxzzysabers/]: FKCRT ItemRendererMixin common
[17Sept2026 09:32:57.259] [Render thread/INFO] [epxzzysabers/]: FKCRT renderbyitem
[17Sept2026 09:32:57.259] [Render thread/INFO] [epxzzysabers/]: FKCRT PartialItemModelRenderer made for itemstacc 1 epxzzysabers:single_bladed_saber
[17Sept2026 09:32:57.263] [Render thread/INFO] [epxzzysabers/]: FKCRT ItemRendererMixin common
[17Sept2026 09:32:57.264] [Render thread/INFO] [epxzzysabers/]: FKCRT renderbyitem
[17Sept2026 09:32:57.264] [Render thread/INFO] [epxzzysabers/]: FKCRT PartialItemModelRenderer made for itemstacc 1 epxzzysabers:single_bladed_saber
[17Sept2026 09:32:57.265] [Render thread/INFO] [epxzzysabers/]: FKCRT ItemRendererMixin common
[17Sept2026 09:32:57.265] [Render thread/INFO] [epxzzysabers/]: FKCRT renderbyitem
[17Sept2026 09:32:57.265] [Render thread/INFO] [epxzzysabers/]: FKCRT PartialItemModelRenderer made for itemstacc 1 epxzzysabers:single_bladed_saber
[17Sept2026 09:32:57.269] [Render thread/INFO] [epxzzysabers/]: FKCRT ItemRendererMixin common
[17Sept2026 09:32:57.269] [Render thread/INFO] [epxzzysabers/]: FKCRT renderbyitem
[17Sept2026 09:32:57.270] [Render thread/INFO] [epxzzysabers/]: FKCRT PartialItemModelRenderer made for itemstacc 1 epxzzysabers:single_bladed_saber
[17Sept2026 09:32:57.270] [Render thread/INFO] [epxzzysabers/]: FKCRT ItemRendererMixin common
[17Sept2026 09:32:57.271] [Render thread/INFO] [epxzzysabers/]: FKCRT renderbyitem
[17Sept2026 09:32:57.271] [Render thread/INFO] [epxzzysabers/]: FKCRT PartialItemModelRenderer made for itemstacc 1 epxzzysabers:single_bladed_saber
[17Sept2026 09:32:57.276] [Render thread/INFO] [epxzzysabers/]: FKCRT ItemRendererMixin common
[17Sept2026 09:32:57.276] [Render thread/INFO] [epxzzysabers/]: FKCRT renderbyitem
[17Sept2026 09:32:57.277] [Render thread/INFO] [epxzzysabers/]: FKCRT PartialItemModelRenderer made for itemstacc 1 epxzzysabers:single_bladed_saber
[17Sept2026 09:32:57.277] [Render thread/INFO] [epxzzysabers/]: FKCRT ItemRendererMixin common
[17Sept2026 09:32:57.277] [Render thread/INFO] [epxzzysabers/]: FKCRT renderbyitem
[17Sept2026 09:32:57.277] [Render thread/INFO] [epxzzysabers/]: FKCRT PartialItemModelRenderer made for itemstacc 1 epxzzysabers:single_bladed_saber
[17Sept2026 09:32:57.281] [Render thread/INFO] [epxzzysabers/]: FKCRT ItemRendererMixin common
[17Sept2026 09:32:57.282] [Render thread/INFO] [epxzzysabers/]: FKCRT renderbyitem
[17Sept2026 09:32:57.282] [Render thread/INFO] [epxzzysabers/]: FKCRT PartialItemModelRenderer made for itemstacc 1 epxzzysabers:single_bladed_saber
[17Sept2026 09:32:57.282] [Render thread/INFO] [epxzzysabers/]: FKCRT ItemRendererMixin common
[17Sept2026 09:32:57.282] [Render thread/INFO] [epxzzysabers/]: FKCRT renderbyitem
[17Sept2026 09:32:57.282] [Render thread/INFO] [epxzzysabers/]: FKCRT PartialItemModelRenderer made for itemstacc 1 epxzzysabers:single_bladed_saber
[17Sept2026 09:32:57.286] [Render thread/INFO] [epxzzysabers/]: FKCRT ItemRendererMixin common
[17Sept2026 09:32:57.286] [Render thread/INFO] [epxzzysabers/]: FKCRT renderbyitem
[17Sept2026 09:32:57.286] [Render thread/INFO] [epxzzysabers/]: FKCRT PartialItemModelRenderer made for itemstacc 1 epxzzysabers:single_bladed_saber
[17Sept2026 09:32:57.287] [Render thread/INFO] [epxzzysabers/]: FKCRT ItemRendererMixin common
[17Sept2026 09:32:57.287] [Render thread/INFO] [epxzzysabers/]: FKCRT renderbyitem
[17Sept2026 09:32:57.287] [Render thread/INFO] [epxzzysabers/]: FKCRT PartialItemModelRenderer made for itemstacc 1 epxzzysabers:single_bladed_saber
[17Sept2026 09:32:57.291] [Render thread/INFO] [epxzzysabers/]: FKCRT ItemRendererMixin common
[17Sept2026 09:32:57.292] [Render thread/INFO] [epxzzysabers/]: FKCRT renderbyitem
[17Sept2026 09:32:57.292] [Render thread/INFO] [epxzzysabers/]: FKCRT PartialItemModelRenderer made for itemstacc 1 epxzzysabers:single_bladed_saber
[17Sept2026 09:32:57.292] [Render thread/INFO] [epxzzysabers/]: FKCRT ItemRendererMixin common
[17Sept2026 09:32:57.293] [Render thread/INFO] [epxzzysabers/]: FKCRT renderbyitem
[17Sept2026 09:32:57.293] [Render thread/INFO] [epxzzysabers/]: FKCRT PartialItemModelRenderer made for itemstacc 1 epxzzysabers:single_bladed_saber
[17Sept2026 09:32:57.296] [Render thread/INFO] [epxzzysabers/]: FKCRT ItemRendererMixin common
[17Sept2026 09:32:57.296] [Render thread/INFO] [epxzzysabers/]: FKCRT renderbyitem
[17Sept2026 09:32:57.296] [Render thread/INFO] [epxzzysabers/]: FKCRT PartialItemModelRenderer made for itemstacc 1 epxzzysabers:single_bladed_saber
[17Sept2026 09:32:57.297] [Render thread/INFO] [epxzzysabers/]: FKCRT ItemRendererMixin common
[17Sept2026 09:32:57.297] [Render thread/INFO] [epxzzysabers/]: FKCRT renderbyitem
[17Sept2026 09:32:57.297] [Render thread/INFO] [epxzzysabers/]: FKCRT PartialItemModelRenderer made for itemstacc 1 epxzzysabers:single_bladed_saber
[17Sept2026 09:32:57.303] [Render thread/INFO] [epxzzysabers/]: FKCRT ItemRendererMixin common
[17Sept2026 09:32:57.303] [Render thread/INFO] [epxzzysabers/]: FKCRT renderbyitem
[17Sept2026 09:32:57.303] [Render thread/INFO] [epxzzysabers/]: FKCRT PartialItemModelRenderer made for itemstacc 1 epxzzysabers:single_bladed_saber
[17Sept2026 09:32:57.304] [Render thread/INFO] [epxzzysabers/]: FKCRT ItemRendererMixin common
[17Sept2026 09:32:57.304] [Render thread/INFO] [epxzzysabers/]: FKCRT renderbyitem
[17Sept2026 09:32:57.304] [Render thread/INFO] [epxzzysabers/]: FKCRT PartialItemModelRenderer made for itemstacc 1 epxzzysabers:single_bladed_saber
[17Sept2026 09:32:57.308] [Render thread/INFO] [epxzzysabers/]: FKCRT ItemRendererMixin common
[17Sept2026 09:32:57.308] [Render thread/INFO] [epxzzysabers/]: FKCRT renderbyitem
[17Sept2026 09:32:57.308] [Render thread/INFO] [epxzzysabers/]: FKCRT PartialItemModelRenderer made for itemstacc 1 epxzzysabers:single_bladed_saber
[17Sept2026 09:32:57.308] [Render thread/INFO] [epxzzysabers/]: FKCRT ItemRendererMixin common
[17Sept2026 09:32:57.309] [Render thread/INFO] [epxzzysabers/]: FKCRT renderbyitem
[17Sept2026 09:32:57.309] [Render thread/INFO] [epxzzysabers/]: FKCRT PartialItemModelRenderer made for itemstacc 1 epxzzysabers:single_bladed_saber
[17Sept2026 09:32:57.312] [Render thread/INFO] [epxzzysabers/]: FKCRT ItemRendererMixin common
[17Sept2026 09:32:57.312] [Render thread/INFO] [epxzzysabers/]: FKCRT renderbyitem
[17Sept2026 09:32:57.312] [Render thread/INFO] [epxzzysabers/]: FKCRT PartialItemModelRenderer made for itemstacc 1 epxzzysabers:single_bladed_saber
[17Sept2026 09:32:57.313] [Render thread/INFO] [epxzzysabers/]: FKCRT ItemRendererMixin common
[17Sept2026 09:32:57.313] [Render thread/INFO] [epxzzysabers/]: FKCRT renderbyitem
[17Sept2026 09:32:57.313] [Render thread/INFO] [epxzzysabers/]: FKCRT PartialItemModelRenderer made for itemstacc 1 epxzzysabers:single_bladed_saber
[17Sept2026 09:32:57.316] [Render thread/INFO] [epxzzysabers/]: FKCRT ItemRendererMixin common
[17Sept2026 09:32:57.316] [Render thread/INFO] [epxzzysabers/]: FKCRT renderbyitem
[17Sept2026 09:32:57.316] [Render thread/INFO] [epxzzysabers/]: FKCRT PartialItemModelRenderer made for itemstacc 1 epxzzysabers:single_bladed_saber
[17Sept2026 09:32:57.317] [Render thread/INFO] [epxzzysabers/]: FKCRT ItemRendererMixin common
[17Sept2026 09:32:57.317] [Render thread/INFO] [epxzzysabers/]: FKCRT renderbyitem
[17Sept2026 09:32:57.317] [Render thread/INFO] [epxzzysabers/]: FKCRT PartialItemModelRenderer made for itemstacc 1 epxzzysabers:single_bladed_saber
[17Sept2026 09:32:57.322] [Render thread/INFO] [epxzzysabers/]: FKCRT ItemRendererMixin common
[17Sept2026 09:32:57.322] [Render thread/INFO] [epxzzysabers/]: FKCRT renderbyitem
[17Sept2026 09:32:57.322] [Render thread/INFO] [epxzzysabers/]: FKCRT PartialItemModelRenderer made for itemstacc 1 epxzzysabers:single_bladed_saber
[17Sept2026 09:32:57.322] [Render thread/INFO] [epxzzysabers/]: FKCRT ItemRendererMixin common
[17Sept2026 09:32:57.323] [Render thread/INFO] [epxzzysabers/]: FKCRT renderbyitem
[17Sept2026 09:32:57.323] [Render thread/INFO] [epxzzysabers/]: FKCRT PartialItemModelRenderer made for itemstacc 1 epxzzysabers:single_bladed_saber
[17Sept2026 09:32:57.325] [Render thread/INFO] [epxzzysabers/]: FKCRT ItemRendererMixin common
[17Sept2026 09:32:57.326] [Render thread/INFO] [epxzzysabers/]: FKCRT renderbyitem
[17Sept2026 09:32:57.326] [Render thread/INFO] [epxzzysabers/]: FKCRT PartialItemModelRenderer made for itemstacc 1 epxzzysabers:single_bladed_saber
[17Sept2026 09:32:57.326] [Render thread/INFO] [epxzzysabers/]: FKCRT ItemRendererMixin common
[17Sept2026 09:32:57.327] [Render thread/INFO] [epxzzysabers/]: FKCRT renderbyitem
[17Sept2026 09:32:57.327] [Render thread/INFO] [epxzzysabers/]: FKCRT PartialItemModelRenderer made for itemstacc 1 epxzzysabers:single_bladed_saber
[17Sept2026 09:32:57.330] [Render thread/INFO] [epxzzysabers/]: FKCRT ItemRendererMixin common
[17Sept2026 09:32:57.330] [Render thread/INFO] [epxzzysabers/]: FKCRT renderbyitem
[17Sept2026 09:32:57.330] [Render thread/INFO] [epxzzysabers/]: FKCRT PartialItemModelRenderer made for itemstacc 1 epxzzysabers:single_bladed_saber
[17Sept2026 09:32:57.330] [Render thread/INFO] [epxzzysabers/]: FKCRT ItemRendererMixin common
[17Sept2026 09:32:57.330] [Render thread/INFO] [epxzzysabers/]: FKCRT renderbyitem
[17Sept2026 09:32:57.331] [Render thread/INFO] [epxzzysabers/]: FKCRT PartialItemModelRenderer made for itemstacc 1 epxzzysabers:single_bladed_saber
[17Sept2026 09:32:57.333] [Render thread/INFO] [epxzzysabers/]: FKCRT ItemRendererMixin common
[17Sept2026 09:32:57.333] [Render thread/INFO] [epxzzysabers/]: FKCRT renderbyitem
[17Sept2026 09:32:57.333] [Render thread/INFO] [epxzzysabers/]: FKCRT PartialItemModelRenderer made for itemstacc 1 epxzzysabers:single_bladed_saber
[17Sept2026 09:32:57.334] [Render thread/INFO] [epxzzysabers/]: FKCRT ItemRendererMixin common
[17Sept2026 09:32:57.334] [Render thread/INFO] [epxzzysabers/]: FKCRT renderbyitem
[17Sept2026 09:32:57.334] [Render thread/INFO] [epxzzysabers/]: FKCRT PartialItemModelRenderer made for itemstacc 1 epxzzysabers:single_bladed_saber
[17Sept2026 09:32:57.337] [Render thread/INFO] [epxzzysabers/]: FKCRT ItemRendererMixin common
[17Sept2026 09:32:57.337] [Render thread/INFO] [epxzzysabers/]: FKCRT renderbyitem
[17Sept2026 09:32:57.337] [Render thread/INFO] [epxzzysabers/]: FKCRT PartialItemModelRenderer made for itemstacc 1 epxzzysabers:single_bladed_saber
[17Sept2026 09:32:57.338] [Render thread/INFO] [epxzzysabers/]: FKCRT ItemRendererMixin common
[17Sept2026 09:32:57.338] [Render thread/INFO] [epxzzysabers/]: FKCRT renderbyitem
[17Sept2026 09:32:57.338] [Render thread/INFO] [epxzzysabers/]: FKCRT PartialItemModelRenderer made for itemstacc 1 epxzzysabers:single_bladed_saber
[17Sept2026 09:32:57.342] [Render thread/INFO] [epxzzysabers/]: FKCRT ItemRendererMixin common
[17Sept2026 09:32:57.342] [Render thread/INFO] [epxzzysabers/]: FKCRT renderbyitem
[17Sept2026 09:32:57.342] [Render thread/INFO] [epxzzysabers/]: FKCRT PartialItemModelRenderer made for itemstacc 1 epxzzysabers:single_bladed_saber
[17Sept2026 09:32:57.343] [Render thread/INFO] [epxzzysabers/]: FKCRT ItemRendererMixin common
[17Sept2026 09:32:57.343] [Render thread/INFO] [epxzzysabers/]: FKCRT renderbyitem
[17Sept2026 09:32:57.343] [Render thread/INFO] [epxzzysabers/]: FKCRT PartialItemModelRenderer made for itemstacc 1 epxzzysabers:single_bladed_saber
[17Sept2026 09:32:57.346] [Render thread/INFO] [epxzzysabers/]: FKCRT ItemRendererMixin common
[17Sept2026 09:32:57.347] [Render thread/INFO] [epxzzysabers/]: FKCRT renderbyitem
[17Sept2026 09:32:57.347] [Render thread/INFO] [epxzzysabers/]: FKCRT PartialItemModelRenderer made for itemstacc 1 epxzzysabers:single_bladed_saber
[17Sept2026 09:32:57.348] [Render thread/INFO] [epxzzysabers/]: FKCRT ItemRendererMixin common
[17Sept2026 09:32:57.348] [Render thread/INFO] [epxzzysabers/]: FKCRT renderbyitem
[17Sept2026 09:32:57.348] [Render thread/INFO] [epxzzysabers/]: FKCRT PartialItemModelRenderer made for itemstacc 1 epxzzysabers:single_bladed_saber
[17Sept2026 09:32:57.353] [Render thread/INFO] [epxzzysabers/]: FKCRT ItemRendererMixin common
[17Sept2026 09:32:57.353] [Render thread/INFO] [epxzzysabers/]: FKCRT renderbyitem
[17Sept2026 09:32:57.353] [Render thread/INFO] [epxzzysabers/]: FKCRT PartialItemModelRenderer made for itemstacc 1 epxzzysabers:single_bladed_saber
[17Sept2026 09:32:57.354] [Render thread/INFO] [epxzzysabers/]: FKCRT ItemRendererMixin common
[17Sept2026 09:32:57.355] [Render thread/INFO] [epxzzysabers/]: FKCRT renderbyitem
[17Sept2026 09:32:57.355] [Render thread/INFO] [epxzzysabers/]: FKCRT PartialItemModelRenderer made for itemstacc 1 epxzzysabers:single_bladed_saber
[17Sept2026 09:32:57.358] [Render thread/INFO] [epxzzysabers/]: FKCRT ItemRendererMixin common
[17Sept2026 09:32:57.359] [Render thread/INFO] [epxzzysabers/]: FKCRT renderbyitem
[17Sept2026 09:32:57.359] [Render thread/INFO] [epxzzysabers/]: FKCRT PartialItemModelRenderer made for itemstacc 1 epxzzysabers:single_bladed_saber
[17Sept2026 09:32:57.359] [Render thread/INFO] [epxzzysabers/]: FKCRT ItemRendererMixin common
[17Sept2026 09:32:57.359] [Render thread/INFO] [epxzzysabers/]: FKCRT renderbyitem
[17Sept2026 09:32:57.359] [Render thread/INFO] [epxzzysabers/]: FKCRT PartialItemModelRenderer made for itemstacc 1 epxzzysabers:single_bladed_saber
[17Sept2026 09:32:57.363] [Render thread/INFO] [epxzzysabers/]: FKCRT ItemRendererMixin common
[17Sept2026 09:32:57.364] [Render thread/INFO] [epxzzysabers/]: FKCRT renderbyitem
[17Sept2026 09:32:57.364] [Render thread/INFO] [epxzzysabers/]: FKCRT PartialItemModelRenderer made for itemstacc 1 epxzzysabers:single_bladed_saber
[17Sept2026 09:32:57.364] [Render thread/INFO] [epxzzysabers/]: FKCRT ItemRendererMixin common
[17Sept2026 09:32:57.364] [Render thread/INFO] [epxzzysabers/]: FKCRT renderbyitem
[17Sept2026 09:32:57.364] [Render thread/INFO] [epxzzysabers/]: FKCRT PartialItemModelRenderer made for itemstacc 1 epxzzysabers:single_bladed_saber
[17Sept2026 09:32:57.372] [Render thread/INFO] [epxzzysabers/]: FKCRT ItemRendererMixin common
[17Sept2026 09:32:57.373] [Render thread/INFO] [epxzzysabers/]: FKCRT renderbyitem
[17Sept2026 09:32:57.373] [Render thread/INFO] [epxzzysabers/]: FKCRT PartialItemModelRenderer made for itemstacc 1 epxzzysabers:single_bladed_saber
[17Sept2026 09:32:57.374] [Render thread/INFO] [epxzzysabers/]: FKCRT ItemRendererMixin common
[17Sept2026 09:32:57.374] [Render thread/INFO] [epxzzysabers/]: FKCRT renderbyitem
[17Sept2026 09:32:57.375] [Render thread/INFO] [epxzzysabers/]: FKCRT PartialItemModelRenderer made for itemstacc 1 epxzzysabers:single_bladed_saber
[17Sept2026 09:32:57.378] [Render thread/INFO] [epxzzysabers/]: FKCRT ItemRendererMixin common
[17Sept2026 09:32:57.379] [Render thread/INFO] [epxzzysabers/]: FKCRT renderbyitem
[17Sept2026 09:32:57.379] [Render thread/INFO] [epxzzysabers/]: FKCRT PartialItemModelRenderer made for itemstacc 1 epxzzysabers:single_bladed_saber
[17Sept2026 09:32:57.380] [Render thread/INFO] [epxzzysabers/]: FKCRT ItemRendererMixin common
[17Sept2026 09:32:57.380] [Render thread/INFO] [epxzzysabers/]: FKCRT renderbyitem
[17Sept2026 09:32:57.380] [Render thread/INFO] [epxzzysabers/]: FKCRT PartialItemModelRenderer made for itemstacc 1 epxzzysabers:single_bladed_saber
[17Sept2026 09:32:57.449] [Server thread/INFO] [net.minecraft.server.network.ServerGamePacketListenerImpl/]: Dev lost connection: Disconnected
[17Sept2026 09:32:57.452] [Server thread/INFO] [net.minecraft.server.MinecraftServer/]: Dev left the game
[17Sept2026 09:32:57.518] [Server thread/INFO] [net.minecraft.server.network.ServerCommonPacketListenerImpl/]: Stopping singleplayer server as player logged out
[17Sept2026 09:32:57.595] [Server thread/INFO] [net.minecraft.server.MinecraftServer/]: Stopping server
[17Sept2026 09:32:57.598] [Server thread/INFO] [net.minecraft.server.MinecraftServer/]: Saving players
[17Sept2026 09:32:57.598] [Server thread/INFO] [net.minecraft.server.MinecraftServer/]: Saving worlds
[17Sept2026 09:32:57.711] [Server thread/INFO] [net.minecraft.server.MinecraftServer/]: Saving chunks for level 'ServerLevel[test]'/minecraft:overworld
[17Sept2026 09:32:57.798] [Server thread/INFO] [net.minecraft.server.MinecraftServer/]: Saving chunks for level 'ServerLevel[test]'/minecraft:the_nether
[17Sept2026 09:32:57.816] [Server thread/INFO] [net.minecraft.server.MinecraftServer/]: Saving chunks for level 'ServerLevel[test]'/minecraft:the_end
[17Sept2026 09:32:57.923] [Server thread/DEBUG] [net.minecraftforge.common.ForgeHooks/WP]: Gathering id map for writing to world save test
[17Sept2026 09:32:57.938] [Server thread/DEBUG] [net.minecraftforge.common.ForgeHooks/WP]: ID Map collection complete test
[17Sept2026 09:32:58.020] [Server thread/INFO] [net.minecraft.server.MinecraftServer/]: ThreadedAnvilChunkStorage (test): All chunks are saved
[17Sept2026 09:32:58.021] [Server thread/INFO] [net.minecraft.server.MinecraftServer/]: ThreadedAnvilChunkStorage (DIM-1): All chunks are saved
[17Sept2026 09:32:58.021] [Server thread/INFO] [net.minecraft.server.MinecraftServer/]: ThreadedAnvilChunkStorage (DIM1): All chunks are saved
[17Sept2026 09:32:58.021] [Server thread/INFO] [net.minecraft.server.MinecraftServer/]: ThreadedAnvilChunkStorage: All dimensions are saved
[17Sept2026 09:32:58.830] [Server thread/DEBUG] [net.minecraftforge.fml.config.ConfigTracker/CONFIG]: Unloading configs type SERVER
[17Sept2026 09:32:58.863] [Render thread/INFO] [epxzzysabers/]: This line is printed by an example mod mixin from Forge!
[17Sept2026 09:32:58.863] [Render thread/INFO] [epxzzysabers/]: MC Version: release
[17Sept2026 09:32:59.341] [pool-7-thread-1/DEBUG] [net.minecraftforge.fml.config.ConfigFileTypeHandler/CONFIG]: Config file forge-server.toml changed, sending notifies
[17Sept2026 09:32:59.344] [pool-7-thread-1/DEBUG] [net.minecraftforge.common.ForgeConfig/FORGEMOD]: Forge config just got changed on the file system!
[17Sept2026 09:33:00.659] [Render thread/INFO] [net.minecraft.client.Minecraft/]: Stopping!
